Voltage,K⁺,H⁺,HCO₃⁻,CO₃²⁻,CO₂,OH⁻,CO
-1.5,3.009883606569651,4.997248965099757e-10,4.883004496619621e-10,2.7335784723437315e-14,2.5091643976501918e-11,6.915978883623813e-9,1.2415845030911128e-5
-1.4932890167170314,3.009780572865237,4.995892353424457e-10,5.460995840742152e-10,3.225532549482052e-14,3.200019749033047e-11,6.946377046909347e-9,1.3131754874481203e-5
-1.4865780334340628,3.009671937841258,4.994553962684249e-10,6.105433105819719e-10,3.805650446489155e-14,4.079991803882285e-11,6.977135784008416e-9,1.3886583938502264e-5
-1.4731560668681258,3.009436718011502,4.991941301129692e-10,7.624001715010306e-10,5.294860013821383e-14,6.62706083474852e-11,7.039805406349254e-9,1.5520959165237172e-5
-1.4597341003021886,3.0091755220982193,4.989425480766687e-10,9.50784085559948e-10,7.359338049939188e-14,1.0752569827704908e-10,7.104141257534268e-9,1.7335814311130336e-5
-1.4447654443146336,3.0088503338287733,4.986745461638402e-10,1.214386643679574e-9,1.0607865387377095e-13,1.8423318652762903e-10,7.178073618439001e-9,1.9595282394913587e-5
-1.4322915643250045,3.008549242296675,4.984620243090874e-10,1.4872094959814177e-9,1.4365598224774054e-13,2.8826805046174967e-10,7.2416407704715e-9,2.1687290274265546e-5
-1.4218966643336468,3.008275473140886,4.982928946974684e-10,1.7592833154509205e-9,1.8475300546753514e-13,4.18317164713181e-10,7.296119952359115e-9,2.3589424419921914e-5
-1.4132342476741822,3.0080302384680544,4.981578487101001e-10,2.0224238779671847e-9,2.276652910616907e-13,5.702218477790033e-10,7.342663152478588e-9,2.52932658432966e-5
-1.4060155671246282,3.0078132555865067,4.980496960829323e-10,2.270562554626277e-9,2.707895339929821e-13,7.379144183875852e-10,7.3823068006889485e-9,2.6800784561709013e-5
-1.4,3.0076232155813725,4.979628425189438e-10,2.4997043197627817e-9,3.12774446456251e-13,9.145367794188443e-10,7.415979038035422e-9,2.8121082409000838e-5
-1.3939844328753717,3.0074244117678535,4.97879201219196e-10,2.7512252505283467e-9,3.611305005736685e-13,1.1331806158171268e-9,7.450264292030716e-9,2.950223049601907e-5
-1.3879688657507434,3.007216472556943,4.977990511053957e-10,3.027233171539007e-9,4.1680035843468427e-13,1.403781703041384e-9,7.485197887584405e-9,3.094680000350687e-5
-1.3759377315014871,3.006771630927079,4.976506864612696e-10,3.662112801491849e-9,5.545492522588776e-13,2.152814448139538e-9,7.557164666140476e-9,3.40369656692037e-5
-1.3639065972522306,3.006285429062134,4.975215672980432e-10,4.425335736935249e-9,7.366338320738778e-13,3.2985222942985156e-9,7.632217696812924e-9,3.741409383714873e-5
-1.3518754630029741,3.005754358805523,4.974173521712312e-10,5.341836214856105e-9,9.768980998079407e-13,5.0493421785748196e-9,7.710746519273119e-9,4.110233396115662e-5
-1.3374203780638525,3.0050516132661254,4.973369494243805e-10,6.6878471524413054e-9,1.368314082479166e-12,8.411526426045179e-9,7.810329466354873e-9,4.5981709826508816e-5
-1.3253744739479179,3.004407263408132,4.973218008857637e-10,8.055766626827287e-9,1.8084969196258547e-12,1.2856617583719409e-8,7.89828907444705e-9,5.045414548746521e-5
-1.3153362205179724,3.0038261295383792,4.973587692302107e-10,9.399609712544369e-9,2.2786921402580486e-12,1.8295925791631493e-8,7.975500639053069e-9,5.4486242545286725e-5
-1.3069710093263511,3.00330908029929,4.974348109521311e-10,1.0683399838957506e-8,2.760069194641151e-12,2.4537020719952372e-8,8.042856752014623e-9,5.80721743527407e-5
-1.3,3.0028541707493153,4.975377056582226e-10,1.1881809670792434e-8,3.2359092149035013e-12,3.132479021907686e-8,8.101266552063805e-9,6.122573305353101e-5
-1.293028990673649,3.0023763425444585,4.976846512903151e-10,1.3210352734179638e-8,3.7914864294654925e-12,3.997699788366566e-8,8.161909121973209e-9,6.453651406941865e-5
-1.2860579813472979,3.001874552253261,4.978849680675154e-10,1.468282886475925e-8,4.439720810181599e-12,5.1001812630033226e-8,8.224943333703354e-9,6.801121560136112e-5
-1.2790869720209468,3.001347715423892,4.98149953109491e-10,1.631452410288378e-8,5.1955360540818734e-12,6.504469280753058e-8,8.290535412761665e-9,7.165667230380924e-5
-1.2721159626945957,3.000794705328201,4.984932852584489e-10,1.8122393378439853e-8,6.0761495916831516e-12,8.292507886270753e-8,8.358857653440531e-9,7.547982462310046e-5
-1.2628212835927943,3.0000146154186536,4.991020179001994e-10,2.08397945060046e-8,7.479140808460852e-12,1.1457103825615066e-7,8.454506128517328e-9,8.086588769502124e-5
-1.2512715905475413,2.9989731473415318,5.001691948409489e-10,2.477692776012181e-8,9.665791394886967e-12,1.7104967934959984e-7,8.581192611951494e-9,8.804119215882178e-5
-1.2416468463431638,2.998040256024154,5.014057100537085e-10,2.860961073946995e-8,1.1951281777982523e-11,2.3867371395494026e-7,8.693914870686995e-9,9.445002192479123e-5
-1.2336262261728492,2.9972149409421642,5.027496274228125e-10,3.2246982815163755e-8,1.4248094213318546e-11,3.148551865942996e-7,8.79312359566068e-9,0.00010010217150152011
-1.2269423760309204,2.9964922334801476,5.041403042264035e-10,3.562681930049777e-8,1.6482760900228426e-11,3.964364947785858e-7,8.87960016498273e-9,0.0001050356118590671
-1.2213725009126464,2.9958647013233106,5.055245623966877e-10,3.871245520693699e-8,1.8599678894363544e-11,4.801959922053857e-7,8.954357285369867e-9,0.00010930548504227677
-1.2167309383140847,2.9953236025141687,5.068600371691415e-10,4.1488223418875814e-8,2.0561348717770144e-11,5.632312885164146e-7,9.018536399123555e-9,0.00011297567094817859
-1.21286296948195,2.994859720900651,5.081161098894724e-10,4.3954524435056754e-8,2.2346381959592183e-11,6.431851239991707e-7,9.07332007803033e-9,0.00011611274197418704
-1.2096396621218377,2.9944639369674104,5.092731656647022e-10,4.6123209084210956e-8,2.394644957862676e-11,7.183289862127903e-7,9.119866435617944e-9,0.00011878191163086882
-1.2069535726550775,2.9941275922611807,5.103209185634941e-10,4.80136243501227e-8,2.5363002486497755e-11,7.87543214564114e-7,9.15926550894212e-9,0.00012104452892816775
-1.2047151647661107,2.993842700590867,5.112563877452106e-10,4.964944611725193e-8,2.6604258659635974e-11,8.502357763717767e-7,9.192514085729835e-9,0.0001229567024504892
-1.2028498248586383,2.9936020503823926,5.120819090602799e-10,5.105628334392377e-8,2.7682689732060092e-11,9.062345154496207e-7,9.220504399727156e-9,0.00012456870790244012
-1.2012953749357447,2.9933992330769503,5.128033930369119e-10,5.225996362784127e-8,2.8613068023594156e-11,9.556768187266291e-7,9.244022379866449e-9,0.00012592491103173632
-1.2,2.993228623802272,5.134289142912876e-10,5.3285379652213485e-8,2.941103773604195e-11,9.989105483432843e-7,9.263751944380776e-9,0.00012706400908502765
-1.1987046250642552,2.9930565528487207,5.140773315117481e-10,5.433161020101139e-8,3.023013407697565e-11,1.0440782874142063e-6,9.283598530681715e-9,0.00012821121637036966
-1.1974092501285103,2.99288300906711,5.147494396251138e-10,5.539913553098068e-8,3.107086553436436e-11,1.0912651983928706e-6,9.303559784005032e-9,0.00012936652241688894
-1.1948185002570209,2.9925314580616256,5.161680422101301e-10,5.760006216292946e-8,3.2819315896408206e-11,1.1920556407268553e-6,9.343815849493551e-9,0.00013170137324329144
-1.189637000514042,2.9918101834873525,5.19327575845093e-10,6.228020426076579e-8,3.659928239725902e-11,1.4220391651008088e-6,9.425576768943373e-9,0.00013646743772924029
-1.1792740010280842,2.9902923312972893,5.271605368122286e-10,7.28861423078476e-8,4.5420482956050425e-11,2.021309480378741e-6,9.593199572380662e-9,0.00014637704162744015
-1.1689110015421262,2.9886689191617983,5.37524565549304e-10,8.545232401667034e-8,5.619077831849926e-11,2.868058173529858e-6,9.763889599394972e-9,0.00015676389591912464
-1.1585480020561683,2.9869334762644923,5.511900336698023e-10,1.004270559945042e-7,6.926000380421897e-11,4.061145692364528e-6,9.933472591403855e-9,0.00016757604908302268
-1.1447306694082244,2.984433459883194,5.76295968561026e-10,1.251641796882871e-7,9.090488693230309e-11,6.432658231606553e-6,1.0147273544468005e-8,0.00018250665247203818
-1.1270350199720038,2.9808955989391612,6.247884660292159e-10,1.676809599972585e-7,1.269264694495242e-10,1.1499297020486458e-5,1.0369960586733079e-8,0.00020201022576579267
-1.11228864544182,2.977633030583314,6.856348492227694e-10,2.1622742302692775e-7,1.6496460145289964e-10,1.849199199347736e-5,1.0473544225289932e-8,0.00021790747577724913
-1.1,2.9746771150076534,7.565956559427763e-10,2.69307296241132e-7,2.023631465936031e-10,2.7253829476486383e-5,1.0472966557373489e-8,0.0002302600196926311
-1.0877113545581802,2.971489456670602,8.527659946014445e-10,3.3751584370286596e-7,2.444059093370348e-10,3.9807562369009034e-5,1.0369284725384977e-8,0.0002411261882473628
-1.0754227091163604,2.9680538230333657,9.829263337091629e-10,4.2497287777156187e-7,2.8981037067546297e-10,5.7516482594557486e-5,1.0143396406184456e-8,0.0002497613601393573
-1.0631340636745406,2.964352944812087,1.1591926602354585e-9,5.363055519887496e-7,3.3642008008678056e-10,8.203611296654744e-5,9.782771990131824e-9,0.0002553578692350013
-1.0508454182327207,2.9603685455983237,1.398547887292164e-9,6.763523056217773e-7,3.8123776920023413e-10,0.00011524643058856474,9.283940340102156e-9,0.0002571237588784731
-1.038104160388061,2.9559175257505728,1.739261817346314e-9,8.568411534540888e-7,4.219947490945376e-10,0.00016093471629412498,8.62850466830678e-9,0.00025420289733106945
-1.0274864455175112,2.951943844090805,2.122649526534594e-9,1.0379261574924325e-6,4.486271187326891e-10,0.00020915636120534756,7.989032728533264e-9,0.00024775043599021
-1.018638349792053,2.9484387223848842,2.5354059926864996e-9,1.211801922530198e-6,4.641629214933991e-10,0.0002570371958884696,7.4049103721964086e-9,0.00023955252563211308
-1.0112649366875046,2.9453774315101238,2.9631998839754124e-9,1.3734362238444714e-6,4.718354266013903e-10,0.00030247245878442974,6.8923727291104035e-9,0.00023085207635960403
-1.0051204257670476,2.942725531176297,3.3922794187438742e-9,1.520152785346825e-6,4.743542279224807e-10,0.0003441748908269122,6.453707740623487e-9,0.0002224109701755428
-1.0,2.9404436711151187,3.810679184090256e-9,1.650988845151867e-6,4.737258710462221e-10,0.00038153071772167245,6.083980698356515e-9,0.00021463716001516076
-0.9948795742329525,2.9380948811248313,4.2945747190895425e-9,1.7898087052339307e-6,4.706477590638592e-10,0.0004211613991462664,5.7135579269464495e-9,0.00020627636909668039
-0.989759148465905,2.93567773878949,4.855495501143111e-9,1.936814211357581e-6,4.651933052223209e-10,0.0004629467297834659,5.345283816206841e-9,0.00019741946891597517
-0.9846387226988574,2.9331908276981067,5.5073041847429955e-9,2.092240266794591e-6,4.574732598898959e-10,0.0005067380308782788,4.981877456390665e-9,0.00018816508689695305
-0.9769580840482862,2.929326549303363,6.693065401729572e-9,2.34178920228675e-6,4.4195916802163504e-10,0.0005758048134132153,4.451370218734841e-9,0.00017376531978442622
-0.9654371260724294,2.9232193150462655,9.093941248065443e-9,2.755446445748446e-6,4.109686497713566e-10,0.0006857111620708231,3.7026930049641126e-9,0.0001516981312133311
-0.9481556891086441,2.9133261439666063,1.4916564632154834e-8,3.4752922906235393e-6,3.511620397294769e-10,0.0008603544342404871,2.7193143095543545e-9,0.00011969287472113345
-0.9291050868239058,2.901337718095261,2.732002993234983e-8,4.432218474006946e-6,2.7419709566728854e-10,0.0010603172839985149,1.8568152400050453e-9,8.882147395478793e-5
-0.9132295849199572,2.890418555683796,4.7639528635769745e-8,5.384451573094301e-6,2.098606417962357e-10,0.0012310948187915789,1.3146140023424205e-9,6.784654349443545e-5
-0.9,2.8806318908864625,7.819241767571222e-8,6.303912709471445e-6,1.6173647313268112e-10,0.001376762688606084,9.719282022766077e-10,5.366612380980356e-5
-0.8867704150800428,2.870185351345506,1.3112063799364475e-7,7.357138648093098e-6,1.2151334174363848e-10,0.0015261794955610576,7.122754873895754e-10,4.215392593198825e-5
-0.8735408301600855,2.8590454523913627,2.2151026701431326e-7,8.56631110975268e-6,9.032963405911848e-11,0.001680007938153398,5.197059161534092e-10,3.2908967252122775e-5
-0.8603112452401283,2.8471782221070794,3.699182939707221e-7,9.957567526319882e-6,6.775547923831818e-11,0.001838823241686278,3.7916927682391197e-10,2.5540791874175647e-5
-0.8451979635867095,2.8326870276161014,6.386229822398746e-7,1.1807859691342512e-5,5.0635188530425426e-11,0.0020270924761051686,2.657130039657639e-10,1.8983171815712907e-5
-0.8326035622088606,2.8198139856567246,9.575691944052083e-7,1.3596183997037145e-5,4.1679222036941636e-11,0.0021902454469164036,1.9894878863748232e-10,1.4737160935320383e-5
-0.8221082277273197,2.80850941991632,1.2865165948926183e-6,1.5281549065611887e-5,3.692166844053485e-11,0.0023310662367615953,1.57386913445797e-10,1.1882662820931596e-5
-0.8133621156593691,2.79867455943094,1.594742180328326e-6,1.683659534515189e-5,3.4404772874362633e-11,0.002452108025901693,1.302469458787018e-10,9.898618121439247e-6
-0.8060736889360769,2.7901831591924364,1.8663378979179804e-6,1.8246440885110034e-5,3.312947096411199e-11,0.0025557243969925453,1.1180552835986791e-10,8.479021521586316e-6
-0.8,2.782897088093252,2.096872235513905e-6,1.9506266853026742e-5,3.255956126679652e-11,0.0026440851887941925,9.88549551515874e-11,7.437761580885207e-6
-0.7939263110639232,2.775416556987609,2.326355549687252e-6,2.08482376342555e-5,3.239171576182958e-11,0.0027343585936922946,8.778160608789152e-11,6.5106568635367445e-6
-0.7878526221278462,2.7677381710233226,2.5505479105571075e-6,2.2277207987640044e-5,3.259467786428324e-11,0.0028266188025332663,7.833177617362704e-11,5.685345302112511e-6
-0.7817789331917693,2.7598585542632192,2.765767250869239e-6,2.3798284316296202e-5,3.3146873181591627e-11,0.0029209372097318536,7.028966328118567e-11,4.950737170050833e-6
-0.7757052442556923,2.751774353523837,2.9690283169930852e-6,2.541683907018124e-5,3.403513604156975e-11,0.0030173821950446834,6.347209081726745e-11,4.296942551890243e-6
-0.7676069923409231,2.7406714323126096,3.2176730425966106e-6,2.773635809222305e-5,3.573325372956811e-11,0.003149395818065135,5.602244043576863e-11,3.5359373941716726e-6
-0.7568093231212308,2.7252791184868577,3.5045323511046897e-6,3.1139031898792806e-5,3.892238077756955e-11,0.003331725296612936,4.8539485931630803e-11,2.6902653498794475e-6
-0.744471785716187,2.706847130515622,3.766970923133864e-6,3.5504076314489176e-5,4.3940171596494746e-11,0.003549258131994104,4.279501820311107e-11,1.9212206444155644e-6
-0.7341905045453171,2.690780848498969,3.933882715561578e-6,3.957162901739141e-5,4.9364839389060155e-11,0.0037383272103721065,3.990150478551113e-11,1.4147926618008673e-6
-0.7256227702362589,2.6768903362532255,4.03957919176376e-6,4.3289049581787384e-5,5.4863124467870194e-11,0.0039014706795294637,3.8624716434978916e-11,1.073169852895312e-6
-0.718482991645377,2.6649599033029414,4.106509892793771e-6,4.663277585328578e-5,6.020733682470552e-11,0.004041397280724191,3.8271006112184955e-11,8.38212644973619e-7
-0.7125331761529754,2.6547677272958627,4.148979769728635e-6,4.960121309800805e-5,6.524599614196628e-11,0.004160814861474613,3.843260053593246e-11,6.737302562530485e-7
-0.7075749965759741,2.6460984959145892,4.176008508758751e-6,5.220816171922741e-5,6.988674971010524e-11,0.004262312074933905,3.8864946350258516e-11,5.565669025826545e-7
-0.7034431802618064,2.638750936713016,4.193260864918585e-6,5.447730238552306e-5,7.408285699568787e-11,0.004348286837397557,3.9421350481432314e-11,4.716614903986578e-7
-0.7,2.6325417643799267,4.204295541225494e-6,5.643788288727519e-5,7.782129123575118e-11,0.00442091007721897,4.001520553837472e-11,4.0909579430818555e-7
-0.6965568197381935,2.6262537129744783,4.212548239122416e-6,5.8463815005595434e-5,8.179051322091762e-11,0.004494429741099083,4.072267984033886e-11,3.534402369934365e-7
-0.693113639476387,2.619886314018559,4.218257654766693e-6,6.055707691293572e-5,8.600127378812307e-11,0.004568852960546005,4.153941040242509e-11,3.0418593184483107e-7
-0.6862272789527742,2.6069116460449457,4.222975010393431e-6,6.495377168845263e-5,9.51922531324212e-11,0.004720438089124661,4.3483723868486405e-11,2.2283558965337235e-7
-0.6793409184291613,2.5936142032318963,4.22021338261609e-6,6.964488781141314e-5,1.0548803939350622e-10,0.00487572017712267,4.581600240924917e-11,1.6101417591646772e-7
-0.6690113776437421,2.5730554598382027,4.205419397315441e-6,7.727290313650462e-5,1.2322755072068715e-10,0.005115688067682793,4.9981171875219426e-11,9.668653424349208e-8
-0.6586818368583227,2.55175216982157,4.181546918349887e-6,8.566813134760625e-5,1.4406659133459368e-10,0.0053642515286192495,5.488336599723896e-11,5.6769221570093306e-8
-0.644909115811097,2.522172897890225,4.14066931173386e-6,9.817648408844625e-5,1.774517961389689e-10,0.005709281623903659,6.249638718362181e-11,2.7185417735436785e-8
-0.6271428721935202,2.482004137059914,4.0787234853194136e-6,0.0001168059580512859,2.3191397155138624e-10,0.006177737137152213,7.411731103452155e-11,1.0203527310895525e-8
-0.6123376691788728,2.4467752104376728,4.0220723798586795e-6,0.00013476861652051046,2.893895075649961e-10,0.006588533955227616,8.54344737464885e-11,4.436729799210982e-9
-0.6,2.4161877719564298,3.972238746170563e-6,0.00015164942079285752,3.475710671080754e-10,0.006945183147211795,9.610435293586439e-11,2.2010240926581016e-9
-0.5876623308211272,2.3844765614299877,3.9203133232881e-6,0.00017046259701939155,4.169383983518559e-10,0.00731491617750666,1.0801078535598623e-10,1.0873137876562015e-9
-0.5753246616422544,2.351639455727312,3.866422367755583e-6,0.0001914083473360644,4.995395521785032e-10,0.007697757350321833,1.2127460518852072e-10,5.35560938251021e-10
-0.5629869924633816,2.317677484017737,3.810628712249241e-6,0.00021470566695131618,5.977885927388872e-10,0.00809369304824851,1.360314725873687e-10,2.6323755241219387e-10
-0.5506493232845088,2.2825949972318593,3.7529680734772747e-6,0.00024059400165263786,7.145279993487365e-10,0.008502670190730444,1.5243151576135799e-10,1.2918302161419307e-10
-0.5343449211541751,2.2345279785056342,3.6739490276504935e-6,0.00027922805252337304,9.029232597980467e-10,0.009062978380968553,1.7690733674476905e-10,5.033542064080336e-11
-0.520757919378897,2.193007822086024,3.60568632383674e-6,0.0003157116869308462,1.0957730981102287e-9,0.009546934592162153,2.000213965732795e-10,2.2919842842284733e-11
-0.5094354178994986,2.1574076225478995,3.547154754573e-6,0.00034942307551581394,1.2863698108555405e-9,0.009961859789334391,2.2137929809002924e-10,1.1889674975009058e-11
-0.5,2.1270584349638697,3.497255973431577e-6,0.00038002249579150436,1.4693618063679587e-9,0.010315562004445786,2.4076567490893967e-10,6.8775520911490934e-12
-0.49056458210050136,2.0961003355268235,3.4463557650602064e-6,0.00041308135912289845,1.677458638628364e-9,0.010676339197078867,2.6171027606191183e-10,3.9767477603403565e-12
-0.4811291642010027,2.0645455022095436,3.394474273098373e-6,0.0004487815404406507,1.914012120854056e-9,0.011044047177920149,2.8432831772134856e-10,2.2985928263401976e-12
-0.47169374630150407,2.0324075448894052,3.3416339412607135e-6,0.0004873176549589728,2.182816573007409e-9,0.011418524902911039,3.087430925163245e-10,1.3281392122553064e-12
-0.4622583284020054,1.9997015223777246,3.2878595656385566e-6,0.0005288979797543784,2.48816793942615e-9,0.01179959426435232,3.3508655147176805e-10,7.67147905323253e-13
-0.44967777120267394,1.9552386014198666,3.214754771143582e-6,0.0005894614234011131,2.960653704816639e-9,0.012317600292666934,3.734568834553064e-10,3.688434123251151e-13
-0.4336861190718579,1.8973734209223891,3.11961429629789e-6,0.0006757396244736879,3.6889016935573777e-9,0.01299165953807447,4.2811895946706923e-10,1.4528795263908686e-13
-0.42035974229617784,1.8480675794036407,3.0385468611743743e-6,0.0007564568468693881,4.427124353492743e-9,0.013565928842672497,4.792578460657882e-10,6.679957969271108e-14
-0.4092544283164445,1.8062751004323625,2.9698327064578524e-6,0.0008304890034134006,5.1512578515663935e-9,0.014052623873404573,5.261613693128048e-10,3.4944265259522284e-14
-0.4,1.770989776269623,2.9118174528897395e-6,0.0008972904761013004,5.842462959421176e-9,0.014463489599557061,5.684838490748757e-10,2.0358918751753788e-14
-0.39074557168355556,1.735314128943748,2.8531604391989446e-6,0.0009690888589639123,6.62461673192106e-9,0.01487885061129827,6.139721518451968e-10,1.1858392130419991e-14
-0.3814911433671111,1.6992741587970321,2.793904414708053e-6,0.0010462403744603672,7.509653416616655e-9,0.01529839942799202,6.628519644862265e-10,6.905468386652742e-15
-0.37223671505066663,1.6628971400944335,2.734094223201375e-6,0.0011291270861515782,8.511105083045687e-9,0.01572181340569811,7.153653456663921e-10,4.020320855896885e-15
-0.36298228673422217,1.626211588668298,2.6737767497658672e-6,0.0012181590095041905,9.64432537477759e-9,0.016148755090008824,7.717720631658118e-10,2.34009030717598e-15
-0.3506430489789629,1.5768691161588073,2.5926490806550645e-6,0.0013471931148686174,1.1390724960416826e-8,0.01672288805339839,8.535224068351013e-10,1.1368947347659818e-15
-0.3341907319719506,1.5104360992419177,2.4834215623934924e-6,0.0015394354753095318,1.4216590844814458e-8,0.01749566502579335,9.753187256676955e-10,4.339788227306338e-16
-0.3155412418054321,1.434457442334861,2.358499339652484e-6,0.0017888152132341842,1.827295534446131e-8,0.01837913659310531,1.1333147781718583e-9,1.4556755706830099e-16
-0.3,1.3707908870765277,2.2538203689851824e-6,0.0020256643548064637,2.2525271379710277e-8,0.01911911911032554,1.2833719950096815e-9,5.854837762213606e-17
-0.2844587581945679,1.3069878700452957,2.1489170312538273e-6,0.0022924766208340117,2.7773205130405135e-8,0.01986034404901388,1.4524125319226701e-9,2.353946199133451e-17
-0.2689175163891358,1.2432257440556658,2.0440809255578637e-6,0.0025930852739442104,3.425741653011144e-8,0.0206006976564615,1.642864975804663e-9,9.460940288324865e-18
-0.2533762745837037,1.1796865229923146,1.939611314611349e-6,0.002931864965472112,4.228020108634483e-8,0.021338005486408886,1.857500913664823e-9,3.801491167744281e-18
-0.23619404610370373,1.109921204056703,1.8249049080046042e-6,0.003356899334853709,5.3403019095577234e-8,0.022146941815973556,2.126784028256594e-9,1.3869393400209934e-18
-0.2218755223703704,1.05234754013367,1.7302437181102866e-6,0.003757026727299633,6.49368531963775e-8,0.02281393863042236,2.3802871758447162e-9,5.985299777238216e-19
-0.20994341925925927,1.0048748750971037,1.6521903399923809e-6,0.004126340630575679,7.648847951592222e-8,0.023363454817842806,2.6142682496128974e-9,2.9711209844014243e-19
-0.2,0.9657308445569915,1.5878306960910158e-6,0.004461613498696469,8.77231613271694e-8,0.02381620476269632,2.826682418135401e-9,1.6574627081338334e-19
-0.19005658074074075,0.927017453187535,1.5241790984303678e-6,0.004824206981681246,1.0066983370280475e-7,0.024263612045200212,3.0564057286783585e-9,9.24636284836086e-20
-0.1801131614814815,0.8887828731904865,1.461314750549578e-6,0.005216509808062681,1.156049981631606e-7,0.024705086809087326,3.3049515747587238e-9,5.1583399276011934e-20
-0.17016974222222223,0.8510745547551342,1.3993156688726398e-6,0.005641147135375945,1.328531160678137e-7,0.02514004486244022,3.573983140928959e-9,2.8778560871501424e-20
-0.15525461333333335,0.7956003365171617,1.3081063354891884e-6,0.006345126013725214,1.6391447445234177e-7,0.025779004147876792,4.0199932488752686e-9,1.199398766685009e-20
-0.13746773333333334,0.7313411086721018,1.2024529072544346e-6,0.007303775953046722,2.1113759882765002e-7,0.026517479738952177,4.627351759292746e-9,4.224697295063677e-21
-0.12264533333333334,0.6795339746952492,1.117272902837485e-6,0.008216558428570052,2.6135676241533796e-7,0.027111221986014355,5.205650658535835e-9,1.7712915454576024e-21
-0.11029333333333334,0.6376742569058481,1.0484481933334356e-6,0.009067675496098701,3.1278716188754543e-7,0.02758963523977883,5.7448810627968584e-9,8.586504211125783e-22
-0.1,0.6037584637812129,9.9268468768476e-7,0.009847304714185294,3.6378840832752255e-7,0.027976207208562677,6.238819904445473e-9,4.69727603658193e-22
-0.08970666666666667,0.5707633020139226,9.384348612741559e-7,0.01069769457501728,4.236543577907967e-7,0.028351213314190445,6.777589582472603e-9,2.5702034807314186e-22
-0.07941333333333334,0.5387245177684411,8.857574870584379e-7,0.011625944280405172,4.940414555315863e-7,0.028714153695534317,7.365687839442954e-9,1.4066580291722893e-22
-0.06912,0.5076748332648497,8.347063661000231e-7,0.012639929431537366,5.76937228357477e-7,0.029064554707884643,8.008104310478312e-9,7.700455060715428e-23
-0.053680000000000005,0.46301844142321863,7.612834345011364e-7,0.014341028913925897,7.300888738154308e-7,0.02956567724600855,9.085846252888559e-9,3.1204869311081197e-23
-0.0364,0.41586104907504173,6.837484199160343e-7,0.016538812069604437,9.540843089563304e-7,0.030090181690632895,1.0478265162963211e-8,1.1363225125634531e-23
-0.022,0.37890262181939993,6.229822907129332e-7,0.018645874945123986,1.1965056475655854e-6,0.03049676128466643,1.1813207686756074e-8,4.8997295010853836e-24
-0.01,0.3497574011747251,5.750624419840821e-7,0.020621693708843477,1.4484631427805765e-6,0.030813721585001338,1.3064999703805598e-8,2.4317592048851957e-24
