BoundaryLayerThickness,Voltage,Value
1.0e8,-0.0020000000000000018,1.612722790472041e-15
1.0e8,-0.0044000000000000705,-2.1877003834666902e-16
1.0e8,-0.007280000000000064,3.9547367941157215e-15
1.0e8,-0.010735999999999968,3.87159973524651e-15
1.0e8,-0.014883199999999874,4.7190058091809716e-15
1.0e8,-0.019859840000000184,-1.2948258127303515e-15
1.0e8,-0.025831808000000178,6.168231654391527e-16
1.0e8,-0.03299816960000013,-2.7486172362627164e-15
1.0e8,-0.041597803519999865,-1.2655388432306091e-15
1.0e8,-0.05191736422399984,-4.200437294160601e-15
1.0e8,-0.06430083706880008,-5.285159297068171e-15
1.0e8,-0.07916100448255992,2.4595534225199614e-16
1.0e8,-0.09699320537907208,2.845985471769156e-16
1.0e8,-0.1169932053790721,-3.561215586064884e-15
1.0e8,-0.136993205379072,-4.807153896040727e-15
1.0e8,-0.1569932053790719,9.79629635995265e-16
1.0e8,-0.17699320537907182,1.6816853041364651e-15
1.0e8,-0.19699320537907217,4.488168101345673e-15
1.0e8,-0.21699320537907196,5.875118121190619e-15
1.0e8,-0.23699320537907198,5.713547150238906e-15
1.0e8,-0.256993205379072,4.157126885895462e-15
1.0e8,-0.2769932053790718,-1.2732709137988568e-14
1.0e8,-0.29699320537907203,-3.672889445858255e-14
1.0e8,-0.31699320537907205,-1.3066069455647272e-13
1.0e8,-0.33699320537907207,-4.574912739725234e-13
1.0e8,-0.3569932053790723,-1.5632725499375684e-12
1.0e8,-0.3769932053790721,-5.3348691631449264e-12
1.0e8,-0.3969932053790721,-1.823471496374981e-11
1.0e8,-0.4169932053790717,-6.237771331503598e-11
1.0e8,-0.43699320537907194,-2.1359843809275562e-10
1.0e8,-0.4569932053790724,-7.321929098131598e-10
1.0e8,-0.47699320537907264,-2.5121876463012332e-9
1.0e8,-0.4969932053790722,-8.626148658489273e-9
1.0e8,-0.5169932053790725,-2.9637304530192637e-8
1.0e8,-0.536993205379072,-1.0185433990945947e-7
1.0e8,-0.5569932053790723,-3.499378916432776e-7
1.0e8,-0.5769932053790725,-1.2005769727665486e-6
1.0e8,-0.5969932053790721,-4.1040327360382945e-6
1.0e8,-0.6169932053790725,-1.3915953092756283e-5
1.0e8,-0.6369932053790721,-4.639495784430698e-5
1.0e8,-0.6569932053790724,-0.00014960106597855944
1.0e8,-0.6769932053790726,-0.00045396833381882546
1.0e8,-0.6969932053790728,-0.0012508732647971126
1.0e8,-0.7169932053790724,-0.003041800918943547
1.0e8,-0.736993205379072,-0.006521657480567722
1.0e8,-0.7569932053790722,-0.012657555159220511
1.0e8,-0.7769932053790727,-0.023013296427082344
1.0e8,-0.7969932053790729,-0.04027242549302573
1.0e8,-0.8169932053790725,-0.06898091375605125
1.0e8,-0.8369932053790721,-0.11670139347452586
1.0e8,-0.8569932053790723,-0.1959069290538369
1.0e8,-0.8769932053790725,-0.327094763010616
1.0e8,-0.8969932053790721,-0.5434344127535776
1.0e8,-0.9169932053790717,-0.8963769630392172
1.0e8,-0.9369932053790719,-1.4599255393017507
1.0e8,-0.9569932053790724,-2.3274775150766565
1.0e8,-0.976993205379072,-3.5895869530501727
1.0e8,-0.9969932053790715,-5.280436121746075
1.0e8,-1.0169932053790718,-7.2979390675024
1.0e8,-1.036993205379072,-9.341553759765203
1.0e8,-1.0569932053790716,-10.951567019022711
1.0e8,-1.0769932053790712,-11.719576414000862
1.0e8,-1.0969932053790714,-11.584349206987255
1.0e8,-1.1169932053790717,-10.895079843785451
1.0e8,-1.1369932053790712,-10.098687302112392
1.0e8,-1.1569932053790708,-9.441637788144886
1.0e8,-1.1769932053790713,-8.970285477166945
1.0e8,-1.1969932053790715,-8.650295639006004
1.0e8,-1.183006794620929,-8.234471058189154
1.0e8,-1.1630067946209295,-7.898587952623302
1.0e8,-1.143006794620929,-7.556083366159169
1.0e8,-1.1230067946209288,-7.1303285734753405
1.0e8,-1.1030067946209292,-6.572613226163728
1.0e8,-1.0830067946209296,-5.862062947707955
1.0e8,-1.0630067946209294,-5.017318584407491
1.0e8,-1.0430067946209292,-4.097151561351118
1.0e8,-1.0230067946209296,-3.182954648073629
1.0e8,-1.00300679462093,-2.3515332450108724
1.0e8,-0.9830067946209297,-1.653736827389545
1.0e8,-0.9630067946209294,-1.1080462288917872
1.0e8,-0.9430067946209297,-0.7070060466281228
1.0e8,-0.9230067946209302,-0.42858375489963135
1.0e8,-0.9030067946209299,-0.24592172021926398
1.0e8,-0.8830067946209297,-0.13315477589194155
1.0e8,-0.8630067946209301,-0.06804728005477623
1.0e8,-0.8430067946209305,-0.03301769957127605
1.0e8,-0.8230067946209303,-0.015403820503296485
1.0e8,-0.8030067946209299,-0.00704049076900626
1.0e8,-0.7830067946209304,-0.0032331597799797815
1.0e8,-0.7630067946209308,-0.001547173567563391
1.0e8,-0.7430067946209304,-0.0008238346172753813
1.0e8,-0.7230067946209302,-0.0005700925198674618
1.0e8,-0.7030067946209306,-0.0006234504150222042
1.0e8,-0.6830067946209311,-0.00042195789842055896
1.0e8,-0.6630067946209308,-0.00016009526492655185
1.0e8,-0.6430067946209305,-5.251210008853396e-5
1.0e8,-0.6230067946209309,-1.6414711408271115e-5
1.0e8,-0.6030067946209313,-5.002926616278861e-6
1.0e8,-0.5830067946209311,-1.4990161483731196e-6
1.0e8,-0.5630067946209307,-4.403429372847537e-7
1.0e8,-0.5430067946209312,-1.23018451096748e-7
1.0e8,-0.5230067946209316,-2.780467335588098e-8
1.0e8,-0.5030067946209313,1.4298297953798606e-9
1.0e8,-0.4830067946209311,1.126642914157214e-8
1.0e8,-0.4630067946209315,1.5547662679514457e-8
1.0e8,-0.44300679462093195,1.839308585332081e-8
1.0e8,-0.4230067946209316,2.1049460568460176e-8
1.0e8,-0.40300679462093136,2.39213455340306e-8
1.0e8,-0.3830067946209318,2.717193200029836e-8
1.0e8,-0.3630067946209322,3.090154666050722e-8
1.0e8,-0.34300679462093187,3.52019333866959e-8
1.0e8,-0.3230067946209316,4.017426216392811e-8
1.0e8,-0.30300679462093205,4.5937017009195236e-8
1.0e8,-0.2830067946209325,5.2631529520102876e-8
1.0e8,-0.26300679462093224,6.042758166065012e-8
1.0e8,-0.2430067946209319,6.953004648474632e-8
1.0e8,-0.2230067946209323,8.018701066810142e-8
1.0e8,-0.20300679462093274,9.270000683913435e-8
1.0e8,-0.1830067946209324,1.074368276017304e-7
1.0e8,-0.16300679462093215,1.248475540081661e-7
1.0e8,-0.14300679462093258,1.454848749653687e-7
1.0e8,-0.123006794620933,1.7002949395099688e-7
1.0e8,-0.10300679462093276,1.9932203487372609e-7
1.0e8,-0.08300679462093252,2.3440294954005808e-7
1.0e8,-0.06300679462093295,2.7656205125432314e-7
1.0e8,-0.043006794620933375,3.2739926410433303e-7
1.0e8,-0.023006794620933135,3.888981859191496e-7
1.0e8,-0.0030067946209326735,4.635129672966657e-7
1.0e8,0.0169932053790669,5.542675849525048e-7
1.0e8,0.036993205379066474,6.648629962204154e-7
1.0e8,0.056993205379066714,7.99782447841042e-7
1.0e8,0.07699320537906695,9.643750923617018e-7
1.0e8,0.09699320537906653,1.1648829643199829e-6
1.0e8,0.1169932053790661,1.408351473351331e-6
1.0e8,0.13699320537906634,1.7023253177798194e-6
1.0e8,0.1569932053790668,2.0541741083437915e-6
1.0e8,0.17699320537906638,2.469811490610605e-6
1.0e8,0.19699320537906595,2.9514766851680933e-6
1.0e8,0.2169932053790662,3.4941831341476365e-6
1.0e8,0.23699320537906643,4.080538829172306e-6
1.0e8,0.256993205379066,4.674194761913187e-6
1.0e8,0.2769932053790656,5.2136384887531734e-6
1.0e8,0.2969932053790658,5.610732695056745e-6
1.0e8,0.31699320537906606,5.761414054130495e-6
1.0e8,0.33699320537906563,5.575496478534489e-6
1.0e8,0.3569932053790652,5.022254768359821e-6
1.0e8,0.37699320537906567,4.1679343322480874e-6
1.0e8,0.3969932053790659,3.169192186371328e-6
1.0e8,0.4169932053790655,2.2108497176011608e-6
1.0e8,0.43699320537906505,1.427384537708516e-6
1.0e8,0.4569932053790653,8.652343963048341e-7
1.0e8,0.47699320537906553,5.006209216587941e-7
1.0e8,0.4969932053790651,2.8068056792498474e-7
1.0e8,0.5169932053790647,1.5426169561420375e-7
1.0e8,0.5369932053790649,8.375639259612399e-8
1.0e8,0.5569932053790654,4.514136148847107e-8
1.0e8,0.576993205379065,2.4219342155292956e-8
1.0e8,0.5969932053790645,1.2957103936967198e-8
1.0e8,0.6169932053790648,6.919061417685829e-9
1.0e8,0.636993205379065,3.6901878685440797e-9
1.0e8,0.6569932053790646,1.9664585241705444e-9
1.0e8,0.6769932053790642,1.0472886106391323e-9
1.0e8,0.6969932053790644,5.5754190305919e-10
1.0e8,0.7169932053790646,2.96726672447007e-10
1.0e8,0.7369932053790642,1.5789117915893942e-10
1.0e8,0.7569932053790638,8.399792805044441e-11
1.0e8,0.7769932053790642,4.4687328514202674e-11
1.0e8,0.7969932053790645,2.3773327469697525e-11
1.0e8,0.7830067946209361,1.2634328574374651e-11
1.0e8,0.7630067946209359,6.722219386245979e-12
1.0e8,0.7430067946209356,3.574953615934142e-12
1.0e8,0.7230067946209353,1.898985498320219e-12
1.0e8,0.7030067946209351,1.0164546286381954e-12
1.0e8,0.6830067946209347,5.328850253902891e-13
1.0e8,0.6630067946209345,2.901911388930384e-13
1.0e8,0.6430067946209341,1.5314915217944103e-13
1.0e8,0.6230067946209339,7.663416482537969e-14
1.0e8,0.6030067946209337,4.004075717430428e-14
1.0e8,0.5830067946209333,1.5633151190209532e-14
1.0e8,0.5630067946209331,1.2927511329178138e-14
1.0e8,0.5430067946209327,3.796629500864258e-15
1.0e8,0.5230067946209325,2.695160703499772e-15
1.0e8,0.5030067946209322,3.622466381553427e-15
1.0e8,0.4830067946209319,8.274005187303503e-16
1.0e8,0.4630067946209316,7.138576896186493e-16
1.0e8,0.4430067946209313,6.160862719298303e-15
1.0e8,0.42300679462093105,-2.6224430918775184e-16
1.0e8,0.40300679462093075,-7.184998845754426e-15
1.0e8,0.3830067946209312,-8.01698050418253e-15
1.0e8,0.36300679462092944,2.371771348128347e-15
1.0e8,0.3430067946209306,-1.757034676761044e-17
1.0e8,0.3230067946209289,-1.9380994346670563e-15
1.0e8,0.30300679462093005,3.683160496738976e-15
1.0e8,0.28300679462092837,3.978767713978194e-17
1.0e8,0.26300679462092946,-2.0253266490254057e-15
1.0e8,0.24300679462092778,-3.4511225786158223e-15
1.0e8,0.22300679462092887,-1.8899515766328513e-15
1.0e8,0.2030067946209272,5.327262896978699e-15
1.0e8,0.18300679462092828,2.204194614767991e-15
1.0e8,0.1630067946209266,-3.927591036230926e-15
1.0e8,0.1430067946209277,3.685666555737399e-15
1.0e8,0.12300679462092601,-2.4871518208208988e-15
1.0e8,0.10300679462092721,2.1282526469821607e-15
1.0e8,0.08300679462092542,-4.917825531761718e-15
1.0e8,0.06300679462092662,1.469891394451215e-15
1.0e8,0.047255095965694216,-1.4431221549514104e-16
1.0e8,0.03150339731046192,7.871645721295375e-16
1.0e8,0.01575169865523096,6.302885145564688e-15
1.0e8,0.0,-1.7176741296519138e-15
2.0e8,-0.0020000000000000018,6.3486844587315145e-15
2.0e8,-0.0044000000000000705,6.420714367316982e-15
2.0e8,-0.007280000000000064,3.35167267338558e-15
2.0e8,-0.010735999999999968,-2.909428267527878e-15
2.0e8,-0.014883199999999874,-2.8991712010182297e-16
2.0e8,-0.019859840000000184,8.377330290389175e-16
2.0e8,-0.025831808000000178,-8.405740222465022e-15
2.0e8,-0.03299816960000013,1.218164022769153e-15
2.0e8,-0.041597803519999865,3.6468481371553116e-15
2.0e8,-0.05191736422399984,2.264672566377436e-15
2.0e8,-0.06430083706880008,-6.972600185794064e-15
2.0e8,-0.07916100448255992,1.3900588413685938e-15
2.0e8,-0.09699320537907208,-6.172254415085051e-15
2.0e8,-0.1169932053790721,9.004165229666276e-15
2.0e8,-0.136993205379072,-2.7756558772047126e-15
2.0e8,-0.1569932053790719,-3.901456991038766e-15
2.0e8,-0.17699320537907182,-4.3603960049192754e-15
2.0e8,-0.19699320537907217,5.913184878038889e-15
2.0e8,-0.21699320537907196,-4.507508252517425e-15
2.0e8,-0.23699320537907198,5.455730344966363e-15
2.0e8,-0.256993205379072,5.892876023329131e-15
2.0e8,-0.2769932053790718,-1.3138749556195345e-14
2.0e8,-0.29699320537907203,-5.188893622805902e-14
2.0e8,-0.31699320537907205,-1.3409147934896518e-13
2.0e8,-0.33699320537907207,-4.4876640263336766e-13
2.0e8,-0.3569932053790723,-1.5703340834769828e-12
2.0e8,-0.3769932053790721,-5.337963996362737e-12
2.0e8,-0.3969932053790721,-1.822993157950413e-11
2.0e8,-0.4169932053790717,-6.238679409663467e-11
2.0e8,-0.43699320537907194,-2.1359568926028937e-10
2.0e8,-0.4569932053790724,-7.322269953012233e-10
2.0e8,-0.47699320537907264,-2.5123216540381067e-9
2.0e8,-0.4969932053790722,-8.62670047871184e-9
2.0e8,-0.5169932053790725,-2.9639371726297623e-8
2.0e8,-0.536993205379072,-1.018621215688289e-7
2.0e8,-0.5569932053790723,-3.4996694652880763e-7
2.0e8,-0.5769932053790725,-1.2006845427370271e-6
2.0e8,-0.5969932053790721,-4.104426180240662e-6
2.0e8,-0.6169932053790725,-1.3917360633832756e-5
2.0e8,-0.6369932053790721,-4.6399773261082255e-5
2.0e8,-0.6569932053790724,-0.00014961602573172397
2.0e8,-0.6769932053790726,-0.00045400566608704614
2.0e8,-0.6969932053790728,-0.001250923269932352
2.0e8,-0.7169932053790724,-0.0030416944445120116
2.0e8,-0.736993205379072,-0.006520689638146979
2.0e8,-0.7569932053790722,-0.012653542172753949
2.0e8,-0.7769932053790727,-0.022999899204693447
2.0e8,-0.7969932053790729,-0.04023146098311317
2.0e8,-0.8169932053790725,-0.06886079926761128
2.0e8,-0.8369932053790721,-0.11635759139905755
2.0e8,-0.8569932053790723,-0.19493872228795578
2.0e8,-0.8769932053790725,-0.3244033298903988
2.0e8,-0.8969932053790721,-0.536071547448805
2.0e8,-0.9169932053790717,-0.8767660545005116
2.0e8,-0.9369932053790719,-1.4099498300833213
2.0e8,-0.9569932053790724,-2.2084198714468406
2.0e8,-0.976993205379072,-3.3316294918201756
2.0e8,-0.9969932053790715,-4.786604045439613
2.0e8,-1.0169932053790718,-6.485140016414225
2.0e8,-1.036993205379072,-8.219114400156135
2.0e8,-1.0569932053790716,-9.672660551129484
2.0e8,-1.0769932053790712,-10.49238983603271
2.0e8,-1.0969932053790714,-10.446091302966279
2.0e8,-1.1169932053790717,-9.62497725020998
2.0e8,-1.1369932053790712,-8.441676887012248
2.0e8,-1.1569932053790708,-7.304611185523029
2.0e8,-1.1769932053790713,-6.382329087201396
2.0e8,-1.1969932053790715,-5.673820307047131
2.0e8,-1.183006794620929,-5.003511937140349
2.0e8,-1.1630067946209295,-4.4860603225142155
2.0e8,-1.143006794620929,-4.04482428258981
2.0e8,-1.1230067946209288,-3.6259539038108937
2.0e8,-1.1030067946209292,-3.1983069793502437
2.0e8,-1.0830067946209296,-2.746641588062257
2.0e8,-1.0630067946209294,-2.2745911519814648
2.0e8,-1.0430067946209292,-1.8036425495329749
2.0e8,-1.0230067946209296,-1.364244846356233
2.0e8,-1.00300679462093,-0.9832142414526968
2.0e8,-0.9830067946209297,-0.6750286874665822
2.0e8,-0.9630067946209294,-0.44068314879773846
2.0e8,-0.9430067946209297,-0.27199436971025986
2.0e8,-0.9230067946209302,-0.15702288912643056
2.0e8,-0.9030067946209299,-0.08363197643360809
2.0e8,-0.8830067946209297,-0.040651765562052196
2.0e8,-0.8630067946209301,-0.01801890038895097
2.0e8,-0.8430067946209305,-0.007367758351958866
2.0e8,-0.8230067946209303,-0.0028324132944849644
2.0e8,-0.8030067946209299,-0.001043154563737278
2.0e8,-0.7830067946209304,-0.0003726895169135223
2.0e8,-0.7630067946209308,-0.00012914110673959016
2.0e8,-0.7430067946209304,-4.200326703106979e-5
2.0e8,-0.7230067946209302,-1.0817348323639138e-5
2.0e8,-0.7030067946209306,6.18837445360073e-7
2.0e8,-0.6830067946209311,5.128571355208751e-6
2.0e8,-0.6630067946209308,7.202046962861027e-6
2.0e8,-0.6430067946209305,8.384808094374388e-6
2.0e8,-0.6230067946209309,9.177412965946824e-6
2.0e8,-0.6030067946209313,9.697749310066281e-6
2.0e8,-0.5830067946209311,9.908852764191087e-6
2.0e8,-0.5630067946209307,9.69649862030139e-6
2.0e8,-0.5430067946209312,8.90376275063769e-6
2.0e8,-0.5230067946209316,7.382658338657417e-6
2.0e8,-0.5030067946209313,5.1837157138370225e-6
2.0e8,-0.4830067946209311,3.096483012590669e-6
2.0e8,-0.4630067946209315,2.2655230350962343e-6
2.0e8,-0.44300679462093195,2.385478956744927e-6
2.0e8,-0.4230067946209316,2.902199473089647e-6
2.0e8,-0.40300679462093136,3.6521862067288703e-6
2.0e8,-0.3830067946209318,4.637893525334374e-6
2.0e8,-0.3630067946209322,5.916722891548465e-6
2.0e8,-0.34300679462093187,7.5764215636212194e-6
2.0e8,-0.3230067946209316,9.735777426563283e-6
2.0e8,-0.30300679462093205,1.2553283192254288e-5
2.0e8,-0.2830067946209325,1.6240542440109256e-5
2.0e8,-0.26300679462093224,2.1080890077441216e-5
2.0e8,-0.2430067946209319,2.7454959428285186e-5
2.0e8,-0.2230067946209323,3.587583338610265e-5
2.0e8,-0.20300679462093274,4.703751156186547e-5
2.0e8,-0.1830067946209324,6.188193103543457e-5
2.0e8,-0.16300679462093215,8.16918738115483e-5
2.0e8,-0.14300679462093258,0.00010822000445118823
2.0e8,-0.123006794620933,0.0001438682726352363
2.0e8,-0.10300679462093276,0.00019193728493564766
2.0e8,-0.08300679462093252,0.00025697225176138047
2.0e8,-0.06300679462093295,0.00034524077522935914
2.0e8,-0.043006794620933375,0.00046538746176020206
2.0e8,-0.023006794620933135,0.000629319107544578
2.0e8,-0.0030067946209326735,0.0008533771510436122
2.0e8,0.0169932053790669,0.0011598411739007345
2.0e8,0.036993205379066474,0.0015787601521574887
2.0e8,0.056993205379066714,0.0021499979380032994
2.0e8,0.07699320537906695,0.0029251696659188457
2.0e8,0.09699320537906653,0.00396881238605941
2.0e8,0.1169932053790661,0.005357717139151407
2.0e8,0.13699320537906634,0.0071770452514108634
2.0e8,0.1569932053790668,0.009512070515829382
2.0e8,0.17699320537906638,0.012435621691825282
2.0e8,0.19699320537906595,0.015993589876901405
2.0e8,0.2169932053790662,0.020193148540132422
2.0e8,0.23699320537906643,0.024998636636813093
2.0e8,0.256993205379066,0.030337207202839347
2.0e8,0.2769932053790656,0.036111673694292586
2.0e8,0.2969932053790658,0.04221447123967628
2.0e8,0.31699320537906606,0.04853612040369823
2.0e8,0.33699320537906563,0.05496344557043961
2.0e8,0.3569932053790652,0.061365405934789355
2.0e8,0.37699320537906567,0.06756674491644839
2.0e8,0.3969932053790659,0.07331181889815735
2.0e8,0.4169932053790655,0.07822380276330587
2.0e8,0.43699320537906505,0.08176986911096348
2.0e8,0.4569932053790653,0.08325458504087929
2.0e8,0.47699320537906553,0.08188716924602293
2.0e8,0.4969932053790651,0.0770038533811959
2.0e8,0.5169932053790647,0.0685328948722381
2.0e8,0.5369932053790649,0.05757767188150196
2.0e8,0.5569932053790654,0.04633752100962077
2.0e8,0.576993205379065,0.03669584184421375
2.0e8,0.5969932053790645,0.029143918448023005
2.0e8,0.6169932053790648,0.0233341583405257
2.0e8,0.636993205379065,0.018816608173582088
2.0e8,0.6569932053790646,0.015252567672244227
2.0e8,0.6769932053790642,0.012407781038767884
2.0e8,0.6969932053790644,0.010118035638477938
2.0e8,0.7169932053790646,0.00826435332361315
2.0e8,0.7369932053790642,0.006757709580931758
2.0e8,0.7569932053790638,0.005529889287719504
2.0e8,0.7769932053790642,0.004527466120421468
2.0e8,0.7969932053790645,0.003708037384576474
2.0e8,0.7830067946209361,0.003036263609193767
2.0e8,0.7630067946209359,0.0024869722342953956
2.0e8,0.7430067946209356,0.0020373739091146415
2.0e8,0.7230067946209353,0.0016690975696929827
2.0e8,0.7030067946209351,0.001367307305086411
2.0e8,0.6830067946209347,0.0011199504168057251
2.0e8,0.6630067946209345,0.0009171544265329716
2.0e8,0.6430067946209341,0.00075084641713228
2.0e8,0.6230067946209339,0.0006144162646445799
2.0e8,0.6030067946209337,0.0005024481533221409
2.0e8,0.5830067946209333,0.0004105029883075302
2.0e8,0.5630067946209331,0.0003349415018194547
2.0e8,0.5430067946209327,0.00027278046581498985
2.0e8,0.5230067946209325,0.00022157618170168416
2.0e8,0.5030067946209322,0.00017933069400895255
2.0e8,0.4830067946209319,0.0001444170202369065
2.0e8,0.4630067946209316,0.0001155199954963942
2.0e8,0.4430067946209313,9.158894288742296e-5
2.0e8,0.42300679462093105,7.17973708175477e-5
2.0e8,0.40300679462093075,5.5504061164497386e-5
2.0e8,0.3830067946209312,4.2210927300080944e-5
2.0e8,0.36300679462092944,3.151728508534403e-5
2.0e8,0.3430067946209306,2.3076354807649746e-5
2.0e8,0.3230067946209289,1.656330225788621e-5
2.0e8,0.30300679462093005,1.1661184841410297e-5
2.0e8,0.28300679462092837,8.063614357358982e-6
2.0e8,0.26300679462092946,5.486652313587029e-6
2.0e8,0.24300679462092778,3.681306259976145e-6
2.0e8,0.22300679462092887,2.4411034808528073e-6
2.0e8,0.2030067946209272,1.603327354075772e-6
2.0e8,0.18300679462092828,1.0452590626865707e-6
2.0e8,0.1630067946209266,6.776961846088153e-7
2.0e8,0.1430067946209277,4.3773991983035537e-7
2.0e8,0.12300679462092601,2.821227155154367e-7
2.0e8,0.10300679462092721,1.8166808108561223e-7
2.0e8,0.08300679462092542,1.1700989885974816e-7
2.0e8,0.06300679462092662,7.545093102258434e-8
2.0e8,0.047255095965694216,5.346412411939841e-8
2.0e8,0.03150339731046192,3.793731265332686e-8
2.0e8,0.01575169865523096,2.6963334396009034e-8
2.0e8,0.0,1.919795742900935e-8
4.0e8,-0.0020000000000000018,8.355495501872666e-15
4.0e8,-0.0044000000000000705,3.714159675034965e-15
4.0e8,-0.007280000000000064,3.856238133811831e-15
4.0e8,-0.010735999999999968,-1.328741114935369e-14
4.0e8,-0.014883199999999874,2.8918932136189506e-15
4.0e8,-0.019859840000000184,5.091644943241234e-15
4.0e8,-0.025831808000000178,2.230341573103645e-15
4.0e8,-0.03299816960000013,1.57287706558578e-14
4.0e8,-0.041597803519999865,6.130378370841808e-15
4.0e8,-0.05191736422399984,-9.156403146078771e-15
4.0e8,-0.06430083706880008,-9.758056116584455e-15
4.0e8,-0.07916100448255992,1.822050740077044e-14
4.0e8,-0.09699320537907208,-1.4634473292798649e-15
4.0e8,-0.1169932053790721,1.215279092406712e-14
4.0e8,-0.136993205379072,6.128613171852823e-15
4.0e8,-0.1569932053790719,4.149394716203073e-15
4.0e8,-0.17699320537907182,-6.35755742399106e-15
4.0e8,-0.19699320537907217,5.205379839671607e-16
4.0e8,-0.21699320537907196,-1.4404222556158501e-15
4.0e8,-0.23699320537907198,3.841104067006665e-15
4.0e8,-0.256993205379072,-7.72140321599186e-15
4.0e8,-0.2769932053790718,-1.2363966300082376e-14
4.0e8,-0.29699320537907203,-3.46983556657525e-14
4.0e8,-0.31699320537907205,-1.4235435641720104e-13
4.0e8,-0.33699320537907207,-4.582185747931148e-13
4.0e8,-0.3569932053790723,-1.5647946400867748e-12
4.0e8,-0.3769932053790721,-5.344609443299981e-12
4.0e8,-0.3969932053790721,-1.8233851025848613e-11
4.0e8,-0.4169932053790717,-6.238085042702541e-11
4.0e8,-0.43699320537907194,-2.13621734744928e-10
4.0e8,-0.4569932053790724,-7.323244528589658e-10
4.0e8,-0.47699320537907264,-2.5126370328472205e-9
4.0e8,-0.4969932053790722,-8.627845256869648e-9
4.0e8,-0.5169932053790725,-2.9643719887004714e-8
4.0e8,-0.536993205379072,-1.0187840320905974e-7
4.0e8,-0.5569932053790723,-3.5002756459620624e-7
4.0e8,-0.5769932053790725,-1.200908471643505e-6
4.0e8,-0.5969932053790721,-4.105244162334733e-6
4.0e8,-0.6169932053790725,-1.3920288294114075e-5
4.0e8,-0.6369932053790721,-4.6409826805438075e-5
4.0e8,-0.6569932053790724,-0.00014964760203919165
4.0e8,-0.6769932053790726,-0.00045408697787053826
4.0e8,-0.6969932053790728,-0.0012510488981993257
4.0e8,-0.7169932053790724,-0.0030415695614086787
4.0e8,-0.736993205379072,-0.0065190195135478544
4.0e8,-0.7569932053790722,-0.012646257722707855
4.0e8,-0.7769932053790727,-0.022975163964112123
4.0e8,-0.7969932053790729,-0.040155447436383655
4.0e8,-0.8169932053790725,-0.06863821284707078
4.0e8,-0.8369932053790721,-0.11572410566589536
4.0e8,-0.8569932053790723,-0.1931721908546365
4.0e8,-0.8769932053790725,-0.3195669751614899
4.0e8,-0.8969932053790721,-0.5231447982431094
4.0e8,-0.9169932053790717,-0.8435105455614432
4.0e8,-0.9369932053790719,-1.3292851710875917
4.0e8,-0.9569932053790724,-2.0283061815310233
4.0e8,-0.976993205379072,-2.969989736176546
4.0e8,-0.9969932053790715,-4.1461797539016265
4.0e8,-1.0169932053790718,-5.499958448847215
4.0e8,-1.036993205379072,-6.925355964707295
4.0e8,-1.0569932053790716,-8.272266420410338
4.0e8,-1.0769932053790712,-9.351746713351101
4.0e8,-1.0969932053790714,-9.950289634571606
4.0e8,-1.1169932053790717,-9.887172989110802
4.0e8,-1.1369932053790712,-9.156080583927324
4.0e8,-1.1569932053790708,-8.044318942772877
4.0e8,-1.1769932053790713,-6.943673947583116
4.0e8,-1.1969932053790715,-6.0450532382534234
4.0e8,-1.183006794620929,-5.178722674800248
4.0e8,-1.1630067946209295,-4.526548562425147
4.0e8,-1.143006794620929,-3.9807720100471116
4.0e8,-1.1230067946209288,-3.4775038477380633
4.0e8,-1.1030067946209292,-2.9873593968370966
4.0e8,-1.0830067946209296,-2.499783107050857
4.0e8,-1.0630067946209294,-2.0204220562082966
4.0e8,-1.0430067946209292,-1.5669104306917916
4.0e8,-1.0230067946209296,-1.1610703584020716
4.0e8,-1.00300679462093,-0.8202134786374699
4.0e8,-0.9830067946209297,-0.5516082229361332
4.0e8,-0.9630067946209294,-0.35215162332612143
4.0e8,-0.9430067946209297,-0.2119593490763792
4.0e8,-0.9230067946209302,-0.11881316877000231
4.0e8,-0.9030067946209299,-0.06105306746183608
4.0e8,-0.8830067946209297,-0.028403106463155837
4.0e8,-0.8630067946209301,-0.011954989992043287
4.0e8,-0.8430067946209305,-0.0046142704434027045
4.0e8,-0.8230067946209303,-0.00166753094958996
4.0e8,-0.8030067946209299,-0.0005743894045050715
4.0e8,-0.7830067946209304,-0.00018914005698704252
4.0e8,-0.7630067946209308,-5.6957827646887335e-5
4.0e8,-0.7430067946209304,-1.1503407229466187e-5
4.0e8,-0.7230067946209302,5.144748407599295e-6
4.0e8,-0.7030067946209306,1.262601278609192e-5
4.0e8,-0.6830067946209311,1.7547796537530612e-5
4.0e8,-0.6630067946209308,2.2181819968372575e-5
4.0e8,-0.6430067946209305,2.738609771706535e-5
4.0e8,-0.6230067946209309,3.3573791656085553e-5
4.0e8,-0.6030067946209313,4.103225203460741e-5
4.0e8,-0.5830067946209311,5.0026885952315645e-5
4.0e8,-0.5630067946209307,6.083231389198585e-5
4.0e8,-0.5430067946209312,7.373623077319504e-5
4.0e8,-0.5230067946209316,8.902876049831266e-5
4.0e8,-0.5030067946209313,0.00010697873435717052
4.0e8,-0.4830067946209311,0.00012779354524628962
4.0e8,-0.4630067946209315,0.00015155651130730223
4.0e8,-0.44300679462093195,0.00017813375256790326
4.0e8,-0.4230067946209316,0.00020704191724213962
4.0e8,-0.40300679462093136,0.00023727105119638478
4.0e8,-0.3830067946209318,0.00026706997906617594
4.0e8,-0.3630067946209322,0.00029374117002497135
4.0e8,-0.34300679462093187,0.00031359828941145417
4.0e8,-0.3230067946209316,0.00032249910133620165
4.0e8,-0.30300679462093205,0.000317871856022473
4.0e8,-0.2830067946209325,0.0003033460173714604
4.0e8,-0.26300679462093224,0.00029351768943756853
4.0e8,-0.2430067946209319,0.00030866560145105645
4.0e8,-0.2230067946209323,0.0003617752686785822
4.0e8,-0.20300679462093274,0.00045819110586891746
4.0e8,-0.1830067946209324,0.0006038729445209076
4.0e8,-0.16300679462093215,0.0008102478938612936
4.0e8,-0.14300679462093258,0.0010960084559968923
4.0e8,-0.123006794620933,0.0014885128755571665
4.0e8,-0.10300679462093276,0.0020257228374078932
4.0e8,-0.08300679462093252,0.002758699829639016
4.0e8,-0.06300679462093295,0.003754263151993241
4.0e8,-0.043006794620933375,0.005096975046020588
4.0e8,-0.023006794620933135,0.006889028728363843
4.0e8,-0.0030067946209326735,0.009246046918369081
4.0e8,0.0169932053790669,0.01228680938911158
4.0e8,0.036993205379066474,0.016116388838643622
4.0e8,0.056993205379066714,0.020805559161539616
4.0e8,0.07699320537906695,0.026373398310319093
4.0e8,0.09699320537906653,0.03278144868314636
4.0e8,0.1169932053790661,0.03994410342383201
4.0e8,0.13699320537906634,0.04775315240019452
4.0e8,0.1569932053790668,0.0561100561649212
4.0e8,0.17699320537906638,0.06496003184214375
4.0e8,0.19699320537906595,0.07432463747537062
4.0e8,0.2169932053790662,0.08433019851862944
4.0e8,0.23699320537906643,0.09522698130084789
4.0e8,0.256993205379066,0.1073910991285203
4.0e8,0.2769932053790656,0.12130283820854813
4.0e8,0.2969932053790658,0.13750462441039474
4.0e8,0.31699320537906606,0.15655388062195788
4.0e8,0.33699320537906563,0.17898828326212088
4.0e8,0.3569932053790652,0.20530986314951705
4.0e8,0.37699320537906567,0.2359816756798101
4.0e8,0.3969932053790659,0.2714268235360625
4.0e8,0.4169932053790655,0.3120227552519981
4.0e8,0.43699320537906505,0.35808786683792554
4.0e8,0.4569932053790653,0.40985960724922643
4.0e8,0.47699320537906553,0.467463584018713
4.0e8,0.4969932053790651,0.5308722297607912
4.0e8,0.5169932053790647,0.5998496444883942
4.0e8,0.5369932053790649,0.6738759878949723
4.0e8,0.5569932053790654,0.7520395747913532
4.0e8,0.576993205379065,0.8328766855517712
4.0e8,0.5969932053790645,0.9141275328889504
4.0e8,0.6169932053790648,0.9923649880335925
4.0e8,0.636993205379065,1.0624600042505252
4.0e8,0.6569932053790646,1.1169506063887251
4.0e8,0.6769932053790642,1.1458025038545754
4.0e8,0.6969932053790644,1.1381134897519247
4.0e8,0.7169932053790646,1.0881303277371746
4.0e8,0.7369932053790642,1.0035681558972898
4.0e8,0.7569932053790638,0.9046527417624483
4.0e8,0.7769932053790642,0.8102982473901318
4.0e8,0.7969932053790645,0.728813932251949
4.0e8,0.7830067946209361,0.64651702889282
4.0e8,0.7630067946209359,0.5836278652450334
4.0e8,0.7430067946209356,0.5323008751486215
4.0e8,0.7230067946209353,0.48781233942611985
4.0e8,0.7030067946209351,0.4480499777699519
4.0e8,0.6830067946209347,0.4117757705514354
4.0e8,0.6630067946209345,0.3781825011082851
4.0e8,0.6430067946209341,0.34673342663276946
4.0e8,0.6230067946209339,0.31708106183658
4.0e8,0.6030067946209337,0.289019866870643
4.0e8,0.5830067946209333,0.2624517903680383
4.0e8,0.5630067946209331,0.23735615440642072
4.0e8,0.5430067946209327,0.21376122040970316
4.0e8,0.5230067946209325,0.19171766029329942
4.0e8,0.5030067946209322,0.17127519023376636
4.0e8,0.4830067946209319,0.1524635281675298
4.0e8,0.4630067946209316,0.1352783215694878
4.0e8,0.4430067946209313,0.11967236862489246
4.0e8,0.42300679462093105,0.10555265267691148
4.0e8,0.40300679462093075,0.09278427267979424
4.0e8,0.3830067946209312,0.08120251259572099
4.0e8,0.36300679462092944,0.07063301398521071
4.0e8,0.3430067946209306,0.06091709391980626
4.0e8,0.3230067946209289,0.051936183908519985
4.0e8,0.30300679462093005,0.043628369671726265
4.0e8,0.28300679462092837,0.03599184894070019
4.0e8,0.26300679462092946,0.029073618782450506
4.0e8,0.24300679462092778,0.02294547891961574
4.0e8,0.22300679462092887,0.017673130584646583
4.0e8,0.2030067946209272,0.013287313936908188
4.0e8,0.18300679462092828,0.009766544902992162
4.0e8,0.1630067946209266,0.0070369063380208265
4.0e8,0.1430067946209277,0.004986769282254122
4.0e8,0.12300679462092601,0.0034882734069129912
4.0e8,0.10300679462092721,0.002416787921324623
4.0e8,0.08300679462092542,0.001663428357562936
4.0e8,0.06300679462092662,0.001140196825398015
4.0e8,0.047255095965694216,0.0008455708170872068
4.0e8,0.03150339731046192,0.0006266733052419284
4.0e8,0.01575169865523096,0.00046442358891554377
4.0e8,0.0,0.00034432353103367954
6.0e8,-0.0020000000000000018,6.9455696996835925e-15
6.0e8,-0.0044000000000000705,-1.3679571287827466e-15
6.0e8,-0.007280000000000064,-6.69683467007307e-16
6.0e8,-0.010735999999999968,-1.4339352359698134e-15
6.0e8,-0.014883199999999874,-1.635063588639647e-14
6.0e8,-0.019859840000000184,-4.0147426407411314e-15
6.0e8,-0.025831808000000178,-2.525910116695763e-14
6.0e8,-0.03299816960000013,2.2094811148922187e-15
6.0e8,-0.041597803519999865,-7.31800638834858e-15
6.0e8,-0.05191736422399984,-8.437906021031994e-15
6.0e8,-0.06430083706880008,-7.351725886320546e-15
6.0e8,-0.07916100448255992,-1.0034511848945117e-14
6.0e8,-0.09699320537907208,6.000210867345034e-15
6.0e8,-0.1169932053790721,1.3119498194534286e-15
6.0e8,-0.136993205379072,4.224857819212134e-15
6.0e8,-0.1569932053790719,-5.997709000495873e-15
6.0e8,-0.17699320537907182,1.0931733629784225e-14
6.0e8,-0.19699320537907217,-1.8283221537393022e-14
6.0e8,-0.21699320537907196,-2.305935921219719e-15
6.0e8,-0.23699320537907198,-2.0545905244694784e-15
6.0e8,-0.256993205379072,5.952297655133912e-15
6.0e8,-0.2769932053790718,6.781964301656826e-15
6.0e8,-0.29699320537907203,-3.756285318007599e-14
6.0e8,-0.31699320537907205,-1.4815782439616765e-13
6.0e8,-0.33699320537907207,-4.617969788811696e-13
6.0e8,-0.3569932053790723,-1.5577576174404867e-12
6.0e8,-0.3769932053790721,-5.337373880573749e-12
6.0e8,-0.3969932053790721,-1.8240358493387424e-11
6.0e8,-0.4169932053790717,-6.238332988483607e-11
6.0e8,-0.43699320537907194,-2.1363962919186592e-10
6.0e8,-0.4569932053790724,-7.324054032220738e-10
6.0e8,-0.47699320537907264,-2.512939125572058e-9
6.0e8,-0.4969932053790722,-8.629013173894931e-9
6.0e8,-0.5169932053790725,-2.9648122449104116e-8
6.0e8,-0.536993205379072,-1.0189488165985287e-7
6.0e8,-0.5569932053790723,-3.5008890219345827e-7
6.0e8,-0.5769932053790725,-1.2011349245664009e-6
6.0e8,-0.5969932053790721,-4.10607073134692e-6
6.0e8,-0.6169932053790725,-1.3923245478389369e-5
6.0e8,-0.6369932053790721,-4.64199813089458e-5
6.0e8,-0.6569932053790724,-0.00014967951956714533
6.0e8,-0.6769932053790726,-0.00045416941058800504
6.0e8,-0.6969932053790728,-0.0012511780073859377
6.0e8,-0.7169932053790724,-0.00304145460683266
6.0e8,-0.736993205379072,-0.006517375447464002
6.0e8,-0.7569932053790722,-0.012639040380586478
6.0e8,-0.7769932053790727,-0.022950619094234036
6.0e8,-0.7969932053790729,-0.04008008041393021
6.0e8,-0.8169932053790725,-0.06841819738214303
6.0e8,-0.8369932053790721,-0.11510170695354263
6.0e8,-0.8569932053790723,-0.19145455474116127
6.0e8,-0.8769932053790725,-0.3149437444480933
6.0e8,-0.8969932053790721,-0.5111098073197522
6.0e8,-0.9169932053790717,-0.8137195371118882
6.0e8,-0.9369932053790719,-1.2606638074994616
6.0e8,-0.9569932053790724,-1.8842992134064638
6.0e8,-0.976993205379072,-2.698887162575251
6.0e8,-0.9969932053790715,-3.691578560879569
6.0e8,-1.0169932053790718,-4.821294397526441
6.0e8,-1.036993205379072,-6.023180441586546
6.0e8,-1.0569932053790716,-7.2127499458751165
6.0e8,-1.0769932053790712,-8.285705439127872
6.0e8,-1.0969932053790714,-9.11360276328817
6.0e8,-1.1169932053790717,-9.54261745841173
6.0e8,-1.1369932053790712,-9.421973407438825
6.0e8,-1.1569932053790708,-8.716510419087355
6.0e8,-1.1769932053790713,-7.658680120487692
6.0e8,-1.1969932053790715,-6.619632391138278
6.0e8,-1.183006794620929,-5.537781329546677
6.0e8,-1.1630067946209295,-4.762600533939544
6.0e8,-1.143006794620929,-4.137675798782448
6.0e8,-1.1230067946209288,-3.5777885650341945
6.0e8,-1.1030067946209292,-3.0479005818438147
6.0e8,-1.0830067946209296,-2.5355234297079696
6.0e8,-1.0630067946209294,-2.0438257632304038
6.0e8,-1.0430067946209292,-1.5861842063090712
6.0e8,-1.0230067946209296,-1.1795610374324876
6.0e8,-1.00300679462093,-0.8377695127549626
6.0e8,-0.9830067946209297,-0.5668339972574986
6.0e8,-0.9630067946209294,-0.36404630153059925
6.0e8,-0.9430067946209297,-0.22039381249044734
6.0e8,-0.9230067946209302,-0.12427497602063214
6.0e8,-0.9030067946209299,-0.06426563130179595
6.0e8,-0.8830067946209297,-0.0300945403946786
6.0e8,-0.8630067946209301,-0.012744707045804708
6.0e8,-0.8430067946209305,-0.0049441157216646055
6.0e8,-0.8230067946209303,-0.0017938354438057826
6.0e8,-0.8030067946209299,-0.0006200578111495622
6.0e8,-0.7830067946209304,-0.00020521576841647871
6.0e8,-0.7630067946209308,-6.272007795873155e-5
6.0e8,-0.7430067946209304,-1.3830614412650768e-5
6.0e8,-0.7230067946209302,3.8675390079932964e-6
6.0e8,-0.7030067946209306,1.1569990008242473e-5
6.0e8,-0.6830067946209311,1.6405656677781054e-5
6.0e8,-0.6630067946209308,2.0813273959675684e-5
6.0e8,-0.6430067946209305,2.5697351256013294e-5
6.0e8,-0.6230067946209309,3.1475655577931655e-5
6.0e8,-0.6030067946209313,3.842407788749535e-5
6.0e8,-0.5830067946209311,4.6788637628458036e-5
6.0e8,-0.5630067946209307,5.6818872656218755e-5
6.0e8,-0.5430067946209312,6.877189419048322e-5
6.0e8,-0.5230067946209316,8.29012402873469e-5
6.0e8,-0.5030067946209313,9.94324342809312e-5
6.0e8,-0.4830067946209311,0.0001185221849408224
6.0e8,-0.4630067946209315,0.00014019558557575392
6.0e8,-0.44300679462093195,0.00016425422857672056
6.0e8,-0.4230067946209316,0.00019014866389044355
6.0e8,-0.40300679462093136,0.00021681432460112076
6.0e8,-0.3830067946209318,0.00024248948376322666
6.0e8,-0.3630067946209322,0.0002645878583968225
6.0e8,-0.34300679462093187,0.0002798345664735674
6.0e8,-0.3230067946209316,0.00028517192988850753
6.0e8,-0.30300679462093205,0.000280339414369527
6.0e8,-0.2830067946209325,0.00027227251686232415
6.0e8,-0.26300679462093224,0.0002764853641397642
6.0e8,-0.2430067946209319,0.0003089767714737843
6.0e8,-0.2230067946209323,0.0003789522483765729
6.0e8,-0.20300679462093274,0.000492550076165843
6.0e8,-0.1830067946209324,0.000658894523795902
6.0e8,-0.16300679462093215,0.0008932105114594715
6.0e8,-0.14300679462093258,0.0012185807956680453
6.0e8,-0.123006794620933,0.0016678715686837598
6.0e8,-0.10300679462093276,0.002286246971346545
6.0e8,-0.08300679462093252,0.0031341236272418986
6.0e8,-0.06300679462093295,0.004289976867700067
6.0e8,-0.043006794620933375,0.005851818211223384
6.0e8,-0.023006794620933135,0.007935425768263967
6.0e8,-0.0030067946209326735,0.010666907613244351
6.0e8,0.0169932053790669,0.014167787222015947
6.0e8,0.036993205379066474,0.018533542309326485
6.0e8,0.056993205379066714,0.023811242910848865
6.0e8,0.07699320537906695,0.02998575455272863
6.0e8,0.09699320537906653,0.03698259117583829
6.0e8,0.1169932053790661,0.04468832550119689
6.0e8,0.13699320537906634,0.05298220899372305
6.0e8,0.1569932053790668,0.06177124409894988
6.0e8,0.17699320537906638,0.0710244626234892
6.0e8,0.19699320537906595,0.08080511056090535
6.0e8,0.2169932053790662,0.0912983155775264
6.0e8,0.23699320537906643,0.10282739536085946
6.0e8,0.256993205379066,0.11584871195164669
6.0e8,0.2769932053790656,0.13091928337376088
6.0e8,0.2969932053790658,0.14864520487421543
6.0e8,0.31699320537906606,0.16963190010831664
6.0e8,0.33699320537906563,0.19445431340355504
6.0e8,0.3569932053790652,0.22364873958543569
6.0e8,0.37699320537906567,0.2577156655253776
6.0e8,0.3969932053790659,0.29712265447802627
6.0e8,0.4169932053790655,0.3423017453149364
6.0e8,0.43699320537906505,0.39364033503464096
6.0e8,0.4569932053790653,0.4514664537792828
6.0e8,0.47699320537906553,0.5160296065736905
6.0e8,0.4969932053790651,0.5874778242555821
6.0e8,0.5169932053790647,0.6658305587821264
6.0e8,0.5369932053790649,0.7509455037818057
6.0e8,0.5569932053790654,0.8424749995593122
6.0e8,0.576993205379065,0.9398037883386744
6.0e8,0.5969932053790645,1.0419534123138863
6.0e8,0.6169932053790648,1.1474274814603258
6.0e8,0.636993205379065,1.2539530572897297
6.0e8,0.6569932053790646,1.3580428017068114
6.0e8,0.6769932053790642,1.454265583739951
6.0e8,0.6969932053790644,1.5341326194876381
6.0e8,0.7169932053790646,1.5848889279625835
6.0e8,0.7369932053790642,1.5901678504021861
6.0e8,0.7569932053790638,1.5376993192832262
6.0e8,0.7769932053790642,1.4349743753753508
6.0e8,0.7969932053790645,1.311459373685782
6.0e8,0.7830067946209361,1.1451094499698502
6.0e8,0.7630067946209359,1.0260817097823043
6.0e8,0.7430067946209356,0.9347008504734516
6.0e8,0.7230067946209353,0.857418435744269
6.0e8,0.7030067946209351,0.7886943667815983
6.0e8,0.6830067946209347,0.7256373933176083
6.0e8,0.6630067946209345,0.666601002112433
6.0e8,0.6430067946209341,0.6106600179591595
6.0e8,0.6230067946209339,0.5573482099368826
6.0e8,0.6030067946209337,0.5064988037647888
6.0e8,0.5830067946209333,0.4581319851595872
6.0e8,0.5630067946209331,0.4123703063665244
6.0e8,0.5430067946209327,0.3693754229306384
6.0e8,0.5230067946209325,0.32930312141276086
6.0e8,0.5030067946209322,0.2922739764717123
6.0e8,0.4830067946209319,0.2583566244885325
6.0e8,0.4630067946209316,0.22756043918070012
6.0e8,0.4430067946209313,0.19983452251734218
6.0e8,0.42300679462093105,0.1750703296354587
6.0e8,0.40300679462093075,0.1531058857748007
6.0e8,0.3830067946209312,0.13373048807265434
6.0e8,0.36300679462092944,0.11669014077772506
6.0e8,0.3430067946209306,0.10169567330924485
6.0e8,0.3230067946209289,0.0884367748423749
6.0e8,0.30300679462093005,0.07660447497328436
6.0e8,0.28300679462092837,0.06592082294572285
6.0e8,0.26300679462092946,0.0561692176708385
6.0e8,0.24300679462092778,0.047215849771291514
6.0e8,0.22300679462092887,0.039014382575262074
6.0e8,0.2030067946209272,0.03159102574218115
6.0e8,0.18300679462092828,0.02501295912909389
6.0e8,0.1630067946209266,0.01934835199702213
6.0e8,0.1430067946209277,0.014629996573972917
6.0e8,0.12300679462092601,0.010834316729462924
6.0e8,0.10300679462092721,0.007881270260360332
6.0e8,0.08300679462092542,0.005651192837260895
6.0e8,0.06300679462092662,0.004008342736738501
6.0e8,0.047255095965694216,0.0030417618895025073
6.0e8,0.03150339731046192,0.0023003477474559664
6.0e8,0.01575169865523096,0.0017356928275941066
6.0e8,0.0,0.0013078630930258848
8.0e8,-0.0020000000000000018,1.1444091755374463e-14
8.0e8,-0.0044000000000000705,-1.014323729929762e-14
8.0e8,-0.007280000000000064,-4.591155398410873e-15
8.0e8,-0.010735999999999968,6.711915806906505e-15
8.0e8,-0.014883199999999874,-7.877270107511484e-15
8.0e8,-0.019859840000000184,-2.9366465715399566e-15
8.0e8,-0.025831808000000178,1.1796029015144903e-14
8.0e8,-0.03299816960000013,4.3422169017182546e-15
8.0e8,-0.041597803519999865,1.778754698288003e-14
8.0e8,-0.05191736422399984,-1.199739104051446e-14
8.0e8,-0.06430083706880008,-1.353059990067198e-14
8.0e8,-0.07916100448255992,5.021734839012129e-15
8.0e8,-0.09699320537907208,1.1633451071088598e-14
8.0e8,-0.1169932053790721,-2.7668457130653696e-14
8.0e8,-0.136993205379072,-3.880338555565784e-15
8.0e8,-0.1569932053790719,4.984654104264667e-15
8.0e8,-0.17699320537907182,-1.3489604051193105e-14
8.0e8,-0.19699320537907217,-9.532910257562789e-15
8.0e8,-0.21699320537907196,-3.32622466848499e-16
8.0e8,-0.23699320537907198,-1.477087509943235e-14
8.0e8,-0.256993205379072,-1.2565783361434134e-15
8.0e8,-0.2769932053790718,7.442753049433756e-15
8.0e8,-0.29699320537907203,-6.490911362794291e-14
8.0e8,-0.31699320537907205,-1.2832119196026268e-13
8.0e8,-0.33699320537907207,-4.60029123356906e-13
8.0e8,-0.3569932053790723,-1.5598355548675025e-12
8.0e8,-0.3769932053790721,-5.329462725942919e-12
8.0e8,-0.3969932053790721,-1.8270766408707515e-11
8.0e8,-0.4169932053790717,-6.23959945879429e-11
8.0e8,-0.43699320537907194,-2.1368565754351878e-10
8.0e8,-0.4569932053790724,-7.324755106233545e-10
8.0e8,-0.47699320537907264,-2.5132559474102477e-9
8.0e8,-0.4969932053790722,-8.630197498933475e-9
8.0e8,-0.5169932053790725,-2.9652556387526327e-8
8.0e8,-0.536993205379072,-1.0191144111771469e-7
8.0e8,-0.5569932053790723,-3.5015040535276575e-7
8.0e8,-0.5769932053790725,-1.2013619414436548e-6
8.0e8,-0.5969932053790721,-4.106899510117613e-6
8.0e8,-0.6169932053790725,-1.392621039276462e-5
8.0e8,-0.6369932053790721,-4.6430162530058294e-5
8.0e8,-0.6569932053790724,-0.00014971152513864675
8.0e8,-0.6769932053790726,-0.000454252111618991
8.0e8,-0.6969932053790728,-0.0012513078607654137
8.0e8,-0.7169932053790724,-0.003041341674295695
8.0e8,-0.736993205379072,-0.006515737608333187
8.0e8,-0.7569932053790722,-0.01263184636801061
8.0e8,-0.7769932053790727,-0.022926175685927638
8.0e8,-0.7969932053790729,-0.040005184356026284
8.0e8,-0.8169932053790725,-0.06820038705979509
8.0e8,-0.8369932053790721,-0.11448945617930979
8.0e8,-0.8569932053790723,-0.18978228207288472
8.0e8,-0.8769932053790725,-0.31051513492893873
8.0e8,-0.8969932053790721,-0.49985842523475743
8.0e8,-0.9169932053790717,-0.7867955988516184
8.0e8,-0.9369932053790719,-1.201246787391809
8.0e8,-0.9569932053790724,-1.7654638498178548
8.0e8,-0.976993205379072,-2.4854310941845337
8.0e8,-0.9969932053790715,-3.347162873715062
8.0e8,-1.0169932053790718,-4.319014977249283
8.0e8,-1.036993205379072,-5.356569707144584
8.0e8,-1.0569932053790716,-6.405991112915479
8.0e8,-1.0769932053790712,-7.403785598804254
8.0e8,-1.0969932053790714,-8.27261691942857
8.0e8,-1.1169932053790717,-8.913927129173093
8.0e8,-1.1369932053790712,-9.202174292652726
8.0e8,-1.1569932053790708,-9.003580661902747
8.0e8,-1.1769932053790713,-8.280292045116015
8.0e8,-1.1969932053790715,-7.25480105286378
8.0e8,-1.183006794620929,-5.92439735010329
8.0e8,-1.1630067946209295,-5.0036255308381214
8.0e8,-1.143006794620929,-4.291574206306174
8.0e8,-1.1230067946209288,-3.6736344411005244
8.0e8,-1.1030067946209292,-3.1056041043829463
8.0e8,-1.0830067946209296,-2.5707645484131856
8.0e8,-1.0630067946209294,-2.068388978426332
8.0e8,-1.0430067946209292,-1.6072652656664805
8.0e8,-1.0230067946209296,-1.1998903070078701
8.0e8,-1.00300679462093,-0.8570174181330583
8.0e8,-0.9830067946209297,-0.5835813218275984
8.0e8,-0.9630067946209294,-0.37725282430326534
8.0e8,-0.9430067946209297,-0.22988113563793916
8.0e8,-0.9230067946209302,-0.13051244752955868
8.0e8,-0.9030067946209299,-0.06799651106526713
8.0e8,-0.8830067946209297,-0.03209416110616691
8.0e8,-0.8630067946209301,-0.013694954528971282
8.0e8,-0.8430067946209305,-0.005347585661328251
8.0e8,-0.8230067946209303,-0.0019506590950624178
8.0e8,-0.8030067946209299,-0.0006775520015649705
8.0e8,-0.7830067946209304,-0.00022571517625689117
8.0e8,-0.7630067946209308,-7.014054755395028e-5
8.0e8,-0.7430067946209304,-1.682905003490021e-5
8.0e8,-0.7230067946209302,2.2440977162987506e-6
8.0e8,-0.7030067946209306,1.0242841199665e-5
8.0e8,-0.6830067946209311,1.4962425928362211e-5
8.0e8,-0.6630067946209308,1.9054178748275104e-5
8.0e8,-0.6430067946209305,2.3476859853331288e-5
8.0e8,-0.6230067946209309,2.8644044187825503e-5
8.0e8,-0.6030067946209313,3.480139781714312e-5
8.0e8,-0.5830067946209311,4.214776780167599e-5
8.0e8,-0.5630067946209307,5.086939973961713e-5
8.0e8,-0.5430067946209312,6.114147016441382e-5
8.0e8,-0.5230067946209316,7.311275109853169e-5
8.0e8,-0.5030067946209313,8.687588231742257e-5
8.0e8,-0.4830067946209311,0.00010242072298203753
8.0e8,-0.4630067946209315,0.00011956621853199843
8.0e8,-0.44300679462093195,0.0001378663771061585
8.0e8,-0.4230067946209316,0.00015649029445392233
8.0e8,-0.40300679462093136,0.000174091027876622
8.0e8,-0.3830067946209318,0.0001887195995364873
8.0e8,-0.3630067946209322,0.00019794572358682543
8.0e8,-0.34300679462093187,0.00019957944531736615
8.0e8,-0.3230067946209316,0.000193691051288701
8.0e8,-0.30300679462093205,0.00018592158234896546
8.0e8,-0.2830067946209325,0.00018795331881369054
8.0e8,-0.26300679462093224,0.00021071413331963441
8.0e8,-0.2430067946209319,0.0002596789140739949
8.0e8,-0.2230067946209323,0.00033849439816965345
8.0e8,-0.20300679462093274,0.0004532774232961983
8.0e8,-0.1830067946209324,0.0006145526852672922
8.0e8,-0.16300679462093215,0.0008383959882875356
8.0e8,-0.14300679462093258,0.001147872521269348
8.0e8,-0.123006794620933,0.0015750855973230432
8.0e8,-0.10300679462093276,0.002163850441686216
8.0e8,-0.08300679462093252,0.002972804264910555
8.0e8,-0.06300679462093295,0.004078430431014532
8.0e8,-0.043006794620933375,0.005576911365398618
8.0e8,-0.023006794620933135,0.007582972394034664
8.0e8,-0.0030067946209326735,0.01022328513988674
8.0e8,0.0169932053790669,0.013622400552326015
8.0e8,0.036993205379066474,0.017881658670099953
8.0e8,0.056993205379066714,0.023056167544540148
8.0e8,0.07699320537906695,0.029139203065647146
8.0e8,0.09699320537906653,0.036062825543345
8.0e8,0.1169932053790661,0.043716771144159734
8.0e8,0.13699320537906634,0.05197989701070125
8.0e8,0.1569932053790668,0.06075608856457509
8.0e8,0.17699320537906638,0.0700096064511893
8.0e8,0.19699320537906595,0.07979804232649812
8.0e8,0.2169932053790662,0.09030036976459516
8.0e8,0.23699320537906643,0.10183343746154157
8.0e8,0.256993205379066,0.11484706256081528
8.0e8,0.2769932053790656,0.12989204774455906
8.0e8,0.2969932053790658,0.1475689932910257
8.0e8,0.31699320537906606,0.16847857615167822
8.0e8,0.33699320537906563,0.19319129090402995
8.0e8,0.3569932053790652,0.2222386055811171
8.0e8,0.37699320537906567,0.25611524633640154
8.0e8,0.3969932053790659,0.29528181989489033
8.0e8,0.4169932053790655,0.3401622844098511
8.0e8,0.43699320537906505,0.3911352455876901
8.0e8,0.4569932053790653,0.448520025208088
8.0e8,0.47699320537906553,0.5125587579067619
8.0e8,0.4969932053790651,0.5833952928525753
8.0e8,0.5169932053790647,0.6610507522117296
8.0e8,0.5369932053790649,0.7453941978315645
8.0e8,0.5569932053790654,0.8361047291993167
8.0e8,0.576993205379065,0.9326179912207003
8.0e8,0.5969932053790645,1.0340446066618751
8.0e8,0.6169932053790648,1.1390387989638122
8.0e8,0.636993205379065,1.2455795768134286
8.0e8,0.6569932053790646,1.3506005384348725
8.0e8,0.6769932053790642,1.4493683703703528
8.0e8,0.6969932053790644,1.5345006091863251
8.0e8,0.7169932053790646,1.5947311718110289
8.0e8,0.7369932053790642,1.61468505044584
8.0e8,0.7569932053790638,1.5799010447373547
8.0e8,0.7769932053790642,1.4910211467091623
8.0e8,0.7969932053790645,1.372610111119749
8.0e8,0.7830067946209361,1.1980317968413174
8.0e8,0.7630067946209359,1.0732851902473104
8.0e8,0.7430067946209356,0.9782944851301919
8.0e8,0.7230067946209353,0.8982435810729736
8.0e8,0.7030067946209351,0.8270929496670689
8.0e8,0.6830067946209347,0.7617301249501154
8.0e8,0.6630067946209345,0.7004139295648627
8.0e8,0.6430067946209341,0.6421884955190383
8.0e8,0.6230067946209339,0.5865902178257494
8.0e8,0.6030067946209337,0.5334704769239589
8.0e8,0.5830067946209333,0.4828725575189589
8.0e8,0.5630067946209331,0.43494126223358953
8.0e8,0.5430067946209327,0.3898570689449001
8.0e8,0.5230067946209325,0.34779053193778947
8.0e8,0.5030067946209322,0.308873317631432
8.0e8,0.4830067946209319,0.27318225430870985
8.0e8,0.4630067946209316,0.240732867128814
8.0e8,0.4430067946209313,0.21147919550133595
8.0e8,0.42300679462093105,0.1853171837245402
8.0e8,0.40300679462093075,0.16208955181788753
8.0e8,0.3830067946209312,0.1415908498477793
8.0e8,0.36300679462092944,0.12357253024595734
8.0e8,0.3430067946209306,0.10774942288715857
8.0e8,0.3230067946209289,0.09381056353638735
8.0e8,0.30300679462093005,0.081437620816678
8.0e8,0.28300679462092837,0.07033163700760035
8.0e8,0.26300679462092946,0.06024371599730441
8.0e8,0.24300679462092778,0.05100087953424425
8.0e8,0.22300679462092887,0.04251804211549776
8.0e8,0.2030067946209272,0.034791060929066114
8.0e8,0.18300679462092828,0.027871555592409204
8.0e8,0.1630067946209266,0.021829672168812847
8.0e8,0.1430067946209277,0.016715355737438313
8.0e8,0.12300679462092601,0.012530278852769298
8.0e8,0.10300679462092721,0.009218868927834155
8.0e8,0.08300679462092542,0.0066784248355945125
8.0e8,0.06300679462092662,0.004780322720942405
8.0e8,0.047255095965694216,0.003650945688516302
8.0e8,0.03150339731046192,0.0027772072426934273
8.0e8,0.01575169865523096,0.002106721112993665
8.0e8,0.0,0.0015952840522951762
1.0e9,-0.0020000000000000018,-2.1190088608111042e-14
1.0e9,-0.0044000000000000705,-1.4191940761423944e-14
1.0e9,-0.007280000000000064,-3.260197307730334e-16
1.0e9,-0.010735999999999968,-2.116745556881387e-14
1.0e9,-0.014883199999999874,7.017818639954314e-15
1.0e9,-0.019859840000000184,1.4078668832794722e-15
1.0e9,-0.025831808000000178,1.0136357912333819e-14
1.0e9,-0.03299816960000013,-2.4173594703971173e-15
1.0e9,-0.041597803519999865,2.614253895317165e-15
1.0e9,-0.05191736422399984,-9.744093118367152e-15
1.0e9,-0.06430083706880008,1.0768906588081145e-14
1.0e9,-0.07916100448255992,1.4156343921958483e-14
1.0e9,-0.09699320537907208,1.3928202269604889e-14
1.0e9,-0.1169932053790721,1.273005268552119e-15
1.0e9,-0.136993205379072,2.0024425493333312e-14
1.0e9,-0.1569932053790719,-1.3115571129251673e-14
1.0e9,-0.17699320537907182,-2.804145513103721e-14
1.0e9,-0.19699320537907217,-4.0683739135830066e-15
1.0e9,-0.21699320537907196,-1.7612154904935954e-14
1.0e9,-0.23699320537907198,3.302518679708475e-14
1.0e9,-0.256993205379072,1.0778233899704076e-14
1.0e9,-0.2769932053790718,-9.466390203668624e-15
1.0e9,-0.29699320537907203,-5.864134285077854e-14
1.0e9,-0.31699320537907205,-1.518473522979852e-13
1.0e9,-0.33699320537907207,-4.4910357269443864e-13
1.0e9,-0.3569932053790723,-1.5648637496268903e-12
1.0e9,-0.3769932053790721,-5.34267004531872e-12
1.0e9,-0.3969932053790721,-1.8257288335944615e-11
1.0e9,-0.4169932053790717,-6.241928793332957e-11
1.0e9,-0.43699320537907194,-2.1369756003631337e-10
1.0e9,-0.4569932053790724,-7.325619555634653e-10
1.0e9,-0.47699320537907264,-2.5135819171252266e-9
1.0e9,-0.4969932053790722,-8.63136272104098e-9
1.0e9,-0.5169932053790725,-2.965699605949702e-8
1.0e9,-0.536993205379072,-1.0192800190098241e-7
1.0e9,-0.5569932053790723,-3.5021199431760463e-7
1.0e9,-0.5769932053790725,-1.2015892358737548e-6
1.0e9,-0.5969932053790721,-4.107729100447763e-6
1.0e9,-0.6169932053790725,-1.3929178337569384e-5
1.0e9,-0.6369932053790721,-4.644035407735671e-5
1.0e9,-0.6569932053790724,-0.00014974356398529378
1.0e9,-0.6769932053790726,-0.0004543349081158434
1.0e9,-0.6969932053790728,-0.0012514379609880216
1.0e9,-0.7169932053790724,-0.0030412294983039765
1.0e9,-0.736993205379072,-0.006514103153642691
1.0e9,-0.7569932053790722,-0.012624669875020906
1.0e9,-0.7769932053790727,-0.022901822301942085
1.0e9,-0.7969932053790729,-0.03993073483445031
1.0e9,-0.8169932053790725,-0.06798470951813242
1.0e9,-0.8369932053790721,-0.11388700700649122
1.0e9,-0.8569932053790723,-0.188153199552598
1.0e9,-0.8769932053790725,-0.3062669736858758
1.0e9,-0.8969932053790721,-0.4893049377309794
1.0e9,-0.9169932053790717,-0.7622889679011795
1.0e9,-0.9369932053790719,-1.1490883822433893
1.0e9,-0.9569932053790724,-1.6651037841519618
1.0e9,-0.976993205379072,-2.311563960666685
1.0e9,-0.9969932053790715,-3.074673435253435
1.0e9,-1.0169932053790718,-3.9289955730303796
1.0e9,-1.036993205379072,-4.841788911818925
1.0e9,-1.0569932053790716,-5.775628202438532
1.0e9,-1.0769932053790712,-6.688387187055716
1.0e9,-1.0969932053790714,-7.530541254743681
1.0e9,-1.1169932053790717,-8.239699819787793
1.0e9,-1.1369932053790712,-8.732363804660334
1.0e9,-1.1569932053790708,-8.896523031365792
1.0e9,-1.1769932053790713,-8.608519716436154
1.0e9,-1.1969932053790715,-7.843729020496527
1.0e9,-1.183006794620929,-6.320364798845144
1.0e9,-1.1630067946209295,-5.246095077971708
1.0e9,-1.143006794620929,-4.442885357963454
1.0e9,-1.1230067946209288,-3.7671496897763586
1.0e9,-1.1030067946209292,-3.163002845282644
1.0e9,-1.0830067946209296,-2.6076910397232274
1.0e9,-1.0630067946209294,-2.0957103820244676
1.0e9,-1.0430067946209292,-1.6312563581660573
1.0e9,-1.0230067946209296,-1.2228098511521162
1.0e9,-1.00300679462093,-0.878457315858778
1.0e9,-0.9830067946209297,-0.6021710923034891
1.0e9,-0.9630067946209294,-0.3919724974061003
1.0e9,-0.9430067946209297,-0.2405469806895306
1.0e9,-0.9230067946209302,-0.13760458236529485
1.0e9,-0.9030067946209299,-0.07229570540570855
1.0e9,-0.8830067946209297,-0.03443241506717253
1.0e9,-0.8630067946209301,-0.01482214040148932
1.0e9,-0.8430067946209305,-0.005832057940558629
1.0e9,-0.8230067946209303,-0.0021407356460839983
1.0e9,-0.8030067946209299,-0.0007477004522974942
1.0e9,-0.7830067946209304,-0.000250819303334898
1.0e9,-0.7630067946209308,-7.920934479003185e-5
1.0e9,-0.7430067946209304,-2.04311270996794e-5
1.0e9,-0.7230067946209302,3.747884977808557e-7
1.0e9,-0.7030067946209306,8.785782461774042e-6
1.0e9,-0.6830067946209311,1.3420040012425946e-5
1.0e9,-0.6630067946209308,1.719553459243093e-5
1.0e9,-0.6430067946209305,2.1143576813443334e-5
1.0e9,-0.6230067946209309,2.5679534223654188e-5
1.0e9,-0.6030067946209313,3.102060986610158e-5
1.0e9,-0.5830067946209311,3.7318909436401096e-5
1.0e9,-0.5630067946209307,4.4697559139546874e-5
1.0e9,-0.5430067946209312,5.3250364285852345e-5
1.0e9,-0.5230067946209316,6.302294748321804e-5
1.0e9,-0.5030067946209313,7.397886602627221e-5
1.0e9,-0.4830067946209311,8.594928325769181e-5
1.0e9,-0.4630067946209315,9.856392736035242e-5
1.0e9,-0.44300679462093195,0.00011116438511810382
1.0e9,-0.4230067946209316,0.0001227127936227979
1.0e9,-0.40300679462093136,0.0001317426693070671
1.0e9,-0.3830067946209318,0.00013648441024082208
1.0e9,-0.3630067946209322,0.00013548612904299538
1.0e9,-0.34300679462093187,0.00012926283083883626
1.0e9,-0.3230067946209316,0.00012270316199607903
1.0e9,-0.30300679462093205,0.0001244800176929926
1.0e9,-0.2830067946209325,0.0001413691990371895
1.0e9,-0.26300679462093224,0.00017610468695999728
1.0e9,-0.2430067946209319,0.00023078241572619085
1.0e9,-0.2230067946209323,0.00030956829392211557
1.0e9,-0.20300679462093274,0.00041972426731301684
1.0e9,-0.1830067946209324,0.0005723051111234005
1.0e9,-0.16300679462093215,0.0007831832116724487
1.0e9,-0.14300679462093258,0.0010745894016647654
1.0e9,-0.123006794620933,0.0014772352893223605
1.0e9,-0.10300679462093276,0.0020330199435305116
1.0e9,-0.08300679462093252,0.0027981843738696254
1.0e9,-0.06300679462093295,0.003846473440440592
1.0e9,-0.043006794620933375,0.00527132728539163
1.0e9,-0.023006794620933135,0.007185374046307916
1.0e9,-0.0030067946209326735,0.009714824386870297
1.0e9,0.0169932053790669,0.012986546187485033
1.0e9,0.036993205379066474,0.017107730685640393
1.0e9,0.056993205379066714,0.022142506129851632
1.0e9,0.07699320537906695,0.028094484115110837
1.0e9,0.09699320537906653,0.03490463788815091
1.0e9,0.1169932053790661,0.042467921630186034
1.0e9,0.13699320537906634,0.0506638967279917
1.0e9,0.1569932053790668,0.059393133285177584
1.0e9,0.17699320537906638,0.06861351173885348
1.0e9,0.19699320537906595,0.07837390459328074
1.0e9,0.2169932053790662,0.08884260211290236
1.0e9,0.23699320537906643,0.10032415454586119
1.0e9,0.256993205379066,0.11325521205039127
1.0e9,0.2769932053790656,0.12817375301666203
1.0e9,0.2969932053790658,0.14566899831201954
1.0e9,0.31699320537906606,0.16633189239601645
1.0e9,0.33699320537906563,0.19072401558969654
1.0e9,0.3569932053790652,0.21936751717829447
1.0e9,0.37699320537906567,0.2527464390881151
1.0e9,0.3969932053790659,0.2913088555257774
1.0e9,0.4169932053790655,0.33546425584620915
1.0e9,0.43699320537906505,0.38557501192504895
1.0e9,0.4569932053790653,0.44194278777372126
1.0e9,0.47699320537906553,0.5047911015683578
1.0e9,0.4969932053790651,0.5742447927128213
1.0e9,0.5169932053790647,0.650306235102628
1.0e9,0.5369932053790649,0.7328267622079646
1.0e9,0.5569932053790654,0.8214697011276236
1.0e9,0.576993205379065,0.9156581975821356
1.0e9,0.5969932053790645,1.0144958150825183
1.0e9,0.6169932053790648,1.1166391873870907
1.0e9,0.636993205379065,1.2200872536659433
1.0e9,0.6569932053790646,1.3218277045115445
1.0e9,0.6769932053790642,1.4172500518352298
1.0e9,0.6969932053790644,1.499232215886493
1.0e9,0.7169932053790646,1.5570212192564927
1.0e9,0.7369932053790642,1.57609356724225
1.0e9,0.7569932053790638,1.5428435898176385
1.0e9,0.7769932053790642,1.4576729323297546
1.0e9,0.7969932053790645,1.3434892626349138
1.0e9,0.7830067946209361,1.1733416302093753
1.0e9,0.7630067946209359,1.0516036557448216
1.0e9,0.7430067946209356,0.9589455611808924
1.0e9,0.7230067946209353,0.880892431825167
1.0e9,0.7030067946209351,0.8115333692919015
1.0e9,0.6830067946209347,0.7478176460444451
1.0e9,0.6630067946209345,0.6880358694839304
1.0e9,0.6430067946209341,0.6312462195831219
1.0e9,0.6230067946209339,0.5769887019081602
1.0e9,0.6030067946209337,0.525112749180836
1.0e9,0.5830067946209333,0.4756576446280426
1.0e9,0.5630067946209331,0.4287645414238938
1.0e9,0.5430067946209327,0.3846120610320515
1.0e9,0.5230067946209325,0.3433713362469999
1.0e9,0.5030067946209322,0.30517709661808917
1.0e9,0.4830067946209319,0.2701113872812343
1.0e9,0.4630067946209316,0.23819657599226926
1.0e9,0.4430067946209313,0.2093945859347903
1.0e9,0.42300679462093105,0.18360974307771855
1.0e9,0.40300679462093075,0.1606932094529464
1.0e9,0.3830067946209312,0.1404477477075688
1.0e9,0.36300679462092944,0.12263267567984651
1.0e9,0.3430067946209306,0.10697039002994298
1.0e9,0.3230067946209289,0.09315734295998403
1.0e9,0.30300679462093005,0.08088257107652132
1.0e9,0.28300679462092837,0.06985432062124224
1.0e9,0.26300679462092946,0.05983033663732819
1.0e9,0.24300679462092778,0.05064315767356088
1.0e9,0.22300679462092887,0.042211597695362486
1.0e9,0.2030067946209272,0.03453356656970381
1.0e9,0.18300679462092828,0.027661010653975478
1.0e9,0.1630067946209266,0.021663136845825853
1.0e9,0.1430067946209277,0.01658838063773285
1.0e9,0.12300679462092601,0.012437059895495171
1.0e9,0.10300679462092721,0.009152910156861331
1.0e9,0.08300679462092542,0.0066333453880782905
1.0e9,0.06300679462092662,0.004750490594485202
1.0e9,0.047255095965694216,0.0036298406593367957
1.0e9,0.03150339731046192,0.0027625565371659326
1.0e9,0.01575169865523096,0.002096750761722988
1.0e9,0.0,0.0015886490882686868
