Pressure,Voltage,Value
0.1,-0.0012000000000000899,6.501613716229819e-14
0.1,-0.0025199999999998557,4.379938857367733e-14
0.1,-0.003972000000000309,-3.641505731782386e-14
0.1,-0.005569200000000052,-2.7923734266664754e-14
0.1,-0.0073261199999997695,1.8347945126842621e-13
0.1,-0.009258731999999936,-1.4366924236887106e-14
0.1,-0.011384605199999953,3.389972518744144e-13
0.1,-0.013723065720000038,1.6377623759099924e-13
0.1,-0.016295372292000065,-1.2904765519884527e-13
0.1,-0.01912490952120005,2.434412406513515e-13
0.1,-0.022237400473320124,1.5819384185484746e-13
0.1,-0.025661140520652048,-1.4643128236326105e-13
0.1,-0.02942725457271711,1.705356944059063e-13
0.1,-0.0335699800299889,-6.590904958388549e-14
0.1,-0.038126978032988035,1.429546933961712e-13
0.1,-0.04313967583628653,2.8872789529461955e-15
0.1,-0.04865364341991518,-7.662832977570168e-14
0.1,-0.05471900776190708,-2.6045508692505442e-15
0.1,-0.06139090853809748,1.3001128077324201e-14
0.1,-0.06872999939190727,1.6133750489285246e-14
0.1,-0.07680299933109824,-6.616852414376392e-14
0.1,-0.08568329926420759,-7.436654266188014e-14
0.1,-0.09545162919062877,9.808835744212679e-14
0.1,-0.10619679210969157,7.771873693896373e-14
0.1,-0.11801647132066084,1.631114708069774e-13
0.1,-0.13001647132066052,2.0079570264100574e-14
0.1,-0.14201647132066064,-3.7501544771168993e-14
0.1,-0.15401647132066076,-1.4846292560642379e-13
0.1,-0.16601647132066044,-5.0387503274270606e-14
0.1,-0.17801647132066056,1.7698333222541555e-13
0.1,-0.19001647132066068,-8.236166356770939e-14
0.1,-0.2020164713206607,2.457646966654267e-13
0.1,-0.21401647132066093,-4.374844219835112e-14
0.1,-0.22601647132066072,1.165595189140949e-13
0.1,-0.23801647132066073,3.8395031954705655e-14
0.1,-0.25001647132066074,-1.477381850495819e-13
0.1,-0.2620164713206605,2.354776556917015e-13
0.1,-0.27401647132066076,1.3454758075731023e-14
0.1,-0.28601647132066077,-8.361836569388542e-14
0.1,-0.2980164713206608,3.4143404431214205e-15
0.1,-0.310016471320661,-3.235034848098878e-14
0.1,-0.3220164713206608,-9.280937032502138e-14
0.1,-0.3340164713206608,1.7965757385407902e-14
0.1,-0.3460164713206608,4.9447018173578695e-15
0.1,-0.3580164713206606,-2.542685369928802e-14
0.1,-0.37001647132066084,-6.546482547680742e-14
0.1,-0.38201647132066086,-1.4399023680898714e-13
0.1,-0.39401647132066087,-1.2931923003943996e-13
0.1,-0.4060164713206611,-4.628868562410865e-13
0.1,-0.4180164713206609,-9.248345429292749e-13
0.1,-0.43001647132066134,-1.7668079304138121e-12
0.1,-0.44201647132066113,-3.556074513774193e-12
0.1,-0.4540164713206607,-7.44007322570483e-12
0.1,-0.46601647132066115,-1.5663515626603163e-11
0.1,-0.47801647132066094,-3.247265886525104e-11
0.1,-0.49001647132066073,-6.832124632013231e-11
0.1,-0.5020164713206612,-1.4273002829274876e-10
0.1,-0.514016471320661,-2.9996795959505907e-10
0.1,-0.5260164713206608,-6.289754453130559e-10
0.1,-0.5380164713206612,-1.3200224128479615e-9
0.1,-0.5500164713206608,-2.7708395419079396e-9
0.1,-0.5620164713206606,-5.817325190216554e-9
0.1,-0.574016471320661,-1.2214441701569588e-8
0.1,-0.5860164713206615,-2.5648501832824453e-8
0.1,-0.5980164713206613,-5.385532658337042e-8
0.1,-0.6100164713206611,-1.1306324285810495e-7
0.1,-0.6220164713206615,-2.3727950938948124e-7
0.1,-0.6340164713206613,-4.976421912726781e-7
0.1,-0.6460164713206609,-1.042558882584195e-6
0.1,-0.6580164713206613,-2.180317348600895e-6
0.1,-0.6700164713206611,-4.547113710999818e-6
0.1,-0.6820164713206609,-9.442583047717493e-6
0.1,-0.6940164713206614,-1.9481034010101446e-5
0.1,-0.7060164713206611,-3.980099434223306e-5
0.1,-0.7180164713206609,-8.016347584811478e-5
0.1,-0.7300164713206614,-0.0001582233725808187
0.1,-0.742016471320661,-0.0003038264171476
0.1,-0.7540164713206607,-0.0005631944031335984
0.1,-0.7660164713206612,-0.0010009111445699816
0.1,-0.7780164713206617,-0.0016985129927168008
0.1,-0.7900164713206614,-0.0027521996317490614
0.1,-0.8020164713206612,-0.004275453840211485
0.1,-0.814016471320661,-0.006410557154884896
0.1,-0.8260164713206606,-0.009347932459725579
0.1,-0.838016471320661,-0.013350055316381119
0.1,-0.8500164713206608,-0.01877854528024194
0.1,-0.8620164713206606,-0.02612543508806886
0.1,-0.8740164713206611,-0.03605016041077178
0.1,-0.8860164713206609,-0.04942251622237371
0.1,-0.8980164713206606,-0.0673690616919811
0.1,-0.9100164713206602,-0.09131596280930832
0.1,-0.92201647132066,-0.12301442067608188
0.1,-0.9340164713206605,-0.16452550797442736
0.1,-0.9460164713206602,-0.21813106499701493
0.1,-0.95801647132066,-0.2861312234545555
0.1,-0.9700164713206605,-0.37049580567363954
0.1,-0.9820164713206603,-0.4723655198770549
0.1,-0.9940164713206598,-0.5914509788689427
0.1,-1.0060164713206596,-0.7254378459804645
0.1,-1.0180164713206594,-0.8695457981543987
0.1,-1.0300164713206599,-1.0163870397960675
0.1,-1.0420164713206597,-1.1562405356478827
0.1,-1.0540164713206595,-1.2778435942845492
0.1,-1.06601647132066,-1.3698227653006048
0.1,-1.0780164713206595,-1.4228602930659735
0.1,-1.0900164713206593,-1.4323954074052485
0.1,-1.102016471320659,-1.400896815712418
0.1,-1.1140164713206588,-1.337972599088896
0.1,-1.1260164713206593,-1.2572540204700464
0.1,-1.138016471320659,-1.17157342624536
0.1,-1.1500164713206587,-1.0896211274980103
0.1,-1.162016471320659,-1.01555542566727
0.1,-1.174016471320659,-0.9504146849244699
0.1,-1.1860164713206587,-0.893677094542216
0.1,-1.1980164713206585,-0.8442651402772889
0.1,-1.1899835286793419,-0.7881002661459975
0.1,-1.1779835286793414,-0.7411745313906528
0.1,-1.1659835286793416,-0.7001289133716946
0.1,-1.1539835286793418,-0.6618053316480277
0.1,-1.1419835286793414,-0.6246686280727691
0.1,-1.1299835286793416,-0.587629446876088
0.1,-1.117983528679342,-0.5498509991561816
0.1,-1.1059835286793422,-0.5107291995222515
0.1,-1.0939835286793425,-0.4699334298501853
0.1,-1.081983528679342,-0.4274619369271295
0.1,-1.0699835286793422,-0.38367533127779174
0.1,-1.0579835286793424,-0.3392787196194567
0.1,-1.045983528679342,-0.2952393767521878
0.1,-1.0339835286793422,-0.2526502229000071
0.1,-1.0219835286793426,-0.21256989279730165
0.1,-1.0099835286793428,-0.17587829651685263
0.1,-0.997983528679343,-0.14317940407838178
0.1,-0.9859835286793426,-0.11476544701168945
0.1,-0.9739835286793429,-0.09063768268943016
0.1,-0.9619835286793431,-0.07056586629713224
0.1,-0.9499835286793427,-0.05416459088206826
0.1,-0.937983528679343,-0.04096808660278196
0.1,-0.9259835286793432,-0.0304920277060312
0.1,-0.9139835286793434,-0.022277717932606356
0.1,-0.9019835286793436,-0.01591863170949525
0.1,-0.8899835286793432,-0.011071328741944497
0.1,-0.8779835286793435,-0.0074532454106039136
0.1,-0.8659835286793438,-0.004830628042038995
0.1,-0.8539835286793434,-0.003002217071360983
0.1,-0.8419835286793436,-0.0017866783902684943
0.1,-0.8299835286793438,-0.001019887942978311
0.1,-0.817983528679344,-0.0005608743286594358
0.1,-0.8059835286793443,-0.00029892080220019174
0.1,-0.7939835286793439,-0.00015533038721063402
0.1,-0.7819835286793434,-7.908766005905172e-5
0.1,-0.7699835286793437,-3.9555115460751864e-5
0.1,-0.7579835286793439,-1.939219348295247e-5
0.1,-0.7459835286793435,-9.20611747608812e-6
0.1,-0.733983528679343,-4.0670600804892035e-6
0.1,-0.7219835286793432,-1.4439058569089713e-6
0.1,-0.7099835286793434,-5.607827115333726e-8
0.1,-0.6979835286793431,7.387868584234806e-7
0.1,-0.6859835286793426,1.2622752890686124e-6
0.1,-0.6739835286793429,1.6766826679009918e-6
0.1,-0.6619835286793431,2.066152139382794e-6
0.1,-0.6499835286793426,2.477157086978339e-6
0.1,-0.6379835286793422,2.9386602032884427e-6
0.1,-0.6259835286793425,3.4722212586715898e-6
0.1,-0.6139835286793427,4.097177536077655e-6
0.1,-0.6019835286793422,4.8334600376378405e-6
0.1,-0.5899835286793418,5.703278937802971e-6
0.1,-0.577983528679342,6.732345645918605e-6
0.1,-0.5659835286793423,7.950934695173657e-6
0.1,-0.5539835286793419,9.39495861298718e-6
0.1,-0.5419835286793414,1.1107166512350095e-5
0.1,-0.5299835286793416,1.3138541586275467e-5
0.1,-0.5179835286793419,1.554995338031451e-5
0.1,-0.5059835286793415,1.841414020799263e-5
0.1,-0.49398352867934103,2.1818086411089313e-5
0.1,-0.48198352867934124,2.5865889972849137e-5
0.1,-0.46998352867934146,3.068222046783958e-5
0.1,-0.457983528679341,3.641649064599987e-5
0.1,-0.44598352867934055,4.324790340818547e-5
0.1,-0.43398352867934087,5.139154985774256e-5
0.1,-0.4219835286793411,6.110580017761338e-5
0.1,-0.4099835286793406,7.270124627792752e-5
0.1,-0.39798352867934017,8.655156151687264e-5
0.1,-0.3859835286793405,0.00010310667832732722
0.1,-0.3739835286793407,0.00012290878323544308
0.1,-0.36198352867934025,0.0001466117833618861
0.1,-0.3499835286793398,0.0001750049819305938
0.1,-0.33798352867934,0.00020904190525545472
0.1,-0.32598352867934033,0.0002498754366684507
0.1,-0.3139835286793399,0.00029890064285911826
0.1,-0.3019835286793394,0.000357807020988617
0.1,-0.28998352867933963,0.00042864224477438524
0.1,-0.27798352867933995,0.0005138899730134652
0.1,-0.2659835286793395,0.0006165647939200952
0.1,-0.25398352867933904,0.0007403280627346992
0.1,-0.24198352867933925,0.0008896291163760843
0.1,-0.22998352867933947,0.0010698772497623012
0.1,-0.217983528679339,0.0012876507537967568
0.1,-0.20598352867933856,0.0015509504237770722
0.1,-0.19398352867933877,0.0018695059269302845
0.1,-0.1819835286793392,0.0022551443295873498
0.1,-0.16998352867933875,0.0027222306525021686
0.1,-0.1579835286793383,0.0032881900955292727
0.1,-0.1459835286793385,0.003974120085497405
0.1,-0.13398352867933871,0.00480549656799582
0.1,-0.12198352867933826,0.005812971669416824
0.1,-0.1099835286793378,0.007033247163570002
0.1,-0.09798352867933802,0.008509987477923446
0.1,-0.08598352867933823,0.010294704058003668
0.1,-0.07398352867933777,0.012447496154059007
0.1,-0.06198352867933732,0.01503746808301925
0.1,-0.04998352867933775,0.018142558434315184
0.1,-0.03798352867933796,0.02184841601826014
0.1,-0.02598352867933751,0.026245853913850023
0.1,-0.013983528679337054,0.031426335864418176
0.1,-0.0019835286793372653,0.03747494937440731
0.1,0.010016471320662523,0.04446047065811193
0.1,0.022016471320662978,0.05242251211283649
0.1,0.03401647132066343,0.06135642397545761
0.1,0.04601647132066322,0.0711975768816434
0.1,0.05801647132066301,0.08180771094172154
0.1,0.07001647132066346,0.09296684997861039
0.1,0.08201647132066392,0.10437438668776078
0.1,0.09401647132066349,0.11566197261323584
0.1,0.10601647132066327,0.1264187733994054
0.1,0.11801647132066373,0.1362269602446406
0.1,0.13001647132066418,0.14470287452702965
0.1,0.14201647132066397,0.15153797011826314
0.1,0.15401647132066376,0.15653374826264776
0.1,0.16601647132066422,0.1596260747125607
0.1,0.17801647132066467,0.16089565905858327
0.1,0.19001647132066446,0.16056241257452833
0.1,0.20201647132066403,0.1589621074127393
0.1,0.21401647132066448,0.15650553196761263
0.1,0.22601647132066494,0.1536245147748273
0.1,0.23801647132066472,0.15071507984240984
0.1,0.2500164713206645,0.148091815592552
0.1,0.26201647132066497,0.14596499175826125
0.1,0.2740164713206654,0.14444310522213424
0.1,0.2860164713206652,0.1435539458479539
0.1,0.298016471320665,0.14327291525767108
0.1,0.31001647132066545,0.14354924123458176
0.1,0.3220164713206659,0.14432552370441656
0.1,0.3340164713206655,0.14555010635218985
0.1,0.34601647132066526,0.1471837210387331
0.1,0.3580164713206657,0.14920212931763296
0.1,0.3700164713206662,0.1515959799888016
0.1,0.38201647132066596,0.15436844736458388
0.1,0.39401647132066575,0.15753071564777157
0.1,0.4060164713206662,0.16109515989965156
0.1,0.41801647132066666,0.16506620525029123
0.1,0.43001647132066645,0.16942930708797016
0.1,0.442016471320666,0.17413912257709574
0.1,0.45401647132066647,0.17910844097371584
0.1,0.4660164713206669,0.1841995656761828
0.1,0.4780164713206667,0.18921964411070902
0.1,0.4900164713206665,0.19392126770997561
0.1,0.502016471320667,0.19800986471245258
0.1,0.5140164713206674,0.20115999813522586
0.1,0.5260164713206672,0.2030431579951425
0.1,0.538016471320667,0.20336894204501085
0.1,0.5500164713206674,0.2019381608289547
0.1,0.5620164713206679,0.19869919964118785
0.1,0.5740164713206675,0.193789151378871
0.1,0.5860164713206673,0.18753527385399058
0.1,0.5980164713206677,0.180400886002262
0.1,0.6100164713206682,0.17288679001017274
0.1,0.622016471320668,0.16542826008293454
0.1,0.6340164713206677,0.1583309440466098
0.1,0.6460164713206682,0.1517613154796098
0.1,0.6580164713206686,0.14577551579403789
0.1,0.6700164713206684,0.1403598943162163
0.1,0.682016471320668,0.13546536378652116
0.1,0.6940164713206685,0.13103010998526496
0.1,0.7060164713206689,0.126992207145216
0.1,0.7180164713206687,0.12329549489342902
0.1,0.7300164713206685,0.11989157414516854
0.1,0.742016471320669,0.11673982803600225
0.1,0.7540164713206694,0.11380621065552941
0.1,0.7660164713206692,0.11106329678640225
0.1,0.778016471320669,0.1084883134097715
0.1,0.7900164713206694,0.10606199670342747
0.1,0.7979835286793311,0.10376376179898922
0.1,0.7859835286793313,0.10156680530046752
0.1,0.7739835286793316,0.0994907658193033
0.1,0.7619835286793318,0.09751513985985288
0.1,0.7499835286793322,0.09562924863523932
0.1,0.7379835286793324,0.09382436336961264
0.1,0.7259835286793326,0.09209386559404797
0.1,0.7139835286793329,0.09043173257591708
0.1,0.7019835286793331,0.08883244111781172
0.1,0.6899835286793334,0.0872910609597029
0.1,0.6779835286793336,0.08580308859073724
0.1,0.6659835286793339,0.08436434845814417
0.1,0.6539835286793342,0.08297091229394436
0.1,0.6419835286793344,0.08161902785486067
0.1,0.6299835286793347,0.08030505283591977
0.1,0.6179835286793349,0.07902539115354063
0.1,0.6059835286793351,0.0777764295788958
0.1,0.5939835286793355,0.07655447319559201
0.1,0.5819835286793357,0.0753556786387396
0.1,0.569983528679336,0.07417598458607112
0.1,0.5579835286793362,0.07301103962167067
0.1,0.5459835286793364,0.071856128454389
0.1,0.5339835286793366,0.07070609859454001
0.1,0.521983528679337,0.06955529100820519
0.1,0.5099835286793373,0.06839747997821505
0.1,0.4979835286793375,0.06722582927712055
0.1,0.4859835286793377,0.06603287356892379
0.1,0.47398352867933796,0.06481053539365754
0.1,0.46198352867933823,0.06355018854915209
0.1,0.4499835286793385,0.06224277771255045
0.1,0.43798352867933876,0.06087900123856486
0.1,0.425983528679339,0.059449559154683695
0.1,0.41398352867933924,0.0579454618829022
0.1,0.4019835286793395,0.05635838817403609
0.1,0.3899835286793405,0.054681074682631614
0.1,0.37798352867934004,0.05290771587980408
0.1,0.3659835286793396,0.05103435251035915
0.1,0.3539835286793405,0.049059229291000706
0.1,0.3419835286793415,0.04698310677612802
0.1,0.32998352867934105,0.044809516403843966
0.1,0.3179835286793406,0.04254494991627243
0.1,0.30598352867934153,0.040198973558068785
0.1,0.2939835286793425,0.03778425386592172
0.1,0.28198352867934207,0.03531647679283464
0.1,0.2699835286793416,0.032814137622420324
0.1,0.2579835286793426,0.030298178425026134
0.1,0.2459835286793436,0.027791455231858997
0.1,0.23398352867934313,0.025318030348809563
0.1,0.22198352867934268,0.022902306183927468
0.1,0.20998352867934356,0.020568043146713906
0.1,0.19798352867934454,0.018337330666759473
0.1,0.1859835286793441,0.016229600621843806
0.1,0.17398352867934364,0.014260780071037434
0.1,0.16198352867934462,0.012442671036010383
0.1,0.1499835286793456,0.010782619329175345
0.1,0.13798352867934516,0.0092834967696259
0.1,0.1259835286793447,0.007943979742819083
0.1,0.11398352867934558,0.0067590709000828544
0.1,0.10198352867934657,0.00572078687213004
0.1,0.08998352867934611,0.0048189263360234914
0.1,0.07798352867934566,0.004041838651350528
0.1,0.06598352867934665,0.0033771295189765566
0.1,0.05398352867934764,0.002812261382084816
0.1,0.04198352867934718,0.00233502767699165
0.1,0.03148764650950964,0.0019805732216361706
0.1,0.020991764339673535,0.0016770723623759484
0.1,0.010495882169837545,0.001418010287778361
0.1,0.0,0.0011974789825982156
0.2,-0.0012000000000000899,-7.312044996399852e-15
0.2,-0.0025199999999998557,3.461161785186337e-14
0.2,-0.003972000000000309,6.79759251645333e-14
0.2,-0.005569200000000052,-1.0758003618574533e-13
0.2,-0.0073261199999997695,-1.808553266852456e-14
0.2,-0.009258731999999936,-2.3277884836526477e-14
0.2,-0.011384605199999953,-1.2709466011519886e-14
0.2,-0.013723065720000038,1.1377745521164265e-13
0.2,-0.016295372292000065,4.3783977353482464e-14
0.2,-0.01912490952120005,3.381788600728531e-14
0.2,-0.022237400473320124,-4.393447266048132e-14
0.2,-0.025661140520652048,6.19152791633232e-14
0.2,-0.02942725457271711,-3.137519628472734e-14
0.2,-0.0335699800299889,1.6276138594520836e-14
0.2,-0.038126978032988035,-3.024273619043778e-14
0.2,-0.04313967583628653,-2.3279229352877268e-15
0.2,-0.04865364341991518,-1.7567916159991838e-14
0.2,-0.05471900776190708,1.543470459348257e-15
0.2,-0.06139090853809748,-7.683199623864877e-14
0.2,-0.06872999939190727,7.685594336792253e-14
0.2,-0.07680299933109824,2.4361029293697933e-14
0.2,-0.08568329926420759,6.022184607729002e-14
0.2,-0.09545162919062877,-1.190738752967256e-13
0.2,-0.10619679210969157,1.8912709376524367e-14
0.2,-0.11801647132066084,5.932218893551338e-14
0.2,-0.13001647132066052,5.5084342688146583e-14
0.2,-0.14201647132066064,2.7896707860268673e-14
0.2,-0.15401647132066076,-6.105257273956768e-14
0.2,-0.16601647132066044,3.0548061082823086e-15
0.2,-0.17801647132066056,2.2608808978891593e-15
0.2,-0.19001647132066068,-2.2533796806028182e-14
0.2,-0.2020164713206607,1.3715152237569403e-13
0.2,-0.21401647132066093,-5.929130210480214e-14
0.2,-0.22601647132066072,-6.083656149447821e-14
0.2,-0.23801647132066073,-1.1883848094760332e-13
0.2,-0.25001647132066074,2.6712460636111296e-15
0.2,-0.2620164713206605,-1.7211621847302654e-14
0.2,-0.27401647132066076,8.41395401689517e-14
0.2,-0.28601647132066077,-1.3222005185811368e-14
0.2,-0.2980164713206608,1.4995000026528136e-14
0.2,-0.310016471320661,1.572309795744595e-14
0.2,-0.3220164713206608,-4.2578634075972475e-15
0.2,-0.3340164713206608,4.035021023457298e-14
0.2,-0.3460164713206608,5.05090371595882e-14
0.2,-0.3580164713206606,-3.331816345871602e-14
0.2,-0.37001647132066084,-1.1208019118839737e-13
0.2,-0.38201647132066086,-3.1437915810825533e-13
0.2,-0.39401647132066087,-6.9960475773773e-13
0.2,-0.4060164713206611,-1.5001970408821979e-12
0.2,-0.4180164713206609,-3.1704972351874885e-12
0.2,-0.43001647132066134,-6.481382339821316e-12
0.2,-0.44201647132066113,-1.3297326097240877e-11
0.2,-0.4540164713206607,-2.8067816384264106e-11
0.2,-0.46601647132066115,-5.871744104819778e-11
0.2,-0.47801647132066094,-1.2315583950879184e-10
0.2,-0.49001647132066073,-2.5799510060047913e-10
0.2,-0.5020164713206612,-5.413013387466707e-10
0.2,-0.514016471320661,-1.1355630782046457e-9
0.2,-0.5260164713206608,-2.3825200314998287e-9
0.2,-0.5380164713206612,-4.99977099103443e-9
0.2,-0.5500164713206608,-1.0494123305290516e-8
0.2,-0.5620164713206606,-2.2028711228895118e-8
0.2,-0.574016471320661,-4.624292349333871e-8
0.2,-0.5860164713206615,-9.706661436654674e-8
0.2,-0.5980164713206613,-2.0370098663067694e-7
0.2,-0.6100164713206611,-4.272779076293872e-7
0.2,-0.6220164713206615,-8.954990055542897e-7
0.2,-0.6340164713206613,-1.8742089643575179e-6
0.2,-0.6460164713206609,-3.913874886544951e-6
0.2,-0.6580164713206613,-8.144892227702211e-6
0.2,-0.6700164713206611,-1.6859205112398392e-5
0.2,-0.6820164713206609,-3.461506775351142e-5
0.2,-0.6940164713206614,-7.022043567905088e-5
0.2,-0.7060164713206611,-0.00013999309631310104
0.2,-0.7180164713206609,-0.00027241752411500173
0.2,-0.7300164713206614,-0.0005134029414794178
0.2,-0.742016471320661,-0.0009299958375086847
0.2,-0.7540164713206607,-0.0016102620632504937
0.2,-0.7660164713206612,-0.002660273251643506
0.2,-0.7780164713206617,-0.004204030961129522
0.2,-0.7900164713206614,-0.006392659156590636
0.2,-0.8020164713206612,-0.009423852170530746
0.2,-0.814016471320661,-0.013568113986226621
0.2,-0.8260164713206606,-0.019199146120364982
0.2,-0.838016471320661,-0.02682890200090965
0.2,-0.8500164713206608,-0.03714957689683063
0.2,-0.8620164713206606,-0.05108444550248305
0.2,-0.8740164713206611,-0.0698475737247305
0.2,-0.8860164713206609,-0.0950090269847137
0.2,-0.8980164713206606,-0.12855656645423147
0.2,-0.9100164713206602,-0.1729362572469032
0.2,-0.92201647132066,-0.23104333437573565
0.2,-0.9340164713206605,-0.306124084687281
0.2,-0.9460164713206602,-0.40154615908404123
0.2,-0.95801647132066,-0.5204083286961826
0.2,-0.9700164713206605,-0.6649984161971005
0.2,-0.9820164713206603,-0.8361644425520254
0.2,-0.9940164713206598,-1.0327140648909134
0.2,-1.0060164713206596,-1.250967396866825
0.2,-1.0180164713206594,-1.4845436940794143
0.2,-1.0300164713206599,-1.7243883649529737
0.2,-1.0420164713206597,-1.95899617032437
0.2,-1.0540164713206595,-2.174805795355109
0.2,-1.06601647132066,-2.3568495463814814
0.2,-1.0780164713206595,-2.489928934932073
0.2,-1.0900164713206593,-2.560774966338238
0.2,-1.102016471320659,-2.5615606272615064
0.2,-1.1140164713206588,-2.49416810021512
0.2,-1.1260164713206593,-2.372554641116224
0.2,-1.138016471320659,-2.2195978639178935
0.2,-1.1500164713206587,-2.058679317809165
0.2,-1.162016471320659,-1.9061128325546317
0.2,-1.174016471320659,-1.7694223864978007
0.2,-1.1860164713206587,-1.650027065235171
0.2,-1.1980164713206585,-1.546479498578417
0.2,-1.1899835286793419,-1.4293646577214913
0.2,-1.1779835286793414,-1.332838337749381
0.2,-1.1659835286793416,-1.2494412411531188
0.2,-1.1539835286793418,-1.1725049490891608
0.2,-1.1419835286793414,-1.0989139912730121
0.2,-1.1299835286793416,-1.0265863219965266
0.2,-1.117983528679342,-0.9540247126350455
0.2,-1.1059835286793422,-0.8802275132970584
0.2,-1.0939835286793425,-0.8047106421574576
0.2,-1.081983528679342,-0.7275500361786309
0.2,-1.0699835286793422,-0.6493880222297642
0.2,-1.0579835286793424,-0.5713681201612668
0.2,-1.045983528679342,-0.49498887455173524
0.2,-1.0339835286793422,-0.4218956283310245
0.2,-1.0219835286793426,-0.35365072374938855
0.2,-1.0099835286793428,-0.291530130228313
0.2,-0.997983528679343,-0.23638615291881832
0.2,-0.9859835286793426,-0.1885958150721144
0.2,-0.9739835286793429,-0.148090906143697
0.2,-0.9619835286793431,-0.11444720752143307
0.2,-0.9499835286793427,-0.08700234808469254
0.2,-0.937983528679343,-0.06497409470737758
0.2,-0.9259835286793432,-0.04755948344570432
0.2,-0.9139835286793434,-0.034004832864959283
0.2,-0.9019835286793436,-0.02364397439411169
0.2,-0.8899835286793432,-0.015906791762321147
0.2,-0.8779835286793435,-0.010304740579957547
0.2,-0.8659835286793438,-0.006406107303352228
0.2,-0.8539835286793434,-0.0038178341846352285
0.2,-0.8419835286793436,-0.0021853001704054222
0.2,-0.8299835286793438,-0.001206539567817755
0.2,-0.817983528679344,-0.0006461995300496197
0.2,-0.8059835286793443,-0.00033766272266668346
0.2,-0.7939835286793439,-0.0001729465970390576
0.2,-0.7819835286793434,-8.702784663368362e-5
0.2,-0.7699835286793437,-4.293291807894108e-5
0.2,-0.7579835286793439,-2.0518451144525352e-5
0.2,-0.7459835286793435,-9.144763605661905e-6
0.2,-0.733983528679343,-3.313251425287675e-6
0.2,-0.7219835286793432,-2.2392466658614693e-7
0.2,-0.7099835286793434,1.5363130584276057e-6
0.2,-0.6979835286793431,2.6785541588342927e-6
0.2,-0.6859835286793426,3.5627098160803472e-6
0.2,-0.6739835286793429,4.374964759747825e-6
0.2,-0.6619835286793431,5.216838616577602e-6
0.2,-0.6499835286793426,6.149765050441409e-6
0.2,-0.6379835286793422,7.217474348361314e-6
0.2,-0.6259835286793425,8.45742177973866e-6
0.2,-0.6139835286793427,9.906866408182035e-6
0.2,-0.6019835286793422,1.1606391005683764e-5
0.2,-0.5899835286793418,1.3602265019286992e-5
0.2,-0.577983528679342,1.594835890605003e-5
0.2,-0.5659835286793423,1.8707976434383526e-5
0.2,-0.5539835286793419,2.1955836200840835e-5
0.2,-0.5419835286793414,2.578030166837713e-5
0.2,-0.5299835286793416,3.0286009799563695e-5
0.2,-0.5179835286793419,3.5596968591866885e-5
0.2,-0.5059835286793415,4.186024871113585e-5
0.2,-0.49398352867934103,4.925037907382894e-5
0.2,-0.48198352867934124,5.7974610160078805e-5
0.2,-0.46998352867934146,6.827919975307965e-5
0.2,-0.457983528679341,8.045693408136697e-5
0.2,-0.44598352867934055,9.485615849566412e-5
0.2,-0.43398352867934087,0.00011189157427110336
0.2,-0.4219835286793411,0.00013205721848517986
0.2,-0.4099835286793406,0.00015594202699554927
0.2,-0.39798352867934017,0.00018424854652904305
0.2,-0.3859835286793405,0.00021781541398733365
0.2,-0.3739835286793407,0.0002576444146918211
0.2,-0.36198352867934025,0.00030493302272804554
0.2,-0.3499835286793398,0.00036111359922085787
0.2,-0.33798352867934,0.00042790059239337003
0.2,-0.32598352867934033,0.0005073474099157078
0.2,-0.3139835286793399,0.0006019149254639399
0.2,-0.3019835286793394,0.0007145540130660505
0.2,-0.28998352867933963,0.0008488049217696974
0.2,-0.27798352867933995,0.0010089168529355066
0.2,-0.2659835286793395,0.0011999916651386432
0.2,-0.25398352867933904,0.0014281563088185375
0.2,-0.24198352867933925,0.0017007692215146074
0.2,-0.22998352867933947,0.002026666605487474
0.2,-0.217983528679339,0.002416454997529782
0.2,-0.20598352867933856,0.0028828568514604764
0.2,-0.19398352867933877,0.0034411155696798474
0.2,-0.1819835286793392,0.004109465303905865
0.2,-0.16998352867933875,0.004909668263245688
0.2,-0.1579835286793383,0.005867617357163721
0.2,-0.1459835286793385,0.007013993624716464
0.2,-0.13398352867933871,0.008384954388883115
0.2,-0.12198352867933826,0.010022807217315848
0.2,-0.1099835286793378,0.011976594006071645
0.2,-0.09798352867933802,0.014302465870632067
0.2,-0.08598352867933823,0.017063670500836802
0.2,-0.07398352867933777,0.02032989855139669
0.2,-0.06198352867933732,0.02417564776034386
0.2,-0.04998352867933775,0.028677174347586216
0.2,-0.03798352867933796,0.033907535171521085
0.2,-0.02598352867933751,0.03992922418586434
0.2,-0.013983528679337054,0.0467840368036364
0.2,-0.0019835286793372653,0.05448013541681025
0.2,0.010016471320662523,0.0629769119839999
0.2,0.022016471320662978,0.0721691745506144
0.2,0.03401647132066343,0.08187334153626169
0.2,0.04601647132066322,0.09181946797108269
0.2,0.05801647132066301,0.10165364360832421
0.2,0.07001647132066346,0.11095510068851125
0.2,0.08201647132066392,0.11927082860500866
0.2,0.09401647132066349,0.1261674275044606
0.2,0.10601647132066327,0.13129546827442615
0.2,0.11801647132066373,0.13445622900978074
0.2,0.13001647132066418,0.13565537190944504
0.2,0.14201647132066397,0.13512506514968048
0.2,0.15401647132066376,0.13329888109233565
0.2,0.16601647132066422,0.1307360660521078
0.2,0.17801647132066467,0.12801230642291891
0.2,0.19001647132066446,0.12561272124567804
0.2,0.20201647132066403,0.1238645048200175
0.2,0.21401647132066448,0.12292625795371669
0.2,0.22601647132066494,0.12282261145790013
0.2,0.23801647132066472,0.12349713125716544
0.2,0.2500164713206645,0.12486032308513409
0.2,0.26201647132066497,0.1268227191524742
0.2,0.2740164713206654,0.12931358456657593
0.2,0.2860164713206652,0.13228986315576235
0.2,0.298016471320665,0.1357397094364061
0.2,0.31001647132066545,0.13968323512932423
0.2,0.3220164713206659,0.1441714755787705
0.2,0.3340164713206655,0.1492834955695863
0.2,0.34601647132066526,0.15512107076529777
0.2,0.3580164713206657,0.16180054692191984
0.2,0.3700164713206662,0.16944226037041354
0.2,0.38201647132066596,0.17815893151564763
0.2,0.39401647132066575,0.18804501015353647
0.2,0.4060164713206662,0.1991685268822022
0.2,0.41801647132066666,0.21156579668912265
0.2,0.43001647132066645,0.22523811452727754
0.2,0.442016471320666,0.24014900766269662
0.2,0.45401647132066647,0.25622071454303363
0.2,0.4660164713206669,0.273329017581651
0.2,0.4780164713206667,0.2912960541688246
0.2,0.4900164713206665,0.3098811479157773
0.2,0.502016471320667,0.32877009176700556
0.2,0.5140164713206674,0.3475638191465349
0.2,0.5260164713206672,0.3657682068460444
0.2,0.538016471320667,0.38278807541131316
0.2,0.5500164713206674,0.3979304722326974
0.2,0.5620164713206679,0.4104250154553164
0.2,0.5740164713206675,0.4194717652055762
0.2,0.5860164713206673,0.42432761353335996
0.2,0.5980164713206677,0.42443602896538457
0.2,0.6100164713206682,0.4195860877161268
0.2,0.622016471320668,0.4100536610065077
0.2,0.6340164713206677,0.39664663148129753
0.2,0.6460164713206682,0.3805862920159371
0.2,0.6580164713206686,0.3632371301382044
0.2,0.6700164713206684,0.3458023975382308
0.2,0.682016471320668,0.3291289969450682
0.2,0.6940164713206685,0.31367819549027565
0.2,0.7060164713206689,0.2996115024057246
0.2,0.7180164713206687,0.2869072018489969
0.2,0.7300164713206685,0.275454324696674
0.2,0.742016471320669,0.26511105966211884
0.2,0.7540164713206694,0.25573434521351474
0.2,0.7660164713206692,0.24719465239390914
0.2,0.778016471320669,0.2393795966399316
0.2,0.7900164713206694,0.23219225972719176
0.2,0.7979835286793311,0.22543881820145883
0.2,0.7859835286793313,0.21871008374094078
0.2,0.7739835286793316,0.21271564028203455
0.2,0.7619835286793318,0.20715609675956914
0.2,0.7499835286793322,0.20193758384042498
0.2,0.7379835286793324,0.1970012088607057
0.2,0.7259835286793326,0.19230469870004563
0.2,0.7139835286793329,0.18781261415993356
0.2,0.7019835286793331,0.18349450482585802
0.2,0.6899835286793334,0.17932354917538085
0.2,0.6779835286793336,0.17527557147871822
0.2,0.6659835286793339,0.17132849793905755
0.2,0.6539835286793342,0.16746207880792574
0.2,0.6419835286793344,0.16365780875297653
0.2,0.6299835286793347,0.15989900320021097
0.2,0.6179835286793349,0.15617099153404615
0.2,0.6059835286793351,0.15246137991674977
0.2,0.5939835286793355,0.14876032339318201
0.2,0.5819835286793357,0.14506073507573305
0.2,0.569983528679336,0.14135835646378003
0.2,0.5579835286793362,0.13765162358891037
0.2,0.5459835286793364,0.13394129186227685
0.2,0.5339835286793366,0.13022982602991107
0.2,0.521983528679337,0.12652061196597275
0.2,0.5099835286793373,0.1228170909341974
0.2,0.4979835286793375,0.11912194088662231
0.2,0.4859835286793377,0.1154364247621012
0.2,0.47398352867933796,0.11175999309331874
0.2,0.46198352867933823,0.1080901773490238
0.2,0.4499835286793385,0.10442275669277988
0.2,0.43798352867933876,0.10075213901145562
0.2,0.425983528679339,0.097071875890129
0.2,0.41398352867933924,0.09337523149315914
0.2,0.4019835286793395,0.08965574147021552
0.2,0.3899835286793405,0.08590772161269344
0.2,0.37798352867934004,0.08212670940011188
0.2,0.3659835286793396,0.07830983964640055
0.2,0.3539835286793405,0.07445616605561638
0.2,0.3419835286793415,0.07056694368699769
0.2,0.32998352867934105,0.06664588432898429
0.2,0.3179835286793406,0.06269938924151493
0.2,0.30598352867934153,0.05873675314334046
0.2,0.2939835286793425,0.05477032113403431
0.2,0.28198352867934207,0.050815567980179034
0.2,0.2699835286793416,0.04689105880484245
0.2,0.2579835286793426,0.04301824429002219
0.2,0.2459835286793436,0.03922104512402836
0.2,0.23398352867934313,0.035525192646426396
0.2,0.22198352867934268,0.031957317256623895
0.2,0.20998352867934356,0.028543812352185133
0.2,0.19798352867934454,0.025309544597656986
0.2,0.1859835286793441,0.02227652248764648
0.2,0.17398352867934364,0.019462663297798992
0.2,0.16198352867934462,0.016880803423987664
0.2,0.1499835286793456,0.014538073619656458
0.2,0.13798352867934516,0.012435711474594893
0.2,0.1259835286793447,0.010569319284038361
0.2,0.11398352867934558,0.008929511493009743
0.2,0.10198352867934657,0.007502846850373101
0.2,0.08998352867934611,0.006272915527698892
0.2,0.07798352867934566,0.005221452420346929
0.2,0.06598352867934665,0.004329369473155525
0.2,0.05398352867934764,0.003577633229704231
0.2,0.04198352867934718,0.0029479495964180643
0.2,0.03148764650950964,0.0024840320051418875
0.2,0.020991764339673535,0.0020898012983397657
0.2,0.010495882169837545,0.0017558295776262435
0.2,0.0,0.0014736506326136858
0.3,-0.0012000000000000899,-6.6089537831788905e-15
0.3,-0.0025199999999998557,4.4588631762435254e-14
0.3,-0.003972000000000309,-4.2035644598613257e-14
0.3,-0.005569200000000052,-5.678139544648102e-14
0.3,-0.0073261199999997695,-4.967805039651259e-15
0.3,-0.009258731999999936,1.7454545589871878e-14
0.3,-0.011384605199999953,-2.071692377650173e-14
0.3,-0.013723065720000038,-1.0364004778852712e-14
0.3,-0.016295372292000065,-9.0510376084921e-16
0.3,-0.01912490952120005,4.463493644422827e-14
0.3,-0.022237400473320124,5.306696220613838e-15
0.3,-0.025661140520652048,7.461589145460964e-14
0.3,-0.02942725457271711,-3.8685683055708655e-15
0.3,-0.0335699800299889,6.06978500911413e-14
0.3,-0.038126978032988035,-8.220264118749637e-15
0.3,-0.04313967583628653,3.576999533394455e-14
0.3,-0.04865364341991518,2.6565643384613703e-14
0.3,-0.05471900776190708,-1.264860124619945e-14
0.3,-0.06139090853809748,-8.12409534370341e-14
0.3,-0.06872999939190727,-6.042233104913005e-14
0.3,-0.07680299933109824,-2.3513967802808772e-14
0.3,-0.08568329926420759,-6.982396644928535e-14
0.3,-0.09545162919062877,2.0477387536413487e-14
0.3,-0.10619679210969157,-1.2230461129392516e-14
0.3,-0.11801647132066084,2.4320900346855564e-14
0.3,-0.13001647132066052,-1.2399587521078691e-14
0.3,-0.14201647132066064,2.755501722429569e-14
0.3,-0.15401647132066076,2.2139330283480516e-14
0.3,-0.16601647132066044,-2.800809579776313e-14
0.3,-0.17801647132066056,-4.3814161733495246e-14
0.3,-0.19001647132066068,9.604842231660657e-15
0.3,-0.2020164713206607,1.1594391696051719e-14
0.3,-0.21401647132066093,-5.289609493464189e-15
0.3,-0.22601647132066072,1.7359897337376152e-14
0.3,-0.23801647132066073,-5.2696678017482487e-14
0.3,-0.25001647132066074,-5.605816974655597e-14
0.3,-0.2620164713206605,-4.5365872495695977e-14
0.3,-0.27401647132066076,2.653866763863682e-14
0.3,-0.28601647132066077,-2.580147061178924e-14
0.3,-0.2980164713206608,-4.758888283823675e-14
0.3,-0.310016471320661,2.486374330656736e-14
0.3,-0.3220164713206608,4.8189554852178156e-14
0.3,-0.3340164713206608,-6.823619950479987e-14
0.3,-0.3460164713206608,-9.152603666651971e-14
0.3,-0.3580164713206606,-1.825943441178914e-13
0.3,-0.37001647132066084,-3.4874137913331224e-13
0.3,-0.38201647132066086,-7.081078139241115e-13
0.3,-0.39401647132066087,-1.5497472730376487e-12
0.3,-0.4060164713206611,-3.26600847398096e-12
0.3,-0.4180164713206609,-6.815175265582038e-12
0.3,-0.43001647132066134,-1.4209420265537901e-11
0.3,-0.44201647132066113,-2.984319044433897e-11
0.3,-0.4540164713206607,-6.247195647434182e-11
0.3,-0.46601647132066115,-1.3086781034703163e-10
0.3,-0.47801647132066094,-2.7435567534598513e-10
0.3,-0.49001647132066073,-5.750908117600629e-10
0.3,-0.5020164713206612,-1.2060828978842702e-9
0.3,-0.514016471320661,-2.5298793983477983e-9
0.3,-0.5260164713206608,-5.307844978063445e-9
0.3,-0.5380164713206612,-1.113818304381043e-8
0.3,-0.5500164713206608,-2.337581205773079e-8
0.3,-0.5620164713206606,-4.9061813330015044e-8
0.3,-0.574016471320661,-1.0296710049357864e-7
0.3,-0.5860164713206615,-2.1605551059215463e-7
0.3,-0.5980164713206613,-4.531511111327779e-7
0.3,-0.6100164713206611,-9.496852939638666e-7
0.3,-0.6220164713206615,-1.9876708969579404e-6
0.3,-0.6340164713206613,-4.151325816639808e-6
0.3,-0.6460164713206609,-8.641252860538405e-6
0.3,-0.6580164713206613,-1.789454044960111e-5
0.3,-0.6700164713206611,-3.676630835169106e-5
0.3,-0.6820164713206609,-7.46606655002449e-5
0.3,-0.6940164713206614,-0.00014905651956085626
0.3,-0.7060164713206611,-0.0002905920392025412
0.3,-0.7180164713206609,-0.0005488898851232653
0.3,-0.7300164713206614,-0.0009967949900926603
0.3,-0.742016471320661,-0.001730427380058694
0.3,-0.7540164713206607,-0.0028658771752053985
0.3,-0.7660164713206612,-0.004538830978851694
0.3,-0.7780164713206617,-0.0069141910338828515
0.3,-0.7900164713206614,-0.01020698054946869
0.3,-0.8020164713206612,-0.014710840687945217
0.3,-0.814016471320661,-0.02083119147713993
0.3,-0.8260164713206606,-0.02912357821774593
0.3,-0.838016471320661,-0.04033977559536092
0.3,-0.8500164713206608,-0.05548408526395814
0.3,-0.8620164713206606,-0.07588056506277051
0.3,-0.8740164713206611,-0.10324865766152676
0.3,-0.8860164713206609,-0.13977898962659283
0.3,-0.8980164713206606,-0.18819215953994106
0.3,-0.9100164713206602,-0.2517516429394887
0.3,-0.92201647132066,-0.33419066958264076
0.3,-0.9340164713206605,-0.4395087613679167
0.3,-0.9460164713206602,-0.5716062090119413
0.3,-0.95801647132066,-0.7337618133562991
0.3,-0.9700164713206605,-0.9280161953183763
0.3,-0.9820164713206603,-1.154575393292088
0.3,-0.9940164713206598,-1.4113619469766367
0.3,-1.0060164713206596,-1.6937946916427926
0.3,-1.0180164713206594,-1.9947942732992374
0.3,-1.0300164713206599,-2.304936592049033
0.3,-1.0420164713206597,-2.612650776299523
0.3,-1.0540164713206595,-2.9043927790967166
0.3,-1.06601647132066,-3.164814492360253
0.3,-1.0780164713206595,-3.377096441089437
0.3,-1.0900164713206593,-3.523845149577044
0.3,-1.102016471320659,-3.589262273689466
0.3,-1.1140164713206588,-3.5633946706567814
0.3,-1.1260164713206593,-3.448243906499736
0.3,-1.138016471320659,-3.262313603627171
0.3,-1.1500164713206587,-3.037352059656273
0.3,-1.162016471320659,-2.806108536860708
0.3,-1.174016471320659,-2.590635420882976
0.3,-1.1860164713206587,-2.3999723062104077
0.3,-1.1980164713206585,-2.23471543943556
0.3,-1.1899835286793419,-2.0474155668399603
0.3,-1.1779835286793414,-1.8954298290552367
0.3,-1.1659835286793416,-1.765893414119428
0.3,-1.1539835286793418,-1.6477613340775503
0.3,-1.1419835286793414,-1.536026952616986
0.3,-1.1299835286793416,-1.4274974336530084
0.3,-1.117983528679342,-1.3199850686853494
0.3,-1.1059835286793422,-1.212095243816021
0.3,-1.0939835286793425,-1.103189851371046
0.3,-1.081983528679342,-0.9933855875640133
0.3,-1.0699835286793422,-0.8835146894329159
0.3,-1.0579835286793424,-0.7750109049936948
0.3,-1.045983528679342,-0.669714766765456
0.3,-1.0339835286793422,-0.5696202533917621
0.3,-1.0219835286793426,-0.4766045780390047
0.3,-1.0099835286793428,-0.39218999428738793
0.3,-0.997983528679343,-0.31737980507734015
0.3,-0.9859835286793426,-0.2525922805133685
0.3,-0.9739835286793429,-0.1976918275563455
0.3,-0.9619835286793431,-0.15209484618753083
0.3,-0.9499835286793427,-0.11491537084468187
0.3,-0.937983528679343,-0.08511508749499322
0.3,-0.9259835286793432,-0.061630473885115916
0.3,-0.9139835286793434,-0.04346103788235118
0.3,-0.9019835286793436,-0.02971301711165505
0.3,-0.8899835286793432,-0.019602438846900633
0.3,-0.8779835286793435,-0.012431982833949742
0.3,-0.8659835286793438,-0.0075652695840587375
0.3,-0.8539835286793434,-0.004420611082196489
0.3,-0.8419835286793436,-0.002488527856739523
0.3,-0.8299835286793438,-0.0013564356343224405
0.3,-0.817983528679344,-0.0007199593794464973
0.3,-0.8059835286793443,-0.000374008627781329
0.3,-0.7939835286793439,-0.00019081477324747897
0.3,-0.7819835286793434,-9.56375070313179e-5
0.3,-0.7699835286793437,-4.6808186594488494e-5
0.3,-0.7579835286793439,-2.1904571459987924e-5
0.3,-0.7459835286793435,-9.163921574215605e-6
0.3,-0.733983528679343,-2.5240406553667438e-6
0.3,-0.7219835286793432,1.1029757324771855e-6
0.3,-0.7099835286793434,3.2801102336346143e-6
0.3,-0.6979835286793431,4.7985160596207555e-6
0.3,-0.6859835286793426,6.062823739045835e-6
0.3,-0.6739835286793429,7.286260815321581e-6
0.3,-0.6619835286793431,8.588870686054178e-6
0.3,-0.6499835286793426,1.004693963098526e-5
0.3,-0.6379835286793422,1.1717986339029667e-5
0.3,-0.6259835286793425,1.3653671648730608e-5
0.3,-0.6139835286793427,1.5906788793463967e-5
0.3,-0.6019835286793422,1.8535438319531696e-5
0.3,-0.5899835286793418,2.1605920775839605e-5
0.3,-0.577983528679342,2.5195158805263527e-5
0.3,-0.5659835286793423,2.9393066061943328e-5
0.3,-0.5539835286793419,3.430509657575465e-5
0.3,-0.5419835286793414,4.005514532402637e-5
0.3,-0.5299835286793416,4.6788901807978546e-5
0.3,-0.5179835286793419,5.4677804871917384e-5
0.3,-0.5059835286793415,6.392370069530498e-5
0.3,-0.49398352867934103,7.476434708796539e-5
0.3,-0.48198352867934124,8.747993495387155e-5
0.3,-0.46998352867934146,0.00010240081299908569
0.3,-0.457983528679341,0.00011991664631266384
0.3,-0.44598352867934055,0.00014048727550850591
0.3,-0.43398352867934087,0.00016465561188129597
0.3,-0.4219835286793411,0.000193062936656578
0.3,-0.4099835286793406,0.00022646707461312376
0.3,-0.39798352867934017,0.00026576398562501636
0.3,-0.3859835286793405,0.00031201341706071873
0.3,-0.3739835286793407,0.00036646939349849086
0.3,-0.36198352867934025,0.00043061645370872796
0.3,-0.3499835286793398,0.0005062127134157259
0.3,-0.33798352867934,0.0005953410296060479
0.3,-0.32598352867934033,0.0007004697635716204
0.3,-0.3139835286793399,0.0008245248758473865
0.3,-0.3019835286793394,0.000970975397113851
0.3,-0.28998352867933963,0.001143934574851009
0.3,-0.27798352867933995,0.0013482793402513366
0.3,-0.2659835286793395,0.0015897910116676234
0.3,-0.25398352867933904,0.0018753204013587052
0.3,-0.24198352867933925,0.0022129806075855364
0.3,-0.22998352867933947,0.0026123706857908036
0.3,-0.217983528679339,0.0030848329293849935
0.3,-0.20598352867933856,0.003643745434995078
0.3,-0.19398352867933877,0.004304849614337366
0.3,-0.1819835286793392,0.005086608924476593
0.3,-0.16998352867933875,0.00601058956710024
0.3,-0.1579835286793383,0.007101845377683981
0.3,-0.1459835286793385,0.008389276387588447
0.3,-0.13398352867933871,0.009905912062052005
0.3,-0.12198352867933826,0.01168904435667954
0.3,-0.1099835286793378,0.013780100864334805
0.3,-0.09798352867933802,0.01622410357606102
0.3,-0.08598352867933823,0.019068505110607786
0.3,-0.07398352867933777,0.022361136598259983
0.3,-0.06198352867933732,0.026146951400370374
0.3,-0.04998352867933775,0.030463229112381696
0.3,-0.03798352867933796,0.03533295239315888
0.3,-0.02598352867933751,0.040756239514003985
0.3,-0.013983528679337054,0.046700075599786096
0.3,-0.0019835286793372653,0.053087198657507745
0.3,0.010016471320662523,0.0597858861154407
0.3,0.022016471320662978,0.06660347911730366
0.3,0.03401647132066343,0.07328753138797832
0.3,0.04601647132066322,0.07953900489841044
0.3,0.05801647132066301,0.08504125384443055
0.3,0.07001647132066346,0.08950582900695082
0.3,0.08201647132066392,0.09273080398413103
0.3,0.09401647132066349,0.09465966631984424
0.3,0.10601647132066327,0.09542105689532884
0.3,0.11801647132066373,0.09532686756722848
0.3,0.13001647132066418,0.09481530937938325
0.3,0.14201647132066397,0.09434935569478718
0.3,0.15401647132066376,0.0943088781044219
0.3,0.16601647132066422,0.094923291336677
0.3,0.17801647132066467,0.09626713936836595
0.3,0.19001647132066446,0.09830305644108324
0.3,0.20201647132066403,0.10093804696324704
0.3,0.21401647132066448,0.1040680033829093
0.3,0.22601647132066494,0.10760357196805136
0.3,0.23801647132066472,0.11148166337129693
0.3,0.2500164713206645,0.1156691597417239
0.3,0.26201647132066497,0.12016346392542994
0.3,0.2740164713206654,0.12499215526318044
0.3,0.2860164713206652,0.1302123635905392
0.3,0.298016471320665,0.13590953443756956
0.3,0.31001647132066545,0.1421948216640907
0.3,0.3220164713206659,0.14920034410250818
0.3,0.3340164713206655,0.15707202406435197
0.3,0.34601647132066526,0.16596060951544905
0.3,0.3580164713206657,0.1760123599973412
0.3,0.3700164713206662,0.18736115105549886
0.3,0.38201647132066596,0.20012314956594884
0.3,0.39401647132066575,0.21439410541156312
0.3,0.4060164713206662,0.23024837778468427
0.3,0.41801647132066666,0.24773846678813022
0.3,0.43001647132066645,0.26689397699733935
0.3,0.442016471320666,0.28771929774758354
0.3,0.45401647132066647,0.31018960246807625
0.3,0.4660164713206669,0.3342449538868708
0.3,0.4780164713206667,0.35978236554007026
0.3,0.4900164713206665,0.386645664490111
0.3,0.502016471320667,0.4146129832152668
0.3,0.5140164713206674,0.4433817421122401
0.3,0.5260164713206672,0.4725511510938934
0.3,0.538016471320667,0.5016026932184453
0.3,0.5500164713206674,0.5298799789737105
0.3,0.5620164713206679,0.5565711305754927
0.3,0.5740164713206675,0.5806999563716301
0.3,0.5860164713206673,0.6011370602628582
0.3,0.5980164713206677,0.6166485047043514
0.3,0.6100164713206682,0.6260053031486343
0.3,0.622016471320668,0.6281745627386225
0.3,0.6340164713206677,0.6225887440612856
0.3,0.6460164713206682,0.6094306565518446
0.3,0.6580164713206686,0.5897947897925171
0.3,0.6700164713206684,0.5655660921736638
0.3,0.682016471320668,0.5389848228009748
0.3,0.6940164713206685,0.5120907886491131
0.3,0.7060164713206689,0.48633736630750674
0.3,0.7180164713206687,0.4625139193410466
0.3,0.7300164713206685,0.4408919346855072
0.3,0.742016471320669,0.42143173707365167
0.3,0.7540164713206694,0.40394633848061245
0.3,0.7660164713206692,0.38820231402135685
0.3,0.778016471320669,0.3739704773523168
0.3,0.7900164713206694,0.3610418202169022
0.3,0.7979835286793311,0.3489162638274189
0.3,0.7859835286793313,0.3364727026049916
0.3,0.7739835286793316,0.32575844978241086
0.3,0.7619835286793318,0.3159586309357165
0.3,0.7499835286793322,0.30683136671649386
0.3,0.7379835286793324,0.29823324093238196
0.3,0.7259835286793326,0.2900632798784542
0.3,0.7139835286793329,0.28223871480065915
0.3,0.7019835286793331,0.27468950500288486
0.3,0.6899835286793334,0.26735431479171484
0.3,0.6779835286793336,0.26017830086853255
0.3,0.6659835286793339,0.2531120639694782
0.3,0.6539835286793342,0.24611135980842813
0.3,0.6419835286793344,0.23913736373160788
0.3,0.6299835286793347,0.23215733554509696
0.3,0.6179835286793349,0.22514553075535068
0.3,0.6059835286793351,0.2180841848241124
0.3,0.5939835286793355,0.21096437911035443
0.3,0.5819835286793357,0.20378659679285602
0.3,0.569983528679336,0.19656080358558686
0.3,0.5579835286793362,0.18930594202257195
0.3,0.5459835286793364,0.18204880111168265
0.3,0.5339835286793366,0.17482230104602678
0.3,0.521983528679337,0.16766330096628607
0.3,0.5099835286793373,0.16061008708881988
0.3,0.4979835286793375,0.15369972698559797
0.3,0.4859835286793377,0.14696548802250284
0.3,0.47398352867933796,0.14043452038918883
0.3,0.46198352867933823,0.1341260006060598
0.3,0.4499835286793385,0.1280499151114102
0.3,0.43798352867933876,0.12220662406884804
0.3,0.425983528679339,0.11658727230283213
0.3,0.41398352867933924,0.1111750085724283
0.3,0.4019835286793395,0.10594685665839965
0.3,0.3899835286793405,0.10087598650771015
0.3,0.37798352867934004,0.09593409274331076
0.3,0.3659835286793396,0.09109361269979852
0.3,0.3539835286793405,0.08632959270239228
0.3,0.3419835286793415,0.08162110947253552
0.3,0.32998352867934105,0.076952242893808
0.3,0.3179835286793406,0.07231265731563372
0.3,0.30598352867934153,0.06769787510528154
0.3,0.2939835286793425,0.06310932263124684
0.3,0.28198352867934207,0.05855420500734724
0.3,0.2699835286793416,0.0540452326685018
0.3,0.2579835286793426,0.0496001900741208
0.3,0.2459835286793436,0.04524131263295617
0.3,0.23398352867934313,0.04099442871484465
0.3,0.22198352867934268,0.036887833771612345
0.3,0.20998352867934356,0.032950894723781175
0.3,0.19798352867934454,0.029212431820142073
0.3,0.1859835286793441,0.025698983168449346
0.3,0.17398352867934364,0.02243310938259138
0.3,0.16198352867934462,0.019431925210210393
0.3,0.1499835286793456,0.016706037921521266
0.3,0.13798352867934516,0.014259024571720569
0.3,0.1259835286793447,0.012087500882014506
0.3,0.11398352867934558,0.010181743109625144
0.3,0.10198352867934657,0.008526744399536176
0.3,0.08998352867934611,0.007103537420154123
0.3,0.07798352867934566,0.005890603332680527
0.3,0.06598352867934665,0.0048652093309992225
0.3,0.05398352867934764,0.004004560950329151
0.3,0.04198352867934718,0.0032867065669303975
0.3,0.03148764650950964,0.0027599744314091537
0.3,0.020991764339673535,0.0023141356697172553
0.3,0.010495882169837545,0.0019379487785267848
0.3,0.0,0.0016213558456691546
0.5,-0.0012000000000000899,1.455950277405634e-15
0.5,-0.0025199999999998557,-3.176501211164518e-14
0.5,-0.003972000000000309,-3.322235036170787e-14
0.5,-0.005569200000000052,-1.8080545400187074e-14
0.5,-0.0073261199999997695,-1.3190997169306346e-14
0.5,-0.009258731999999936,-1.0192165714218764e-14
0.5,-0.011384605199999953,1.0087058688849818e-14
0.5,-0.013723065720000038,-4.6271022295474054e-15
0.5,-0.016295372292000065,-5.861954074607148e-14
0.5,-0.01912490952120005,4.932272355974189e-14
0.5,-0.022237400473320124,-3.171382242561254e-14
0.5,-0.025661140520652048,5.891643960908874e-15
0.5,-0.02942725457271711,-4.186903538763107e-15
0.5,-0.0335699800299889,2.6851982468785702e-14
0.5,-0.038126978032988035,-6.673994409592992e-14
0.5,-0.04313967583628653,1.9838000644320018e-14
0.5,-0.04865364341991518,-2.6008842161797178e-14
0.5,-0.05471900776190708,6.0091140474136765e-15
0.5,-0.06139090853809748,-2.0013424744982086e-14
0.5,-0.06872999939190727,-2.6871793185439264e-14
0.5,-0.07680299933109824,4.380875876874582e-15
0.5,-0.08568329926420759,-5.116867871601047e-14
0.5,-0.09545162919062877,-1.3173349816799329e-15
0.5,-0.10619679210969157,5.134389134083596e-14
0.5,-0.11801647132066084,1.6643667288039548e-14
0.5,-0.13001647132066052,4.536893789543845e-14
0.5,-0.14201647132066064,2.2986300908238963e-14
0.5,-0.15401647132066076,1.785257902563911e-14
0.5,-0.16601647132066044,6.407370850206243e-14
0.5,-0.17801647132066056,-2.7054952039634146e-15
0.5,-0.19001647132066068,-2.2631995677059563e-14
0.5,-0.2020164713206607,-7.976476857672186e-15
0.5,-0.21401647132066093,-3.4883221412824114e-14
0.5,-0.22601647132066072,7.393598328324647e-15
0.5,-0.23801647132066073,3.097599493262834e-14
0.5,-0.25001647132066074,2.6379749379143197e-15
0.5,-0.2620164713206605,-4.071710711498957e-15
0.5,-0.27401647132066076,-3.749571276347383e-14
0.5,-0.28601647132066077,-4.955202590272853e-15
0.5,-0.2980164713206608,3.648668615094529e-14
0.5,-0.310016471320661,-5.0782550919360253e-14
0.5,-0.3220164713206608,-3.1724122879226044e-14
0.5,-0.3340164713206608,-1.4868571827515763e-13
0.5,-0.3460164713206608,-2.162891797835235e-13
0.5,-0.3580164713206606,-4.616052514840168e-13
0.5,-0.37001647132066084,-1.043121809283381e-12
0.5,-0.38201647132066086,-2.034538855062069e-12
0.5,-0.39401647132066087,-4.305758713094462e-12
0.5,-0.4060164713206611,-9.012661683005731e-12
0.5,-0.4180164713206609,-1.889645123194923e-11
0.5,-0.43001647132066134,-3.945197376636697e-11
0.5,-0.44201647132066113,-8.257997465856849e-11
0.5,-0.4540164713206607,-1.7301670359810145e-10
0.5,-0.46601647132066115,-3.623530292111756e-10
0.5,-0.47801647132066094,-7.59464695462921e-10
0.5,-0.49001647132066073,-1.5922163216536805e-9
0.5,-0.5020164713206612,-3.3388522734633584e-9
0.5,-0.514016471320661,-7.0032146870757e-9
0.5,-0.5260164713206608,-1.4691875042877628e-8
0.5,-0.5380164713206612,-3.082620802688899e-8
0.5,-0.5500164713206608,-6.468274063407594e-8
0.5,-0.5620164713206606,-1.3571699383070909e-7
0.5,-0.574016471320661,-2.846987847922442e-7
0.5,-0.5860164713206615,-5.969465137644626e-7
0.5,-0.5980164713206613,-1.250606904028129e-6
0.5,-0.6100164713206611,-2.6163416134433382e-6
0.5,-0.6220164713206615,-5.461100670469105e-6
0.5,-0.6340164713206613,-1.1358190577349847e-5
0.5,-0.6460164713206609,-2.349252287790345e-5
0.5,-0.6580164713206613,-4.818252883652185e-5
0.5,-0.6700164713206611,-9.758921382271575e-5
0.5,-0.6820164713206609,-0.00019410309774600345
0.5,-0.6940164713206614,-0.0003764444212220301
0.5,-0.7060164713206611,-0.0007061980029737793
0.5,-0.7180164713206609,-0.0012718203216513116
0.5,-0.7300164713206614,-0.0021875630567982753
0.5,-0.742016471320661,-0.003589612188124088
0.5,-0.7540164713206607,-0.005637489805417475
0.5,-0.7660164713206612,-0.008527715682461736
0.5,-0.7780164713206617,-0.012519507328815556
0.5,-0.7900164713206614,-0.017968006544061974
0.5,-0.8020164713206612,-0.025362518817224785
0.5,-0.814016471320661,-0.03537101497407071
0.5,-0.8260164713206606,-0.04889393964469665
0.5,-0.838016471320661,-0.06713002939701251
0.5,-0.8500164713206608,-0.09165508096497325
0.5,-0.8620164713206606,-0.12451104445626851
0.5,-0.8740164713206611,-0.16829589708335194
0.5,-0.8860164713206609,-0.22623339231246298
0.5,-0.8980164713206606,-0.3021878978793098
0.5,-0.9100164713206602,-0.4005787885633263
0.5,-0.92201647132066,-0.5261492534535896
0.5,-0.9340164713206605,-0.6835649541588538
0.5,-0.9460164713206602,-0.8768638655997374
0.5,-0.95801647132066,-1.108840021257388
0.5,-0.9700164713206605,-1.3804905562665444
0.5,-0.9820164713206603,-1.6906523424871596
0.5,-0.9940164713206598,-2.0358922960799517
0.5,-1.0060164713206596,-2.4106247995713654
0.5,-1.0180164713206594,-2.8073589229488833
0.5,-1.0300164713206599,-3.216955874074314
0.5,-1.0420164713206597,-3.628798046471568
0.5,-1.0540164713206595,-4.030811889297013
0.5,-1.06601647132066,-4.4093300365100525
0.5,-1.0780164713206595,-4.7488256577747165
0.5,-1.0900164713206593,-5.0316318147277315
0.5,-1.102016471320659,-5.237934447229812
0.5,-1.1140164713206588,-5.346704555759002
0.5,-1.1260164713206593,-5.338868678346782
0.5,-1.138016471320659,-5.204403309061991
0.5,-1.1500164713206587,-4.952968305274811
0.5,-1.162016471320659,-4.6204771794055715
0.5,-1.174016471320659,-4.259084544228197
0.5,-1.1860164713206587,-3.913470622750395
0.5,-1.1980164713206585,-3.6061446199522855
0.5,-1.1899835286793419,-3.2496262920869463
0.5,-1.1779835286793414,-2.9695376248144205
0.5,-1.1659835286793416,-2.7376915740825267
0.5,-1.1539835286793418,-2.5310346732977878
0.5,-1.1419835286793414,-2.3395489290363014
0.5,-1.1299835286793416,-2.157271864328368
0.5,-1.117983528679342,-1.9803659194610448
0.5,-1.1059835286793422,-1.8064837114529988
0.5,-1.0939835286793425,-1.6345138779904997
0.5,-1.081983528679342,-1.4644345175750424
0.5,-1.0699835286793422,-1.297162790645028
0.5,-1.0579835286793424,-1.1343545270828064
0.5,-1.045983528679342,-0.978145385314066
0.5,-1.0339835286793422,-0.8308502798357704
0.5,-1.0219835286793426,-0.6946542754501301
0.5,-1.0099835286793428,-0.5713366806739462
0.5,-0.997983528679343,-0.4620694519842517
0.5,-0.9859835286793426,-0.3673196302101946
0.5,-0.9739835286793429,-0.2868644765737482
0.5,-0.9619835286793431,-0.219903141606896
0.5,-0.9499835286793427,-0.16522885405723248
0.5,-0.937983528679343,-0.12141737557376966
0.5,-0.9259835286793432,-0.08699160991075756
0.5,-0.9139835286793434,-0.0605349056920767
0.5,-0.9019835286793436,-0.040742792399075765
0.5,-0.8899835286793432,-0.026422970918024036
0.5,-0.8779835286793435,-0.016472701683076546
0.5,-0.8659835286793438,-0.009869745654962809
0.5,-0.8539835286793434,-0.005695836076315039
0.5,-0.8419835286793436,-0.0031792733626431965
0.5,-0.8299835286793438,-0.00172535453445592
0.5,-0.817983528679344,-0.0009150857307479448
0.5,-0.8059835286793443,-0.00047631531374838767
0.5,-0.7939835286793439,-0.00024383780172917825
0.5,-0.7819835286793434,-0.00012256033159925374
0.5,-0.7699835286793437,-5.9899709605473425e-5
0.5,-0.7579835286793439,-2.7622175890751356e-5
0.5,-0.7459835286793435,-1.0884258699810983e-5
0.5,-0.733983528679343,-1.9959094135994863e-6
0.5,-0.7219835286793432,2.989078752677507e-6
0.5,-0.7099835286793434,6.086182483723404e-6
0.5,-0.6979835286793431,8.326095359421009e-6
0.5,-0.6859835286793426,1.0241836576778135e-5
0.5,-0.6739835286793429,1.21174441050452e-5
0.5,-0.6619835286793431,1.4114291341908468e-5
0.5,-0.6499835286793426,1.6335179658948385e-5
0.5,-0.6379835286793422,1.885700974197597e-5
0.5,-0.6259835286793425,2.174769537832233e-5
0.5,-0.6139835286793427,2.5075249998107634e-5
0.5,-0.6019835286793422,2.8913029395347704e-5
0.5,-0.5899835286793418,3.3343177892005396e-5
0.5,-0.577983528679342,3.845928446226074e-5
0.5,-0.5659835286793423,4.436880098282076e-5
0.5,-0.5539835286793419,5.119547987336564e-5
0.5,-0.5419835286793414,5.908203570120972e-5
0.5,-0.5299835286793416,6.819310637530421e-5
0.5,-0.5179835286793419,7.871860340891963e-5
0.5,-0.5059835286793415,9.087754579704419e-5
0.5,-0.49398352867934103,0.00010492241618290202
0.5,-0.48198352867934124,0.00012114414363090703
0.5,-0.46998352867934146,0.0001398777729444731
0.5,-0.457983528679341,0.00016150891455415104
0.5,-0.44598352867934055,0.0001864810701332735
0.5,-0.43398352867934087,0.0002153039160185796
0.5,-0.4219835286793411,0.00024856266782379797
0.5,-0.4099835286793406,0.0002869286008006571
0.5,-0.39798352867934017,0.00033117084643101267
0.5,-0.3859835286793405,0.0003821695456101464
0.5,-0.3739835286793407,0.0004409304339436512
0.5,-0.36198352867934025,0.0005086009201346638
0.5,-0.3499835286793398,0.0005864876481120371
0.5,-0.33798352867934,0.000676075512884187
0.5,-0.32598352867934033,0.0007790479945314895
0.5,-0.3139835286793399,0.0008973085631545272
0.5,-0.3019835286793394,0.0010330027704657679
0.5,-0.28998352867933963,0.0011885404211042757
0.5,-0.27798352867933995,0.0013666169800521661
0.5,-0.2659835286793395,0.001570233031294141
0.5,-0.25398352867933904,0.0018027101913340754
0.5,-0.24198352867933925,0.0020677014281569183
0.5,-0.22998352867933947,0.0023691931422156233
0.5,-0.217983528679339,0.002711495805982787
0.5,-0.20598352867933856,0.003099219381464978
0.5,-0.19398352867933877,0.0035372293312053403
0.5,-0.1819835286793392,0.0040305790180509725
0.5,-0.16998352867933875,0.0045844150063073215
0.5,-0.1579835286793383,0.005203853814054017
0.5,-0.1459835286793385,0.0058938328389671535
0.5,-0.13398352867933871,0.006658945579006301
0.5,-0.12198352867933826,0.007503283259841584
0.5,-0.1099835286793378,0.008430322716946928
0.5,-0.09798352867933802,0.009442924241658966
0.5,-0.08598352867933823,0.010543530824225154
0.5,-0.07398352867933777,0.011734684290007912
0.5,-0.06198352867933732,0.013019977564519784
0.5,-0.04998352867933775,0.014405517044227377
0.5,-0.03798352867933796,0.01590183735670554
0.5,-0.02598352867933751,0.01752596563577163
0.5,-0.013983528679337054,0.0193030002453893
0.5,-0.0019835286793372653,0.021266284214853805
0.5,0.010016471320662523,0.02345526635311176
0.5,0.022016471320662978,0.02591069179092019
0.5,0.03401647132066343,0.028667820915269787
0.5,0.04601647132066322,0.03174948097283633
0.5,0.05801647132066301,0.03516121722489763
0.5,0.07001647132066346,0.03889021718307247
0.5,0.08201647132066392,0.04290825578550574
0.5,0.09401647132066349,0.047177392805273784
0.5,0.10601647132066327,0.05165633481767319
0.5,0.11801647132066373,0.05630560558893614
0.5,0.13001647132066418,0.06109066751063633
0.5,0.14201647132066397,0.06598321978651446
0.5,0.15401647132066376,0.07096149851314754
0.5,0.16601647132066422,0.0760104138590106
0.5,0.17801647132066467,0.08112204693024
0.5,0.19001647132066446,0.08629670403573193
0.5,0.20201647132066403,0.09154453010137847
0.5,0.21401647132066448,0.09688759669108599
0.5,0.22601647132066494,0.10236232693875545
0.5,0.23801647132066472,0.10802203969966678
0.5,0.2500164713206645,0.11393926787696856
0.5,0.26201647132066497,0.12020735168125958
0.5,0.2740164713206654,0.1269406901488075
0.5,0.2860164713206652,0.13427306057605717
0.5,0.298016471320665,0.14235370471640368
0.5,0.31001647132066545,0.15134146494026451
0.5,0.3220164713206659,0.1613979504692992
0.5,0.3340164713206655,0.17268113625386766
0.5,0.34601647132066526,0.18534062501322862
0.5,0.3580164713206657,0.1995151011217801
0.5,0.3700164713206662,0.21533169743386008
0.5,0.38201647132066596,0.23290649683981013
0.5,0.39401647132066575,0.2523453131841716
0.5,0.4060164713206662,0.27374409293423013
0.5,0.41801647132066666,0.29718854382934906
0.5,0.43001647132066645,0.32275280171937193
0.5,0.442016471320666,0.3504970557949887
0.5,0.45401647132066647,0.38046407965790274
0.5,0.4660164713206669,0.41267458749419844
0.5,0.4780164713206667,0.4471212712950953
0.5,0.4900164713206665,0.4837612870841601
0.5,0.502016471320667,0.5225068485960601
0.5,0.5140164713206674,0.5632134558274663
0.5,0.5260164713206672,0.6056651354534631
0.5,0.538016471320667,0.6495559124967546
0.5,0.5500164713206674,0.6944666049642929
0.5,0.5620164713206679,0.7398360267257497
0.5,0.5740164713206675,0.7849260010670462
0.5,0.5860164713206673,0.8287806460923683
0.5,0.5980164713206677,0.8701829986762271
0.5,0.6100164713206682,0.9076176033715719
0.5,0.622016471320668,0.9392582571160951
0.5,0.6340164713206677,0.9630174250604663
0.5,0.6460164713206682,0.9767154346131357
0.5,0.6580164713206686,0.978436866551853
0.5,0.6700164713206684,0.9670956971674889
0.5,0.682016471320668,0.9430756179438289
0.5,0.6940164713206685,0.9085824605562753
0.5,0.7060164713206689,0.8672959211926395
0.5,0.7180164713206687,0.8233208162886024
0.5,0.7300164713206685,0.7800421582835522
0.5,0.742016471320669,0.7395494066593798
0.5,0.7540164713206694,0.702733817274494
0.5,0.7660164713206692,0.6697033465567812
0.5,0.778016471320669,0.6401858209590867
0.5,0.7900164713206694,0.6137667948794511
0.5,0.7979835286793311,0.5890186789820347
0.5,0.7859835286793313,0.5625984691065801
0.5,0.7739835286793316,0.540932832584437
0.5,0.7619835286793318,0.5215424736467273
0.5,0.7499835286793322,0.503709933561344
0.5,0.7379835286793324,0.4870371138179406
0.5,0.7259835286793326,0.4712552226275535
0.5,0.7139835286793329,0.4561554007324574
0.5,0.7019835286793331,0.44156908036051645
0.5,0.6899835286793334,0.4273555106116764
0.5,0.6779835286793336,0.4133956704037718
0.5,0.6659835286793339,0.3995894471422581
0.5,0.6539835286793342,0.38585470057616766
0.5,0.6419835286793344,0.37212738037204107
0.5,0.6299835286793347,0.3583620860422818
0.5,0.6179835286793349,0.3445325742648957
0.5,0.6059835286793351,0.3306318211267821
0.5,0.5939835286793355,0.3166713696047714
0.5,0.5819835286793357,0.3026798371882536
0.5,0.569983528679336,0.2887006068111753
0.5,0.5579835286793362,0.2747888508824447
0.5,0.5459835286793364,0.2610081222857358
0.5,0.5339835286793366,0.24742677845649227
0.5,0.521983528679337,0.23411448877766677
0.5,0.5099835286793373,0.22113902479097836
0.5,0.4979835286793375,0.20856346431387612
0.5,0.4859835286793377,0.19644387071216135
0.5,0.47398352867933796,0.18482744982579424
0.5,0.46198352867933823,0.17375114747016035
0.5,0.4499835286793385,0.16324063437134695
0.5,0.43798352867933876,0.15330963412959087
0.5,0.425983528679339,0.14395958122583088
0.5,0.41398352867933924,0.1351796429619227
0.5,0.4019835286793395,0.1269471868554651
0.5,0.3899835286793405,0.11922880107359582
0.5,0.37798352867934004,0.1119819560324187
0.5,0.3659835286793396,0.10515731786929242
0.5,0.3539835286793405,0.09870160233247273
0.5,0.3419835286793415,0.09256073176969852
0.5,0.32998352867934105,0.0866829792664306
0.5,0.3179835286793406,0.08102178470483722
0.5,0.30598352867934153,0.0755380029695305
0.5,0.2939835286793425,0.07020145958094164
0.5,0.28198352867934207,0.06499180033940867
0.5,0.2699835286793416,0.05989869803917253
0.5,0.2579835286793426,0.054921510493772335
0.5,0.2459835286793436,0.0500684775291302
0.5,0.23398352867934313,0.045355518353773945
0.5,0.22198352867934268,0.04080466574153966
0.5,0.20998352867934356,0.036442167222039065
0.5,0.19798352867934454,0.03229630548730776
0.5,0.1859835286793441,0.028395039123945476
0.5,0.17398352867934364,0.024763627449322978
0.5,0.16198352867934462,0.02142245705005319
0.5,0.1499835286793456,0.018385307285070523
0.5,0.13798352867934516,0.015658259591255247
0.5,0.1259835286793447,0.01323936991996268
0.5,0.11398352867934558,0.011119104121396267
0.5,0.10198352867934657,0.009281415480436898
0.5,0.08998352867934611,0.007705255204185198
0.5,0.07798352867934566,0.006366270829652395
0.5,0.06598352867934665,0.005238465395020366
0.5,0.05398352867934764,0.004295646643894032
0.5,0.04198352867934718,0.003512568092009058
0.5,0.03148764650950964,0.0029402352651970816
0.5,0.020991764339673535,0.002457664509246205
0.5,0.010495882169837545,0.0020520282272782054
0.5,0.0,0.0017119098435414634
0.6,-0.0012000000000000899,-8.44282896429247e-15
0.6,-0.0025199999999998557,2.1872564208731986e-15
0.6,-0.003972000000000309,2.6035641221229207e-14
0.6,-0.005569200000000052,-1.5606964959100834e-14
0.6,-0.0073261199999997695,-3.544188454085835e-15
0.6,-0.009258731999999936,-2.5866368978893485e-15
0.6,-0.011384605199999953,-7.008965207125462e-15
0.6,-0.013723065720000038,5.728285460056967e-15
0.6,-0.016295372292000065,-1.475168927083054e-14
0.6,-0.01912490952120005,-1.843104191369632e-14
0.6,-0.022237400473320124,-3.534619618286601e-14
0.6,-0.025661140520652048,-1.2246299690269778e-14
0.6,-0.02942725457271711,-1.3949425941134143e-14
0.6,-0.0335699800299889,-7.591577932885815e-15
0.6,-0.038126978032988035,-3.530799713197527e-14
0.6,-0.04313967583628653,1.2704224635622848e-14
0.6,-0.04865364341991518,-1.7484611499333676e-14
0.6,-0.05471900776190708,3.570747607216344e-15
0.6,-0.06139090853809748,-4.0725044102352555e-15
0.6,-0.06872999939190727,-2.9392506050251505e-14
0.6,-0.07680299933109824,-2.5221490589559993e-14
0.6,-0.08568329926420759,-1.0385467651141729e-14
0.6,-0.09545162919062877,-7.135895138840091e-15
0.6,-0.10619679210969157,-2.3352103117873297e-14
0.6,-0.11801647132066084,-1.9702355676173715e-14
0.6,-0.13001647132066052,1.7276371514920143e-14
0.6,-0.14201647132066064,4.443621622370801e-15
0.6,-0.15401647132066076,6.763321829901821e-15
0.6,-0.16601647132066044,2.131702077908503e-14
0.6,-0.17801647132066056,-8.43108771543112e-15
0.6,-0.19001647132066068,1.5997541346821888e-14
0.6,-0.2020164713206607,3.2421010133451246e-15
0.6,-0.21401647132066093,7.733471107183912e-15
0.6,-0.22601647132066072,-4.409654812588038e-15
0.6,-0.23801647132066073,2.0913213816126152e-14
0.6,-0.25001647132066074,-2.2876195929170482e-15
0.6,-0.2620164713206605,-3.1790486304432805e-14
0.6,-0.27401647132066076,-9.776530052363775e-15
0.6,-0.28601647132066077,1.5171301659534565e-14
0.6,-0.2980164713206608,-2.1710067168279092e-14
0.6,-0.310016471320661,-4.8742199472262194e-14
0.6,-0.3220164713206608,-7.778268034120056e-14
0.6,-0.3340164713206608,-1.2890102903316747e-13
0.6,-0.3460164713206608,-3.394714496889402e-13
0.6,-0.3580164713206606,-6.907896481557002e-13
0.6,-0.37001647132066084,-1.4163991601731876e-12
0.6,-0.38201647132066086,-2.9710076859406355e-12
0.6,-0.39401647132066087,-6.213501969291199e-12
0.6,-0.4060164713206611,-1.2966183397458391e-11
0.6,-0.4180164713206609,-2.7153142716986215e-11
0.6,-0.43001647132066134,-5.682567065393755e-11
0.6,-0.44201647132066113,-1.1894741475785914e-10
0.6,-0.4540164713206607,-2.491135670519743e-10
0.6,-0.46601647132066115,-5.219140585920663e-10
0.6,-0.47801647132066094,-1.0938802133365075e-9
0.6,-0.49001647132066073,-2.2931878044765982e-9
0.6,-0.5020164713206612,-4.808749224007577e-9
0.6,-0.514016471320661,-1.0086058038624092e-8
0.6,-0.5260164713206608,-2.1158607155143132e-8
0.6,-0.5380164713206612,-4.439179423394611e-8
0.6,-0.5500164713206608,-9.313844915971952e-8
0.6,-0.5620164713206606,-1.9539308660699575e-7
0.6,-0.574016471320661,-4.097874851436618e-7
0.6,-0.5860164713206615,-8.589144395872477e-7
0.6,-0.5980164713206613,-1.7984116800062511e-6
0.6,-0.6100164713206611,-3.759080863396385e-6
0.6,-0.6220164713206615,-7.835739110891843e-6
0.6,-0.6340164713206613,-1.626330920071911e-5
0.6,-0.6460164713206609,-3.3532319112094385e-5
0.6,-0.6580164713206613,-6.845119798210398e-5
0.6,-0.6700164713206611,-0.00013769141161508702
0.6,-0.6820164713206609,-0.00027121583042144287
0.6,-0.6940164713206614,-0.0005191524555158567
0.6,-0.7060164713206611,-0.0009579526637726557
0.6,-0.7180164713206609,-0.0016924194376598705
0.6,-0.7300164713206614,-0.0028525664759207602
0.6,-0.742016471320661,-0.004590724182929587
0.6,-0.7540164713206607,-0.007088012226667733
0.6,-0.7660164713206612,-0.010574483846229589
0.6,-0.7780164713206617,-0.015359890458554938
0.6,-0.7900164713206614,-0.021870615909602424
0.6,-0.8020164713206612,-0.03069191571195011
0.6,-0.814016471320661,-0.04261783378687472
0.6,-0.8260164713206606,-0.058711980758703014
0.6,-0.838016471320661,-0.08038141432108352
0.6,-0.8500164713206608,-0.10946361337090263
0.6,-0.8620164713206606,-0.14832188386309283
0.6,-0.8740164713206611,-0.19993532702945782
0.6,-0.8860164713206609,-0.26795536283699833
0.6,-0.8980164713206606,-0.35668629008715386
0.6,-0.9100164713206602,-0.4709407725415588
0.6,-0.92201647132066,-0.6157311276950335
0.6,-0.9340164713206605,-0.7957911215167836
0.6,-0.9460164713206602,-1.0149797601350798
0.6,-0.95801647132066,-1.275678413640875
0.6,-0.9700164713206605,-1.5783193634517
0.6,-0.9820164713206603,-1.9211508685922105
0.6,-0.9940164713206598,-2.3002615699272235
0.6,-1.0060164713206596,-2.709799785307867
0.6,-1.0180164713206594,-3.1422740103688414
0.6,-1.0300164713206599,-3.588821327053336
0.6,-1.0420164713206597,-4.039362374089784
0.6,-1.0540164713206595,-4.48259975526288
0.6,-1.06601647132066,-4.905846921326348
0.6,-1.0780164713206595,-5.294698651974646
0.6,-1.0900164713206593,-5.632591259590544
0.6,-1.102016471320659,-5.900394346533743
0.6,-1.1140164713206588,-6.076416772984121
0.6,-1.1260164713206593,-6.137748172631409
0.6,-1.138016471320659,-6.064745460865804
0.6,-1.1500164713206587,-5.850776659553347
0.6,-1.162016471320659,-5.515422121552106
0.6,-1.174016471320659,-5.108620640896793
0.6,-1.1860164713206587,-4.691605754839071
0.6,-1.1980164713206585,-4.307963161170001
0.6,-1.1899835286793419,-3.8511546064638056
0.6,-1.1779835286793414,-3.4975788432002406
0.6,-1.1659835286793416,-3.2092849448320866
0.6,-1.1539835286793418,-2.955231602091322
0.6,-1.1419835286793414,-2.7221141175378603
0.6,-1.1299835286793416,-2.5022171017176396
0.6,-1.117983528679342,-2.2906750384016417
0.6,-1.1059835286793422,-2.0845265056540137
0.6,-1.0939835286793425,-1.8823037471151676
0.6,-1.081983528679342,-1.6837920048256168
0.6,-1.0699835286793422,-1.4898177944751934
0.6,-1.0579835286793424,-1.3020094103231992
0.6,-1.045983528679342,-1.1225151320531852
0.6,-1.0339835286793422,-0.9536896491228304
0.6,-1.0219835286793426,-0.7977753193592703
0.6,-1.0099835286793428,-0.6566147102163729
0.6,-0.997983528679343,-0.5314334695307346
0.6,-0.9859835286793426,-0.42272519747292564
0.6,-0.9739835286793429,-0.3302517946831176
0.6,-0.9619835286793431,-0.25314798312240894
0.6,-0.9499835286793427,-0.1900960137784294
0.6,-0.937983528679343,-0.13952428844200546
0.6,-0.9259835286793432,-0.09978485716389007
0.6,-0.9139835286793434,-0.06927724856227893
0.6,-0.9019835286793436,-0.046506105475106224
0.6,-0.8899835286793432,-0.030084528740669345
0.6,-0.8779835286793435,-0.018717071704378762
0.6,-0.8659835286793438,-0.011201300777495135
0.6,-0.8539835286793434,-0.00646397938142419
0.6,-0.8419835286793436,-0.0036122250655127434
0.6,-0.8299835286793438,-0.0019647922376576344
0.6,-0.817983528679344,-0.0010454316991446529
0.6,-0.8059835286793443,-0.0005462970758844266
0.6,-0.7939835286793439,-0.000280895924679984
0.6,-0.7819835286793434,-0.0001418535491694533
0.6,-0.7699835286793437,-6.967566173819451e-5
0.6,-0.7579835286793439,-3.231367265182381e-5
0.6,-0.7459835286793435,-1.2849516480899273e-5
0.6,-0.733983528679343,-2.4778869485366243e-6
0.6,-0.7219835286793432,3.341713822949996e-6
0.6,-0.7099835286793434,6.93935330822069e-6
0.6,-0.6979835286793431,9.511456972550004e-6
0.6,-0.6859835286793426,1.167806524615185e-5
0.6,-0.6739835286793429,1.3768761430725652e-5
0.6,-0.6619835286793431,1.5968615382537524e-5
0.6,-0.6499835286793426,1.8392519848790936e-5
0.6,-0.6379835286793422,2.112316265294075e-5
0.6,-0.6259835286793425,2.4230590700021127e-5
0.6,-0.6139835286793427,2.778257526567606e-5
0.6,-0.6019835286793422,3.185036462724667e-5
0.6,-0.5899835286793418,3.651220365045989e-5
0.6,-0.577983528679342,4.185580278847247e-5
0.6,-0.5659835286793423,4.7980351107660434e-5
0.6,-0.5539835286793419,5.4998391648292516e-5
0.6,-0.5419835286793414,6.303771938106016e-5
0.6,-0.5299835286793416,7.224337979576032e-5
0.6,-0.5179835286793419,8.277982397326652e-5
0.6,-0.5059835286793415,9.483322287219855e-5
0.6,-0.49398352867934103,0.00010861396723702574
0.6,-0.48198352867934124,0.0001243593337125285
0.6,-0.46998352867934146,0.00014233630191900205
0.6,-0.457983528679341,0.00016284448364102918
0.6,-0.44598352867934055,0.00018621911289464318
0.6,-0.43398352867934087,0.0002128340152505755
0.6,-0.4219835286793411,0.00024310443923540115
0.6,-0.4099835286793406,0.00027748960588457766
0.6,-0.39798352867934017,0.00031649477894196335
0.6,-0.3859835286793405,0.000360672585869597
0.6,-0.3739835286793407,0.000410623281838465
0.6,-0.36198352867934025,0.0004669935466200957
0.6,-0.3499835286793398,0.0005304733313344408
0.6,-0.33798352867934,0.0006017901945177149
0.6,-0.32598352867934033,0.000681700490992913
0.6,-0.3139835286793399,0.0007709767598562612
0.6,-0.3019835286793394,0.0008703906849940534
0.6,-0.28998352867933963,0.0009806912003357962
0.6,-0.27798352867933995,0.0011025777107625098
0.6,-0.2659835286793395,0.001236669189616387
0.6,-0.25398352867933904,0.0013834712874235473
0.6,-0.24198352867933925,0.0015433458380301873
0.6,-0.22998352867933947,0.0017164906632107426
0.6,-0.217983528679339,0.0019029427948505713
0.6,-0.20598352867933856,0.002102625504922431
0.6,-0.19398352867933877,0.0023154688025995482
0.6,-0.1819835286793392,0.0025416431457185714
0.6,-0.16998352867933875,0.0027819534629753245
0.6,-0.1579835286793383,0.003038437669587053
0.6,-0.1459835286793385,0.0033151881991144863
0.6,-0.13398352867933871,0.0036193526051234853
0.6,-0.12198352867933826,0.003962166819322713
0.6,-0.1099835286793378,0.004359762884661513
0.6,-0.09798352867933802,0.0048334498758505415
0.6,-0.08598352867933823,0.005409278339970011
0.6,-0.07398352867933777,0.006116956805314486
0.6,-0.06198352867933732,0.006988432280212948
0.6,-0.04998352867933775,0.008056480797587471
0.6,-0.03798352867933796,0.00935345848777718
0.6,-0.02598352867933751,0.01091011566477078
0.6,-0.013983528679337054,0.01275426334392463
0.6,-0.0019835286793372653,0.01490915488259913
0.6,0.010016471320662523,0.01739164199706311
0.6,0.022016471320662978,0.020210388015698244
0.6,0.03401647132066343,0.023364579664920396
0.6,0.04601647132066322,0.02684358939418116
0.6,0.05801647132066301,0.03062785409975587
0.6,0.07001647132066346,0.03469088718930632
0.6,0.08201647132066392,0.03900197336627894
0.6,0.09401647132066349,0.04352890612811841
0.6,0.10601647132066327,0.04824023193602575
0.6,0.11801647132066373,0.05310679410973022
0.6,0.13001647132066418,0.05810271728767417
0.6,0.14201647132066397,0.06320615862234367
0.6,0.15401647132066376,0.0684001409643366
0.6,0.16601647132066422,0.07367366622974113
0.6,0.17801647132066467,0.07902318903059465
0.6,0.19001647132066446,0.08445445693407591
0.6,0.20201647132066403,0.08998468088221775
0.6,0.21401647132066448,0.09564495131526525
0.6,0.22601647132066494,0.10148273377061273
0.6,0.23801647132066472,0.10756415491005802
0.6,0.2500164713206645,0.11397564677774066
0.6,0.26201647132066497,0.12082440797204859
0.6,0.2740164713206654,0.12823715345805328
0.6,0.2860164713206652,0.13635685720295423
0.6,0.298016471320665,0.14533767588407662
0.6,0.31001647132066545,0.15533884423682892
0.6,0.3220164713206659,0.16651874637233532
0.6,0.3340164713206655,0.17903030520263286
0.6,0.34601647132066526,0.19301829180406424
0.6,0.3580164713206657,0.20861845402616097
0.6,0.3700164713206662,0.22595786594811462
0.6,0.38201647132066596,0.24515575710455428
0.6,0.39401647132066575,0.26632420602250423
0.6,0.4060164713206662,0.28956830572259523
0.6,0.41801647132066666,0.31498560435957984
0.6,0.43001647132066645,0.3426647445951142
0.6,0.442016471320666,0.3726832737229446
0.6,0.45401647132066647,0.4051045933259803
0.6,0.4660164713206669,0.4399739807925491
0.6,0.4780164713206667,0.47731355597198893
0.6,0.4900164713206665,0.5171159876968691
0.6,0.502016471320667,0.5593366346069341
0.6,0.5140164713206674,0.6038836871670589
0.6,0.5260164713206672,0.6506057162536789
0.6,0.538016471320667,0.6992758332437633
0.6,0.5500164713206674,0.7495714303408805
0.6,0.5620164713206679,0.8010482232882907
0.6,0.5740164713206675,0.8531071405458118
0.6,0.5860164713206673,0.9049526921202992
0.6,0.5980164713206677,0.9555422595409788
0.6,0.6100164713206682,1.00352822852175
0.6,0.622016471320668,1.0472008776156068
0.6,0.6340164713206677,1.0844525263544353
0.6,0.6460164713206682,1.112806374956684
0.6,0.6580164713206686,1.1295866391195217
0.6,0.6700164713206684,1.1323319911501872
0.6,0.682016471320668,1.119512234533348
0.6,0.6940164713206685,1.091404151091712
0.6,0.7060164713206689,1.0506327114546894
0.6,0.7180164713206687,1.00175979881875
0.6,0.7300164713206685,0.9498858189133319
0.6,0.742016471320669,0.8991315538634246
0.6,0.7540164713206694,0.8519335348807021
0.6,0.7660164713206692,0.8092368444691481
0.6,0.778016471320669,0.7710776046846874
0.6,0.7900164713206694,0.7370599559149281
0.6,0.7979835286793311,0.7051834388218157
0.6,0.7859835286793313,0.6706407777962523
0.6,0.7739835286793316,0.6428704973275562
0.6,0.7619835286793318,0.6182550790142748
0.6,0.7499835286793322,0.5957477214371033
0.6,0.7379835286793324,0.5747814678096925
0.6,0.7259835286793326,0.5549800164416987
0.6,0.7139835286793329,0.5360584906621726
0.6,0.7019835286793331,0.5177919522236046
0.6,0.6899835286793334,0.4999971486456465
0.6,0.6779835286793336,0.4825234677298578
0.6,0.6659835286793339,0.465248508805657
0.6,0.6539835286793342,0.44807615482157437
0.6,0.6419835286793344,0.4309358907344019
0.6,0.6299835286793347,0.4137825058330238
0.6,0.6179835286793349,0.3965955594741724
0.6,0.6059835286793351,0.37937819687001184
0.6,0.5939835286793355,0.3621551069257506
0.6,0.5819835286793357,0.3449696101866704
0.6,0.569983528679336,0.3278800283509797
0.6,0.5579835286793362,0.31095559589861566
0.6,0.5459835286793364,0.2942722196767037
0.6,0.5339835286793366,0.27790837891880976
0.6,0.521983528679337,0.261941402143193
0.6,0.5099835286793373,0.24644427895384033
0.6,0.4979835286793375,0.23148308261163436
0.6,0.4859835286793377,0.2171150069405329
0.6,0.47398352867933796,0.20338696645006404
0.6,0.46198352867933823,0.190334674546995
0.6,0.4499835286793385,0.17798210157339314
0.6,0.43798352867933876,0.16634122119033715
0.6,0.425983528679339,0.1554119790043534
0.6,0.41398352867933924,0.1451824591107113
0.6,0.4019835286793395,0.13562927722956805
0.6,0.3899835286793405,0.12671828232826407
0.6,0.37798352867934004,0.11840568366956093
0.6,0.3659835286793396,0.11063971474387929
0.6,0.3539835286793405,0.10336288386508999
0.6,0.3419835286793415,0.09651474863481227
0.6,0.32998352867934105,0.09003502109129458
0.6,0.3179835286793406,0.08386671161383692
0.6,0.30598352867934153,0.07795899211417562
0.6,0.2939835286793425,0.07226950982905882
0.6,0.28198352867934207,0.06676598549092806
0.6,0.2699835286793416,0.061427041802157495
0.6,0.2579835286793426,0.05624229490046521
0.6,0.2459835286793436,0.051211787288603754
0.6,0.23398352867934313,0.0463448499810096
0.6,0.22198352867934268,0.041658472107777775
0.6,0.20998352867934356,0.037175249618144786
0.6,0.19798352867934454,0.032920998095311904
0.6,0.1859835286793441,0.028922153945167717
0.6,0.17398352867934364,0.025203144949897505
0.6,0.16198352867934462,0.02178396411309716
0.6,0.1499835286793456,0.018678202574444757
0.6,0.13798352867934516,0.01589176637461138
0.6,0.1259835286793447,0.013422413382036941
0.6,0.11398352867934558,0.011260118699937377
0.6,0.10198352867934657,0.009388144385864335
0.6,0.08998352867934611,0.0077845898716076695
0.6,0.07798352867934566,0.0064241573338480636
0.6,0.06598352867934665,0.005279884072915614
0.6,0.05398352867934764,0.004324655337492544
0.6,0.04198352867934718,0.0035323907949047235
0.6,0.03148764650950964,0.002954077524660384
0.6,0.020991764339673535,0.002467050339016327
0.6,0.010495882169837545,0.0020581359120435366
0.6,0.0,0.0017156404497155296
1.0,-0.0012000000000000899,8.137882304398774e-15
1.0,-0.0025199999999998557,-7.26070821343511e-15
1.0,-0.003972000000000309,5.0102361790271655e-15
1.0,-0.005569200000000052,-1.0346451563804468e-14
1.0,-0.0073261199999997695,9.011188997071131e-15
1.0,-0.009258731999999936,1.968764624716899e-14
1.0,-0.011384605199999953,-2.328103074405168e-14
1.0,-0.013723065720000038,6.975386546480382e-15
1.0,-0.016295372292000065,2.410557597245602e-15
1.0,-0.01912490952120005,1.0261768367285347e-14
1.0,-0.022237400473320124,-9.81293126575882e-15
1.0,-0.025661140520652048,-3.247929878952963e-15
1.0,-0.02942725457271711,4.983645135220375e-15
1.0,-0.0335699800299889,-6.202538081117752e-16
1.0,-0.038126978032988035,-1.202948348767325e-15
1.0,-0.04313967583628653,-1.3424453017875556e-14
1.0,-0.04865364341991518,-7.134696575770297e-15
1.0,-0.05471900776190708,4.238954960421204e-16
1.0,-0.06139090853809748,4.79746976329491e-15
1.0,-0.06872999939190727,-1.48344536479835e-14
1.0,-0.07680299933109824,-7.423674625970922e-15
1.0,-0.08568329926420759,-3.216058252177272e-15
1.0,-0.09545162919062877,1.4979656774324472e-14
1.0,-0.10619679210969157,1.4369255138735028e-14
1.0,-0.11801647132066084,2.0361740960094304e-14
1.0,-0.13001647132066052,1.507563594990765e-14
1.0,-0.14201647132066064,-1.4992467363910707e-14
1.0,-0.15401647132066076,2.0865229154522482e-14
1.0,-0.16601647132066044,-5.519317352102819e-15
1.0,-0.17801647132066056,9.805200917005961e-15
1.0,-0.19001647132066068,-3.005990641250086e-14
1.0,-0.2020164713206607,5.204611743905268e-15
1.0,-0.21401647132066093,-1.2354510882182101e-15
1.0,-0.22601647132066072,1.2159917363081541e-14
1.0,-0.23801647132066073,-3.018998163226809e-15
1.0,-0.25001647132066074,5.835924701957305e-15
1.0,-0.2620164713206605,1.2638175494653425e-14
1.0,-0.27401647132066076,-8.687648997147518e-15
1.0,-0.28601647132066077,-1.4386602660167998e-14
1.0,-0.2980164713206608,-4.9672316568786305e-14
1.0,-0.310016471320661,-1.1403830027046553e-13
1.0,-0.3220164713206608,-2.0733711803447451e-13
1.0,-0.3340164713206608,-4.349830942704591e-13
1.0,-0.3460164713206608,-8.870201238752765e-13
1.0,-0.3580164713206606,-1.8926377711753396e-12
1.0,-0.37001647132066084,-3.957006538802686e-12
1.0,-0.38201647132066086,-8.266514716958631e-12
1.0,-0.39401647132066087,-1.7313892028182852e-11
1.0,-0.4060164713206611,-3.617218629621703e-11
1.0,-0.4180164713206609,-7.566728755085018e-11
1.0,-0.43001647132066134,-1.5834007954353107e-10
1.0,-0.44201647132066113,-3.315123664292331e-10
1.0,-0.4540164713206607,-6.943556931442912e-10
1.0,-0.46601647132066115,-1.4547114971131106e-9
1.0,-0.47801647132066094,-3.048695758952269e-9
1.0,-0.49001647132066073,-6.391071226224878e-9
1.0,-0.5020164713206612,-1.3400935711753212e-8
1.0,-0.514016471320661,-2.81047347260162e-8
1.0,-0.5260164713206608,-5.894893937311898e-8
1.0,-0.5380164713206612,-1.2364706224663734e-7
1.0,-0.5500164713206608,-2.593235052698937e-7
1.0,-0.5620164713206606,-5.437007338153371e-7
1.0,-0.574016471320661,-1.139203397531093e-6
1.0,-0.5860164713206615,-2.384285610711386e-6
1.0,-0.5980164713206613,-4.980977057498212e-6
1.0,-0.6100164713206611,-1.0375026814791816e-5
1.0,-0.6220164713206615,-2.1510823127736994e-5
1.0,-0.6340164713206613,-4.428323177179878e-5
1.0,-0.6460164713206609,-9.019242722830745e-5
1.0,-0.6580164713206613,-0.00018082677315878155
1.0,-0.6700164713206611,-0.0003545253017356696
1.0,-0.6820164713206609,-0.0006743792812684232
1.0,-0.6940164713206614,-0.0012346255277068817
1.0,-0.7060164713206611,-0.002161571087815916
1.0,-0.7180164713206609,-0.0036091404744933477
1.0,-0.7300164713206614,-0.005756806823167343
1.0,-0.742016471320661,-0.008819983791288217
1.0,-0.7540164713206607,-0.01307574923285842
1.0,-0.7660164713206612,-0.018899249180592704
1.0,-0.7780164713206617,-0.02680617584581789
1.0,-0.7900164713206614,-0.037501068687885844
1.0,-0.8020164713206612,-0.05193417430274359
1.0,-0.814016471320661,-0.07136989621316957
1.0,-0.8260164713206606,-0.09746866967571202
1.0,-0.838016471320661,-0.13238212284741782
1.0,-0.8500164713206608,-0.1788572148877371
1.0,-0.8620164713206606,-0.24033457606793507
1.0,-0.8740164713206611,-0.3210069222952552
1.0,-0.8860164713206609,-0.4257832823685386
1.0,-0.8980164713206606,-0.5601014077076637
1.0,-0.9100164713206602,-0.7295550965148625
1.0,-0.92201647132066,-0.9393537716112741
1.0,-0.9340164713206605,-1.1936970042361068
1.0,-0.9460164713206602,-1.4951995697937936
1.0,-0.95801647132066,-1.844507217697373
1.0,-0.9700164713206605,-2.240185353394041
1.0,-0.9820164713206603,-2.67886979645424
1.0,-0.9940164713206598,-3.155591112416924
1.0,-1.0060164713206596,-3.6641552039541434
1.0,-1.0180164713206594,-4.197480358805372
1.0,-1.0300164713206599,-4.747829764675781
1.0,-1.0420164713206597,-5.306914465711937
1.0,-1.0540164713206595,-5.865863261598894
1.0,-1.06601647132066,-6.415062568438907
1.0,-1.0780164713206595,-6.943865190040295
1.0,-1.0900164713206593,-7.440157711432606
1.0,-1.102016471320659,-7.889768348532384
1.0,-1.1140164713206588,-8.275703598516746
1.0,-1.1260164713206593,-8.577258241939296
1.0,-1.138016471320659,-8.769246906298484
1.0,-1.1500164713206587,-8.822200506706558
1.0,-1.162016471320659,-8.705800904739801
1.0,-1.174016471320659,-8.400027926313227
1.0,-1.1860164713206587,-7.91708940492763
1.0,-1.1980164713206585,-7.320220995701387
1.0,-1.1899835286793419,-6.37847567692743
1.0,-1.1779835286793414,-5.660933433075831
1.0,-1.1659835286793416,-5.10577745231161
1.0,-1.1539835286793418,-4.637425629578693
1.0,-1.1419835286793414,-4.2230915343863575
1.0,-1.1299835286793416,-3.84480483276573
1.0,-1.117983528679342,-3.4917087125811825
1.0,-1.1059835286793422,-3.1571303537224003
1.0,-1.0939835286793425,-2.8372127402376766
1.0,-1.081983528679342,-2.5301509042166916
1.0,-1.0699835286793422,-2.235679877872764
1.0,-1.0579835286793424,-1.9546673887166461
1.0,-1.045983528679342,-1.688747029865425
1.0,-1.0339835286793422,-1.4399660078303693
1.0,-1.0219835286793426,-1.2104434711392875
1.0,-1.0099835286793428,-1.0020516489150024
1.0,-0.997983528679343,-0.8161449809095139
1.0,-0.9859835286793426,-0.6533692012326446
1.0,-0.9739835286793429,-0.5135780824200267
1.0,-0.9619835286793431,-0.39586810297088093
1.0,-0.9499835286793427,-0.2987149785889439
1.0,-0.937983528679343,-0.22017097327048463
1.0,-0.9259835286793432,-0.1580690519311522
1.0,-0.9139835286793434,-0.11018536379412598
1.0,-0.9019835286793436,-0.07433482180603936
1.0,-0.8899835286793432,-0.04840866227140059
1.0,-0.8779835286793435,-0.03039240481124153
1.0,-0.8659835286793438,-0.018406299812496116
1.0,-0.8539835286793434,-0.010779599412374559
1.0,-0.8419835286793436,-0.006128966805485528
1.0,-0.8299835286793438,-0.0033989672262197874
1.0,-0.817983528679344,-0.0018470186189393047
1.0,-0.8059835286793443,-0.000987192032568168
1.0,-0.7939835286793439,-0.0005201445678097219
1.0,-0.7819835286793434,-0.0002700882041353977
1.0,-0.7699835286793437,-0.00013749605427214862
1.0,-0.7579835286793439,-6.753011342883578e-5
1.0,-0.7459835286793435,-3.056905579450146e-5
1.0,-0.733983528679343,-1.0838595194815077e-5
1.0,-0.7219835286793432,-2.1511599183693377e-8
1.0,-0.7099835286793434,6.238932881726288e-6
1.0,-0.6979835286793431,1.0216751823896594e-5
1.0,-0.6859835286793426,1.3098405979114186e-5
1.0,-0.6739835286793429,1.5505311898025488e-5
1.0,-0.6619835286793431,1.7766331237559797e-5
1.0,-0.6499835286793426,2.0059138304009333e-5
1.0,-0.6379835286793422,2.2483190497168842e-5
1.0,-0.6259835286793425,2.5097136158947876e-5
1.0,-0.6139835286793427,2.7937722229073134e-5
1.0,-0.6019835286793422,3.102904209589493e-5
1.0,-0.5899835286793418,3.438663884040584e-5
1.0,-0.577983528679342,3.801879707655143e-5
1.0,-0.5659835286793423,4.192615972261594e-5
1.0,-0.5539835286793419,4.6100238843138236e-5
1.0,-0.5419835286793414,5.0521072668840597e-5
1.0,-0.5299835286793416,5.515412218916205e-5
1.0,-0.5179835286793419,5.99464552593074e-5
1.0,-0.5059835286793415,6.482226805876684e-5
1.0,-0.49398352867934103,6.967788086614733e-5
1.0,-0.48198352867934124,7.437654246728406e-5
1.0,-0.46998352867934146,7.874374643541721e-5
1.0,-0.457983528679341,8.256446126362492e-5
1.0,-0.44598352867934055,8.55849257291547e-5
1.0,-0.43398352867934087,8.752388645849395e-5
1.0,-0.4219835286793411,8.810190708316587e-5
1.0,-0.4099835286793406,8.710295080264657e-5
1.0,-0.39798352867934017,8.448762870167199e-5
1.0,-0.3859835286793405,8.056980937159493e-5
1.0,-0.3739835286793407,7.621092222102103e-5
1.0,-0.36198352867934025,7.284421143607791e-5
1.0,-0.3499835286793398,7.207835330413948e-5
1.0,-0.33798352867934,7.504568604749932e-5
1.0,-0.32598352867934033,8.214340274461773e-5
1.0,-0.3139835286793399,9.334036984422026e-5
1.0,-0.3019835286793394,0.00010858820303563245
1.0,-0.28998352867933963,0.00012804128211054086
1.0,-0.27798352867933995,0.00015211820631226756
1.0,-0.2659835286793395,0.00018150443868653163
1.0,-0.25398352867933904,0.00021715109770496072
1.0,-0.24198352867933925,0.00026028828145811806
1.0,-0.22998352867933947,0.0003124565732914473
1.0,-0.217983528679339,0.0003755565939602479
1.0,-0.20598352867933856,0.0004519164021199013
1.0,-0.19398352867933877,0.0005443773755746507
1.0,-0.1819835286793392,0.000656400027854557
1.0,-0.16998352867933875,0.0007921917816418452
1.0,-0.1579835286793383,0.0009568589151352875
1.0,-0.1459835286793385,0.001156584601826399
1.0,-0.13398352867933871,0.0013988339845969673
1.0,-0.12198352867933826,0.0016925852581231944
1.0,-0.1099835286793378,0.0020485823888440192
1.0,-0.09798352867933802,0.0024795998821230936
1.0,-0.08598352867933823,0.0030007024089059287
1.0,-0.07398352867933777,0.0036294717687352716
1.0,-0.06198352867933732,0.004386160674439584
1.0,-0.04998352867933775,0.005293718223658907
1.0,-0.03798352867933796,0.0063776182653963835
1.0,-0.02598352867933751,0.00766541399127902
1.0,-0.013983528679337054,0.009185947173470169
1.0,-0.0019835286793372653,0.010968167095782012
1.0,0.010016471320662523,0.013039569243403227
1.0,0.022016471320662978,0.015424347123768537
1.0,0.03401647132066343,0.01814144919603
1.0,0.04601647132066322,0.021202818629546868
1.0,0.05801647132066301,0.02461212961581823
1.0,0.07001647132066346,0.02836429156733876
1.0,0.08201647132066392,0.03244587139861861
1.0,0.09401647132066349,0.0368364204965387
1.0,0.10601647132066327,0.04151054552954761
1.0,0.11801647132066373,0.046440480862735264
1.0,0.13001647132066418,0.051598920567251606
1.0,0.14201647132066397,0.05696192830406838
1.0,0.15401647132066376,0.06251182335772308
1.0,0.16601647132066422,0.06824000338241125
1.0,0.17801647132066467,0.0741496858955195
1.0,0.19001647132066446,0.08025852302625322
1.0,0.20201647132066403,0.08660097186629928
1.0,0.21401647132066448,0.09323020347252908
1.0,0.22601647132066494,0.10021924062430686
1.0,0.23801647132066472,0.10766097715766393
1.0,0.2500164713206645,0.11566680489312664
1.0,0.26201647132066497,0.12436379176466461
1.0,0.2740164713206654,0.13389068980431604
1.0,0.2860164713206652,0.1443933898034586
1.0,0.298016471320665,0.1560206137419792
1.0,0.31001647132066545,0.16892053419523484
1.0,0.3220164713206659,0.18323867236076163
1.0,0.3340164713206655,0.199117026327394
1.0,0.34601647132066526,0.21669409630312644
1.0,0.3580164713206657,0.2361053757669382
1.0,0.3700164713206662,0.25748392875287895
1.0,0.38201647132066596,0.2809607913241653
1.0,0.39401647132066575,0.3066650528201871
1.0,0.4060164713206662,0.3347235579024062
1.0,0.41801647132066666,0.3652602190512375
1.0,0.43001647132066645,0.3983949484891211
1.0,0.442016471320666,0.4342422180458767
1.0,0.45401647132066647,0.4729092422817379
1.0,0.4660164713206669,0.5144937579256198
1.0,0.4780164713206667,0.5590813421668583
1.0,0.4900164713206665,0.6067421721450842
1.0,0.502016471320667,0.6575270748275179
1.0,0.5140164713206674,0.7114626451426767
1.0,0.5260164713206672,0.7685451131079635
1.0,0.538016471320667,0.8287325066952462
1.0,0.5500164713206674,0.8919344704058428
1.0,0.5620164713206679,0.9579988372751519
1.0,0.5740164713206675,1.0266936827511104
1.0,0.5860164713206673,1.097683071286841
1.0,0.5980164713206677,1.170493993483811
1.0,0.6100164713206682,1.2444710499276743
1.0,0.622016471320668,1.318714310682192
1.0,0.6340164713206677,1.3919947613694323
1.0,0.6460164713206682,1.46264183312344
1.0,0.6580164713206686,1.5284014657884768
1.0,0.6700164713206684,1.5862777292992298
1.0,0.682016471320668,1.6324104674639175
1.0,0.6940164713206685,1.6621279437243919
1.0,0.7060164713206689,1.6704535238615923
1.0,0.7180164713206687,1.6534307557245336
1.0,0.7300164713206685,1.6102820517942158
1.0,0.742016471320669,1.5452572433277114
1.0,0.7540164713206694,1.4670651186272596
1.0,0.7660164713206692,1.385418914284435
1.0,0.778016471320669,1.3074588970439793
1.0,0.7900164713206694,1.2366478864268844
1.0,0.7979835286793311,1.1693246176680228
1.0,0.7859835286793313,1.0928760158060522
1.0,0.7739835286793316,1.035379127295574
1.0,0.7619835286793318,0.9862725700676663
1.0,0.7499835286793322,0.9424053883358448
1.0,0.7379835286793324,0.9021827049818022
1.0,0.7259835286793326,0.8646112901352514
1.0,0.7139835286793329,0.8289997167244801
1.0,0.7019835286793331,0.7948427065383006
1.0,0.6899835286793334,0.7617621450909646
1.0,0.6779835286793336,0.7294756075923177
1.0,0.6659835286793339,0.6977779781960214
1.0,0.6539835286793342,0.6665294861545119
1.0,0.6419835286793344,0.6356466892781545
1.0,0.6299835286793347,0.605094551613826
1.0,0.6179835286793349,0.5748787097981818
1.0,0.6059835286793351,0.5450376225500164
1.0,0.5939835286793355,0.5156346676822974
1.0,0.5819835286793357,0.4867504444222743
1.0,0.569983528679336,0.45847559681202504
1.0,0.5579835286793362,0.43090443884511914
1.0,0.5459835286793364,0.4041295753624679
1.0,0.5339835286793366,0.37823760960591446
1.0,0.521983528679337,0.3533059331336377
1.0,0.5099835286793373,0.3294005198175731
1.0,0.4979835286793375,0.30657459702398726
1.0,0.4859835286793377,0.28486804199623256
1.0,0.47398352867933796,0.26430734511498843
1.0,0.46198352867933823,0.2449059885865575
1.0,0.4499835286793385,0.22666510434874487
1.0,0.43798352867933876,0.20957429507797484
1.0,0.425983528679339,0.19361252515441038
1.0,0.41398352867933924,0.17874901377258717
1.0,0.4019835286793395,0.16494409063663282
1.0,0.3899835286793405,0.1521500068640242
1.0,0.37798352867934004,0.14031173010684866
1.0,0.3659835286793396,0.12936779127327525
1.0,0.3539835286793405,0.11925128400666934
1.0,0.3419835286793415,0.10989113543883972
1.0,0.32998352867934105,0.1012137529912204
1.0,0.3179835286793406,0.09314509640063068
1.0,0.30598352867934153,0.08561312926067537
1.0,0.2939835286793425,0.07855049160850198
1.0,0.28198352867934207,0.071897139453872
1.0,0.2699835286793416,0.06560265139499219
1.0,0.2579835286793426,0.059627920571734466
1.0,0.2459835286793436,0.05394602205170525
1.0,0.23398352867934313,0.048542145836436935
1.0,0.22198352867934268,0.04341258827574801
1.0,0.20998352867934356,0.03856288515580203
1.0,0.19798352867934454,0.03400524669277986
1.0,0.1859835286793441,0.029755523352225383
1.0,0.17398352867934364,0.025829993249466904
1.0,0.16198352867934462,0.02224230677294123
1.0,0.1499835286793456,0.019000931255529794
1.0,0.13798352867934516,0.016107387178722603
1.0,0.1259835286793447,0.013555451940339625
1.0,0.11398352867934558,0.011331347272553478
1.0,0.10198352867934657,0.009414763231340348
1.0,0.08998352867934611,0.007780451071351229
1.0,0.07798352867934566,0.006400068931389708
1.0,0.06598352867934665,0.005243990108196548
1.0,0.05398352867934764,0.004282861542275357
1.0,0.04198352867934718,0.0034887973231359664
1.0,0.03148764650950964,0.0029111193550371167
1.0,0.020991764339673535,0.0024261129561486696
1.0,0.010495882169837545,0.0020200437056994646
1.0,0.0,0.0016808217637168722
