ScanRate,Voltage,Value
0.001,-0.0020000000000000018,2.2802203838897557e-15
0.001,-0.0044000000000000705,-5.6600077403811025e-15
0.001,-0.007279999999999731,-3.903686261762073e-15
0.001,-0.010735999999999857,-1.551714041544968e-15
0.001,-0.014883200000000207,2.456775959598164e-15
0.001,-0.019859840000000073,-6.602310684790273e-15
0.001,-0.025831807999999845,8.949177881101591e-15
0.001,-0.032998169599999905,-6.5243570493177764e-15
0.001,-0.04159780352000009,-1.9117661670913044e-15
0.001,-0.051917364224000284,1.0261074925344406e-15
0.001,-0.06430083706879985,-1.4093615759792558e-15
0.001,-0.07916100448256014,-2.512712075678292e-16
0.001,-0.09699320537907163,-3.95372712771996e-15
0.001,-0.11699320537907165,9.053686831028836e-16
0.001,-0.13699320537907167,1.3708821113144485e-15
0.001,-0.1569932053790717,3.255482773120984e-15
0.001,-0.1769932053790717,-5.465418377981367e-15
0.001,-0.19699320537907172,-5.241795909729051e-15
0.001,-0.21699320537907174,1.5113361432456076e-15
0.001,-0.23699320537907176,-7.520007655407156e-15
0.001,-0.2569932053790718,-2.8799189055236517e-15
0.001,-0.27699320537907157,-1.3958346773861303e-14
0.001,-0.2969932053790716,-3.915069779811472e-14
0.001,-0.3169932053790716,-1.3562490073571542e-13
0.001,-0.3369932053790716,-4.612115107741306e-13
0.001,-0.35699320537907164,-1.5692441343704044e-12
0.001,-0.37699320537907166,-5.337392507565575e-12
0.001,-0.3969932053790717,-1.823988647547909e-11
0.001,-0.4169932053790717,-6.236718509042547e-11
0.001,-0.4369932053790717,-2.1358595906841844e-10
0.001,-0.45699320537907173,-7.321394135150325e-10
0.001,-0.47699320537907175,-2.5120091319896985e-9
0.001,-0.49699320537907177,-8.625472970471326e-9
0.001,-0.5169932053790718,-2.9634783314489136e-8
0.001,-0.5369932053790716,-1.018450286505941e-7
0.001,-0.5569932053790716,-3.4990357120203987e-7
0.001,-0.5769932053790716,-1.2004509549937007e-6
0.001,-0.5969932053790716,-4.1035699634083075e-6
0.001,-0.6169932053790717,-1.3914232419813089e-5
0.001,-0.6369932053790717,-4.638823777187354e-5
0.001,-0.6569932053790717,-0.00014957167801169316
0.001,-0.6769932053790717,-0.0004538228126052611
0.001,-0.6969932053790717,-0.0012501643923331978
0.001,-0.7169932053790717,-0.0030389477877378144
0.001,-0.7369932053790718,-0.006512530010199368
0.001,-0.7569932053790718,-0.012632335603952109
0.001,-0.7769932053790718,-0.02294695075348296
0.001,-0.7969932053790716,-0.04009690032865678
0.001,-0.8169932053790716,-0.06850524996103734
0.001,-0.8369932053790716,-0.11537993375363209
0.001,-0.8569932053790716,-0.1921913233639697
0.001,-0.8769932053790717,-0.3168768072990744
0.001,-0.8969932053790717,-0.5171409488366355
0.001,-0.9169932053790717,-0.8341586069613393
0.001,-0.9369932053790717,-1.3216048213554266
0.001,-0.9569932053790717,-2.0301464975175834
0.001,-0.9769932053790717,-2.978731053931759
0.001,-0.9969932053790718,-4.126082075378365
0.001,-1.0169932053790718,-5.365504369619434
0.001,-1.0369932053790716,-6.560154210076239
0.001,-1.0569932053790716,-7.596670233862056
0.001,-1.0769932053790716,-8.417743347678636
0.001,-1.0969932053790716,-9.020491332291199
0.001,-1.1169932053790717,-9.4360687673204
0.001,-1.1369932053790717,-9.708440290621212
0.001,-1.1569932053790717,-9.880081162702378
0.001,-1.1769932053790717,-9.985184411198851
0.001,-1.1969932053790717,-10.048280988620407
0.001,-1.1830067946209282,-9.99822417440133
0.001,-1.1630067946209282,-9.90006476383888
0.001,-1.1430067946209284,-9.741181168065394
0.001,-1.1230067946209283,-9.488371438069617
0.001,-1.1030067946209283,-9.101149086483671
0.001,-1.0830067946209283,-8.536734525065762
0.001,-1.0630067946209283,-7.762866887901528
0.001,-1.0430067946209283,-6.776787237626428
0.001,-1.0230067946209283,-5.624032301592225
0.001,-1.0030067946209282,-4.403016909759777
0.001,-0.9830067946209282,-3.241585769703313
0.001,-0.9630067946209282,-2.251136879012601
0.001,-0.9430067946209282,-1.4882599629968567
0.001,-0.9230067946209283,-0.9494911757969802
0.001,-0.9030067946209283,-0.5930465189918899
0.001,-0.8930067946209282,-0.4665874357582331
0.001,-0.8810067946209282,-0.34831570503658815
0.001,-0.8666067946209277,-0.24395266177137984
0.001,-0.849326794620928,-0.1579251790160255
0.001,-0.829326794620928,-0.09449937485737761
0.001,-0.8093267946209279,-0.055860669455151835
0.001,-0.7893267946209279,-0.03246736429383525
0.001,-0.7693267946209279,-0.018354514311404314
0.001,-0.7493267946209279,-0.009891109289219295
0.001,-0.729326794620928,-0.004928479624174245
0.001,-0.709326794620928,-0.002195749573895321
0.001,-0.6893267946209279,-0.0008593868956340647
0.001,-0.6693267946209279,-0.00029935154818073816
0.001,-0.6493267946209279,-9.600850633222482e-5
0.001,-0.629326794620928,-2.9321203748459134e-5
0.001,-0.609326794620928,-8.725487028273745e-6
0.001,-0.589326794620928,-2.5634207300288604e-6
0.001,-0.569326794620928,-7.485760133490045e-7
0.001,-0.5493267946209279,-2.1803430658074864e-7
0.001,-0.5293267946209279,-6.344919194466114e-8
0.001,-0.509326794620928,-1.846342433677801e-8
0.001,-0.489326794620928,-5.37500594327073e-9
0.001,-0.46932679462092797,-1.5657990509073284e-9
0.001,-0.44932679462092795,-4.5652081597433796e-10
0.001,-0.42932679462092793,-1.3323027718827017e-10
0.001,-0.4093267946209279,-3.8918876648308625e-11
0.001,-0.3893267946209279,-1.1378340646177622e-11
0.001,-0.369326794620928,-3.336883467548499e-12
0.001,-0.34932679462092797,-9.812720956897934e-13
0.001,-0.32932679462092795,-2.8304880410551625e-13
0.001,-0.30932679462092794,-8.224373387184185e-14
0.001,-0.2893267946209279,-2.5940670417059203e-14
0.001,-0.2693267946209279,-4.60539978545444e-15
0.001,-0.249326794620928,3.214338312446904e-15
0.001,-0.22932679462092798,2.8957529684213994e-15
0.001,-0.20932679462092796,-1.2398597202157328e-15
0.001,-0.18932679462092805,6.428439187775328e-15
0.001,-0.16932679462092803,6.755844223344473e-17
0.001,-0.14932679462092802,-7.640174581070454e-15
0.001,-0.129326794620928,-2.5142994631238864e-15
0.001,-0.10932679462092798,2.9493898139593174e-15
0.001,-0.08932679462092796,-1.8192715346358446e-15
0.001,-0.06932679462092795,6.932477486805461e-16
0.001,-0.04932679462092793,1.226331391217937e-15
0.001,-0.02932679462092791,9.9938280803698e-16
0.001,-0.009326794620927892,2.4274106465409297e-15
0.001,0.010673205379072126,-1.5138118741414072e-15
0.001,0.030673205379072144,-1.1439812150838929e-15
0.001,0.05067320537907216,3.022584694142274e-15
0.001,0.07067320537907196,2.3186826032329346e-15
0.001,0.09067320537907197,-4.287735258489263e-15
0.001,0.11067320537907199,1.3416817353351405e-15
0.001,0.130673205379072,2.1289190671298306e-15
0.001,0.15067320537907203,-1.4531101769303218e-15
0.001,0.17067320537907205,-2.303315633019337e-15
0.001,0.19067320537907206,4.516675719614494e-15
0.001,0.21067320537907208,-6.563051268956945e-16
0.001,0.2306732053790721,2.2123506795509354e-15
0.001,0.2506732053790721,1.1024803992016048e-16
0.001,0.27067320537907213,1.0999753378419385e-15
0.001,0.29067320537907215,-3.522430931105062e-15
0.001,0.31067320537907217,-9.379823673056973e-16
0.001,0.33067320537907197,1.9225201677350915e-15
0.001,0.350673205379072,-5.0107813655399164e-15
0.001,0.370673205379072,1.8936857242566968e-15
0.001,0.390673205379072,-4.294138079608643e-15
0.001,0.41067320537907204,-9.460691962309925e-17
0.001,0.43067320537907205,4.2254120054277486e-15
0.001,0.4506732053790721,-1.1248902930760163e-14
0.001,0.4706732053790721,-7.70127293793844e-15
0.001,0.4906732053790721,-2.318162635896826e-15
0.001,0.5106732053790721,2.2589288587526705e-15
0.001,0.5306732053790721,1.864989952036575e-15
0.001,0.5506732053790722,-4.2972032132335644e-15
0.001,0.5706732053790722,5.750905985325137e-15
0.001,0.590673205379072,4.839246216217453e-15
0.001,0.610673205379072,-7.586564871203268e-16
0.001,0.630673205379072,8.532019524300269e-16
0.001,0.650673205379072,1.795009451666014e-15
0.001,0.670673205379072,-1.4832906294861786e-15
0.001,0.6906732053790721,2.6823307189685733e-15
0.001,0.7106732053790721,-3.476666023909023e-16
0.001,0.7306732053790721,6.751195244479524e-17
0.001,0.7506732053790721,8.409312819572948e-15
0.001,0.7706732053790721,-3.553483715662219e-15
0.001,0.7906732053790722,3.638283684183322e-15
0.001,0.789326794620928,4.478581228514759e-15
0.001,0.769326794620928,-1.904775035325102e-15
0.001,0.7493267946209281,8.376298285647342e-15
0.001,0.7293267946209281,-6.07461119192262e-15
0.001,0.7093267946209281,3.3682254990010243e-15
0.001,0.689326794620928,4.180283788864291e-15
0.001,0.669326794620928,4.0804865736815675e-17
0.001,0.649326794620928,3.672206464977999e-16
0.001,0.629326794620928,5.109271678974098e-15
0.001,0.6093267946209281,-1.6306203615075825e-16
0.001,0.5893267946209281,-3.0814136310228787e-15
0.001,0.5693267946209281,4.566003580269643e-15
0.001,0.549326794620928,-1.2072809532362253e-15
0.001,0.5293267946209281,9.088804379432419e-15
0.001,0.5093267946209281,4.7434800447824956e-15
0.001,0.48932679462092804,-1.7370420723309443e-16
0.001,0.469326794620928,4.152351207382145e-15
0.001,0.44932679462092806,1.0674414644428645e-16
0.001,0.42932679462092804,-1.2594093747273212e-15
0.001,0.409326794620928,4.550603089521766e-15
0.001,0.38932679462092806,-2.0564418855309132e-15
0.001,0.36932679462092805,1.6957697148554274e-15
0.001,0.349326794620928,-2.0953167266899796e-15
0.001,0.32932679462092806,8.703447128493889e-17
0.001,0.30932679462092805,3.777469123511546e-15
0.001,0.28932679462092803,6.225106419641651e-15
0.001,0.269326794620928,-2.7546237371512383e-16
0.001,0.249326794620928,7.03268792242348e-16
0.001,0.2293267946209281,-8.255947994679511e-16
0.001,0.20932679462092807,3.166238939471371e-15
0.001,0.18932679462092805,-1.3554351307774468e-15
0.001,0.16932679462092803,3.0097122103617564e-15
0.001,0.14932679462092802,-2.810590259831752e-15
0.001,0.129326794620928,-7.820354636297629e-16
0.001,0.10932679462092809,-5.934082337370091e-16
0.001,0.08932679462092807,-1.1009534191481084e-15
0.001,0.06932679462092806,3.2593825281467954e-15
0.001,0.05199509596569629,4.549342352142383e-15
0.001,0.03899632197427216,1.868237709242524e-15
0.001,0.025997547982848146,-5.25350604816081e-15
0.001,0.012998773991424128,3.939517495445053e-16
0.001,0.0,1.9661296565689413e-15
0.005,-0.0019999999999998908,-1.4817532740257602e-15
0.005,-0.0043999999999999595,-2.322953079406666e-15
0.005,-0.007280000000000064,-3.2448050197236294e-15
0.005,-0.010735999999999968,8.351733420489204e-16
0.005,-0.014883199999999874,-5.450143124256177e-16
0.005,-0.019859840000000295,1.734711329973166e-15
0.005,-0.025831807999999734,4.225009044902362e-15
0.005,-0.032998169599999794,-2.61407494260873e-15
0.005,-0.041597803519999865,1.582611064001721e-15
0.005,-0.051917364224000284,-1.3626513650949798e-15
0.005,-0.06430083706879997,1.0005882280412734e-15
0.005,-0.0791610044825597,-4.634093927407336e-15
0.005,-0.09699320537907163,1.4093433735031687e-15
0.005,-0.11699320537907165,-3.684637994102298e-15
0.005,-0.13699320537907167,-3.9645913213159326e-15
0.005,-0.1569932053790717,4.830338932315952e-16
0.005,-0.1769932053790717,4.402883282238092e-15
0.005,-0.19699320537907172,4.0866180380560555e-15
0.005,-0.21699320537907174,2.7854436737148776e-15
0.005,-0.23699320537907176,2.1167010318775636e-15
0.005,-0.2569932053790718,-9.316327201292375e-15
0.005,-0.27699320537907157,-1.3737433283556426e-14
0.005,-0.2969932053790716,-3.961776294772998e-14
0.005,-0.3169932053790716,-1.3580648865339002e-13
0.005,-0.3369932053790716,-4.595250386179694e-13
0.005,-0.35699320537907164,-1.5589923817401873e-12
0.005,-0.37699320537907166,-5.3384250264194765e-12
0.005,-0.3969932053790717,-1.8233756223592068e-11
0.005,-0.4169932053790717,-6.23746677001385e-11
0.005,-0.4369932053790717,-2.1358515854797634e-10
0.005,-0.45699320537907173,-7.321463519158771e-10
0.005,-0.47699320537907175,-2.5120000050050313e-9
0.005,-0.49699320537907177,-8.62545374753448e-9
0.005,-0.5169932053790718,-2.9634724670597975e-8
0.005,-0.5369932053790716,-1.01844829632567e-7
0.005,-0.5569932053790716,-3.499028850171248e-7
0.005,-0.5769932053790716,-1.2004486740556055e-6
0.005,-0.5969932053790716,-4.103563137767957e-6
0.005,-0.6169932053790717,-1.3914220185209738e-5
0.005,-0.6369932053790717,-4.638831329562649e-5
0.005,-0.6569932053790717,-0.00014957302650605087
0.005,-0.6769932053790717,-0.000453835460384506
0.005,-0.6969932053790717,-0.0012502472323822494
0.005,-0.7169932053790717,-0.003039330147489159
0.005,-0.7369932053790718,-0.006513846555050683
0.005,-0.7569932053790718,-0.012636146076748732
0.005,-0.7769932053790718,-0.022957292375019003
0.005,-0.7969932053790716,-0.04012481093192734
0.005,-0.8169932053790716,-0.06858161273974603
0.005,-0.8369932053790716,-0.11559235300649931
0.005,-0.8569932053790716,-0.19279068950375453
0.005,-0.8769932053790717,-0.31856557362904303
0.005,-0.8969932053790717,-0.5226215515520846
0.005,-0.9169932053790717,-0.8458213688134602
0.005,-0.9369932053790717,-1.3357007990786434
0.005,-0.9569932053790717,-2.0264863053550406
0.005,-0.9769932053790717,-2.905462727903881
0.005,-0.9969932053790718,-3.8834093032538064
0.005,-1.0169932053790718,-4.812717019043961
0.005,-1.0369932053790716,-5.564391125944592
0.005,-1.0569932053790716,-6.094567116791573
0.005,-1.0769932053790716,-6.4354260096545435
0.005,-1.0969932053790716,-6.643962224473531
0.005,-1.1169932053790717,-6.76861588241695
0.005,-1.1369932053790717,-6.842280121855689
0.005,-1.1569932053790717,-6.885530042739281
0.005,-1.1769932053790717,-6.9108194983402305
0.005,-1.1969932053790717,-6.9255661034978475
0.005,-1.1830067946209282,-6.899295645772167
0.005,-1.1630067946209282,-6.863578946199732
0.005,-1.1430067946209284,-6.805897179254629
0.005,-1.1230067946209283,-6.709510917055441
0.005,-1.1030067946209283,-6.551557020184226
0.005,-1.0830067946209283,-6.300116308357597
0.005,-1.0630067946209283,-5.917043370594303
0.005,-1.0430067946209283,-5.369288232968348
0.005,-1.0230067946209283,-4.650428744122199
0.005,-1.0030067946209282,-3.8025811297188294
0.005,-0.9830067946209282,-2.9166388483210235
0.005,-0.9630067946209282,-2.099189243327072
0.005,-0.9430067946209282,-1.4276361624425409
0.005,-0.9230067946209283,-0.9280765819329329
0.005,-0.9030067946209283,-0.5845450954619411
0.005,-0.8830067946209282,-0.3614392082489115
0.005,-0.8630067946209283,-0.22105582949465086
0.005,-0.8430067946209283,-0.13372234669267874
0.005,-0.8230067946209283,-0.07990246883245167
0.005,-0.8030067946209283,-0.04707498588232454
0.005,-0.7830067946209283,-0.027185520316209934
0.005,-0.7630067946209282,-0.01518661162088577
0.005,-0.7430067946209282,-0.008016841388159736
0.005,-0.7230067946209282,-0.00387029750456891
0.005,-0.7030067946209282,-0.0016568120413766663
0.005,-0.6830067946209283,-0.0006234994282652949
0.005,-0.6630067946209283,-0.00021080294309970906
0.005,-0.6430067946209282,-6.637085583172053e-5
0.005,-0.6230067946209282,-2.00671060149998e-5
0.005,-0.6030067946209282,-5.941489610322296e-6
0.005,-0.5830067946209282,-1.7413176252932867e-6
0.005,-0.5630067946209283,-5.07957516659754e-7
0.005,-0.5430067946209283,-1.4788992151704015e-7
0.005,-0.5230067946209283,-4.303349658547141e-8
0.005,-0.5030067946209282,-1.2523751936101974e-8
0.005,-0.4830067946209282,-3.646567643908113e-9
0.005,-0.4630067946209282,-1.0625507951843154e-9
0.005,-0.4430067946209283,-3.0987982265173135e-10
0.005,-0.4230067946209283,-9.04685859083137e-11
0.005,-0.40300679462092825,-2.644924643921234e-11
0.005,-0.38300679462092824,-7.74464885958803e-12
0.005,-0.3630067946209282,-2.263333017261786e-12
0.005,-0.3430067946209282,-6.770076126919043e-13
0.005,-0.3230067946209283,-2.0725039479205953e-13
0.005,-0.3030067946209283,-5.210968366202616e-14
0.005,-0.28300679462092826,-1.5990571120823783e-14
0.005,-0.26300679462092824,-1.5382111817980697e-14
0.005,-0.24300679462092822,-4.7836640822877875e-15
0.005,-0.2230067946209282,6.128421625942116e-16
0.005,-0.2030067946209282,-2.693995964693777e-16
0.005,-0.18300679462092817,-1.1937121202594895e-15
0.005,-0.16300679462092815,-1.3480921384800577e-15
0.005,-0.14300679462092813,1.3334393501875329e-14
0.005,-0.12300679462092834,-8.32421615441762e-17
0.005,-0.10300679462092832,-6.421903132508209e-15
0.005,-0.0830067946209283,1.577071806659076e-15
0.005,-0.06300679462092829,2.3771106903893198e-15
0.005,-0.04300679462092827,-4.475145972322415e-16
0.005,-0.02300679462092825,-9.779633611582258e-15
0.005,-0.0030067946209282326,5.604171941137521e-16
0.005,0.016993205379071785,-1.4938802750886933e-15
0.005,0.0369932053790718,-3.4854856157062693e-15
0.005,0.05699320537907182,6.36342451514143e-16
0.005,0.07699320537907184,-9.291736746779081e-15
0.005,0.09699320537907186,-4.575777659299224e-15
0.005,0.11699320537907187,-5.351055243530712e-15
0.005,0.13699320537907167,-2.003061930993033e-15
0.005,0.1569932053790717,-2.88248387486592e-15
0.005,0.1769932053790717,-4.301474188225248e-15
0.005,0.19699320537907172,-4.991633558386072e-15
0.005,0.21699320537907174,-1.4314824488145465e-14
0.005,0.23699320537907176,3.1360026193582246e-15
0.005,0.2569932053790718,-1.3961755742372628e-14
0.005,0.2769932053790718,8.5926674988655e-15
0.005,0.2969932053790718,-2.3061798429653853e-15
0.005,0.31699320537907183,-1.6396773904118936e-15
0.005,0.33699320537907185,-3.1319851434081244e-15
0.005,0.35699320537907187,-1.5695029747491374e-14
0.005,0.3769932053790719,-3.4354866460193676e-15
0.005,0.3969932053790717,5.76205266040326e-16
0.005,0.4169932053790717,1.0990097768540308e-14
0.005,0.4369932053790717,-1.508100813097563e-15
0.005,0.45699320537907173,-6.7415428769140374e-15
0.005,0.47699320537907175,5.1058450523240844e-15
0.005,0.49699320537907177,6.5950070129091774e-15
0.005,0.5169932053790718,-8.333688698283079e-16
0.005,0.5369932053790718,1.9556523228230134e-15
0.005,0.5569932053790718,-2.6476331249967257e-15
0.005,0.5769932053790718,-3.7077018177309035e-15
0.005,0.5969932053790719,-2.099334701457556e-15
0.005,0.6169932053790719,5.180627768296154e-15
0.005,0.6369932053790717,-8.50599397190529e-15
0.005,0.6569932053790717,-1.1480089916150588e-14
0.005,0.6769932053790717,4.703186117785762e-15
0.005,0.6969932053790717,-1.2738069929401002e-15
0.005,0.7169932053790717,-6.047836415682793e-15
0.005,0.7369932053790718,4.5616374309039575e-15
0.005,0.7569932053790718,-1.2385460594523374e-14
0.005,0.7769932053790718,-8.093788917923828e-15
0.005,0.7969932053790718,-6.1374125615346895e-15
0.005,0.7830067946209284,1.1322640424592678e-15
0.005,0.7630067946209284,1.4658720479355804e-14
0.005,0.7430067946209283,1.3596934607461182e-14
0.005,0.7230067946209283,7.175872980034647e-15
0.005,0.7030067946209283,7.28029842332366e-16
0.005,0.6830067946209284,-4.455535960896255e-15
0.005,0.6630067946209284,2.3443149378078394e-16
0.005,0.6430067946209284,1.0310135474628542e-14
0.005,0.6230067946209283,7.343094555352236e-16
0.005,0.6030067946209283,-7.078583868963181e-15
0.005,0.5830067946209283,2.5109701058816533e-15
0.005,0.5630067946209283,-4.5545931305106975e-15
0.005,0.5430067946209283,-7.680875293717992e-15
0.005,0.5230067946209284,3.793168206399676e-15
0.005,0.5030067946209283,-2.867506381337522e-15
0.005,0.4830067946209283,6.643937515562913e-15
0.005,0.46300679462092836,-3.98895805619133e-15
0.005,0.44300679462092835,-5.251069774593803e-15
0.005,0.42300679462092833,-9.362654624948645e-15
0.005,0.40300679462092837,-2.8847407745351813e-15
0.005,0.38300679462092835,1.4752662774573385e-14
0.005,0.36300679462092833,1.312897472893955e-14
0.005,0.3430067946209283,-1.2229405796627804e-14
0.005,0.32300679462092835,6.268195520245021e-15
0.005,0.30300679462092833,-7.718894912314797e-15
0.005,0.28300679462092837,-9.504629052546044e-15
0.005,0.26300679462092835,-7.03208435327776e-15
0.005,0.24300679462092833,-7.934135900166569e-15
0.005,0.22300679462092832,3.113329868630647e-15
0.005,0.2030067946209283,-5.4290765319644176e-15
0.005,0.18300679462092828,-8.671243472332298e-17
0.005,0.16300679462092837,1.3263153387616397e-14
0.005,0.14300679462092836,-4.293707350718289e-15
0.005,0.12300679462092834,7.474202743056788e-15
0.005,0.10300679462092832,8.611869228187717e-15
0.005,0.0830067946209283,6.216681392475373e-15
0.005,0.06300679462092829,1.3757939669986599e-15
0.005,0.047255095965696214,5.1701562266934e-15
0.005,0.03150339731046414,9.203052944449937e-15
0.005,0.01575169865523207,7.091811759574883e-15
0.005,0.0,-4.098904025593507e-16
0.01,-0.0019999999999998908,4.464568048930581e-15
0.01,-0.0043999999999999595,-4.97247996495027e-15
0.01,-0.007280000000000064,-1.4710439953602249e-15
0.01,-0.010735999999999968,-4.1700983018061436e-15
0.01,-0.014883199999999874,-1.4620166830412198e-15
0.01,-0.019859840000000295,4.9003457460314396e-15
0.01,-0.025831807999999734,3.1154789009083813e-15
0.01,-0.032998169599999794,2.1186035312710962e-15
0.01,-0.041597803519999865,1.7672586740338488e-15
0.01,-0.051917364224000284,1.7506075438802556e-15
0.01,-0.06430083706879997,4.007248560087017e-16
0.01,-0.0791610044825597,2.505167430143606e-15
0.01,-0.09699320537907163,9.014167727924153e-16
0.01,-0.11699320537907165,-4.149417162989484e-15
0.01,-0.13699320537907167,-4.5318645122258304e-15
0.01,-0.1569932053790717,3.9083745917931725e-16
0.01,-0.1769932053790717,4.317325111153772e-16
0.01,-0.19699320537907172,-2.2949135514569466e-15
0.01,-0.21699320537907174,3.4991088197878678e-15
0.01,-0.23699320537907176,5.161152686997197e-15
0.01,-0.2569932053790718,-6.515078994674221e-15
0.01,-0.27699320537907157,-6.3303030347482506e-15
0.01,-0.2969932053790716,-4.0762087149710424e-14
0.01,-0.3169932053790716,-1.3253869446638538e-13
0.01,-0.3369932053790716,-4.585926829117907e-13
0.01,-0.35699320537907164,-1.5623283323518154e-12
0.01,-0.37699320537907166,-5.335644159894919e-12
0.01,-0.3969932053790717,-1.8238131683884755e-11
0.01,-0.4169932053790717,-6.236830969776932e-11
0.01,-0.4369932053790717,-2.1358157470004377e-10
0.01,-0.45699320537907173,-7.321400514560942e-10
0.01,-0.47699320537907175,-2.5119902072491315e-9
0.01,-0.49699320537907177,-8.625435662139713e-9
0.01,-0.5169932053790718,-2.963465392152363e-8
0.01,-0.5369932053790716,-1.0184457007329352e-7
0.01,-0.5569932053790716,-3.4990201887281027e-7
0.01,-0.5769932053790716,-1.2004457811961296e-6
0.01,-0.5969932053790716,-4.103554256683026e-6
0.01,-0.6169932053790717,-1.3914201130096664e-5
0.01,-0.6369932053790717,-4.63883674656356e-5
0.01,-0.6569932053790717,-0.00014957431961033874
0.01,-0.6769932053790717,-0.00045384805579695426
0.01,-0.6969932053790717,-0.0012503307491282326
0.01,-0.7169932053790717,-0.0030397187707687616
0.01,-0.7369932053790718,-0.0065151961832667585
0.01,-0.7569932053790718,-0.012640084212149742
0.01,-0.7769932053790718,-0.02296803796110616
0.01,-0.7969932053790716,-0.04015388523277715
0.01,-0.8169932053790716,-0.06866130140611666
0.01,-0.8369932053790716,-0.11581460645192626
0.01,-0.8569932053790716,-0.19341888799554213
0.01,-0.8769932053790717,-0.3203255173348707
0.01,-0.8969932053790717,-0.5263507611713755
0.01,-0.9169932053790717,-0.856606892375464
0.01,-0.9369932053790717,-1.3721440862012146
0.01,-0.9569932053790717,-2.139090479060028
0.01,-0.9769932053790717,-3.1970285027302756
0.01,-0.9969932053790718,-4.5127490162608686
0.01,-1.0169932053790718,-5.952370883947068
0.01,-1.0369932053790716,-7.31772508660525
0.01,-1.0569932053790716,-8.442219237656197
0.01,-1.0769932053790716,-9.263686520264958
0.01,-1.0969932053790716,-9.81340300978213
0.01,-1.1169932053790717,-10.159953802682715
0.01,-1.1369932053790717,-10.369252479267749
0.01,-1.1569932053790717,-10.491651231590625
0.01,-1.1769932053790717,-10.561686780254837
0.01,-1.1969932053790717,-10.601309534536735
0.01,-1.1830067946209282,-10.478882776881203
0.01,-1.1630067946209282,-10.326875828209362
0.01,-1.1430067946209284,-10.10740603097019
0.01,-1.1230067946209283,-9.77008092825868
0.01,-1.1030067946209283,-9.269046102210707
0.01,-1.0830067946209283,-8.565830715975066
0.01,-1.0630067946209283,-7.645530060811843
0.01,-1.0430067946209283,-6.535067149247157
0.01,-1.0230067946209283,-5.311316061295843
0.01,-1.0030067946209282,-4.087235113114264
0.01,-0.9830067946209282,-2.977250233861711
0.01,-0.9630067946209282,-2.060912958433795
0.01,-0.9430067946209282,-1.3660970514282385
0.01,-0.9230067946209283,-0.8765317495519686
0.01,-0.9030067946209283,-0.5519754041427983
0.01,-0.8830067946209282,-0.3459616852861733
0.01,-0.8630067946209283,-0.21570512439033807
0.01,-0.8430067946209283,-0.13207079740676297
0.01,-0.8230067946209283,-0.07934863336240659
0.01,-0.8030067946209283,-0.04687488711833074
0.01,-0.7830067946209283,-0.027109370760220654
0.01,-0.7630067946209282,-0.015155732354224603
0.01,-0.7430067946209282,-0.008003329630280293
0.01,-0.7230067946209282,-0.003864113099006257
0.01,-0.7030067946209282,-0.001654092340921726
0.01,-0.6830067946209283,-0.000622432191725108
0.01,-0.6630067946209283,-0.0002104319759211607
0.01,-0.6430067946209282,-6.625240429597929e-5
0.01,-0.6230067946209282,-2.0031044646248885e-5
0.01,-0.6030067946209282,-5.930773139842403e-6
0.01,-0.5830067946209282,-1.7381699722572279e-6
0.01,-0.5630067946209283,-5.070379634473442e-7
0.01,-0.5430067946209283,-1.476218661889735e-7
0.01,-0.5230067946209283,-4.295539655904233e-8
0.01,-0.5030067946209282,-1.2500973638213812e-8
0.01,-0.4830067946209282,-3.639909757080059e-9
0.01,-0.4630067946209282,-1.0606042418559146e-9
0.01,-0.4430067946209283,-3.0931098896072894e-10
0.01,-0.4230067946209283,-9.030094609848589e-11
0.01,-0.40300679462092825,-2.6385120112117497e-11
0.01,-0.38300679462092824,-7.71853290451045e-12
0.01,-0.3630067946209282,-2.26094297597538e-12
0.01,-0.3430067946209282,-6.64091490113925e-13
0.01,-0.3230067946209283,-1.898311538047585e-13
0.01,-0.3030067946209283,-5.799322007634713e-14
0.01,-0.28300679462092826,-1.9807772602616286e-14
0.01,-0.26300679462092824,-4.007469671535777e-15
0.01,-0.24300679462092822,-2.2923236911225888e-15
0.01,-0.2230067946209282,-2.0460295695410458e-16
0.01,-0.2030067946209282,2.2676841030879277e-16
0.01,-0.18300679462092817,-6.3116771902018456e-15
0.01,-0.16300679462092815,2.671440934890488e-15
0.01,-0.14300679462092813,-4.913844968304827e-15
0.01,-0.12300679462092834,1.4216018722538828e-15
0.01,-0.10300679462092832,5.665648700942601e-16
0.01,-0.0830067946209283,1.6923679791982169e-15
0.01,-0.06300679462092829,-1.9369621308222303e-15
0.01,-0.04300679462092827,-8.27116392296134e-15
0.01,-0.02300679462092825,-1.0323247141388707e-15
0.01,-0.0030067946209282326,-6.072085180225163e-16
0.01,0.016993205379071785,-4.049639700939984e-16
0.01,0.0369932053790718,-4.1185762760956665e-16
0.01,0.05699320537907182,-1.80337082972314e-15
0.01,0.07699320537907184,-7.1195420213099305e-16
0.01,0.09699320537907186,-1.1838814254464057e-15
0.01,0.11699320537907187,-1.2462655342399677e-16
0.01,0.13699320537907167,-2.1931009141061791e-16
0.01,0.1569932053790717,5.779758186706813e-16
0.01,0.1769932053790717,-1.3173490198114973e-15
0.01,0.19699320537907172,-3.1408042363802842e-15
0.01,0.21699320537907174,1.8431465352435026e-15
0.01,0.23699320537907176,-2.139290480086683e-15
0.01,0.2569932053790718,-1.4316540420262221e-15
0.01,0.2769932053790718,1.2261651852350954e-15
0.01,0.2969932053790718,-2.4688671674279416e-16
0.01,0.31699320537907183,2.246933296094611e-16
0.01,0.33699320537907185,-1.3642638010455224e-15
0.01,0.35699320537907187,5.8837057628540075e-15
0.01,0.3769932053790719,9.218685675674253e-16
0.01,0.3969932053790717,2.564368766074876e-15
0.01,0.4169932053790717,1.060892988612939e-15
0.01,0.4369932053790717,3.917544852268296e-15
0.01,0.45699320537907173,2.6236602065184725e-15
0.01,0.47699320537907175,-5.6758465254178746e-15
0.01,0.49699320537907177,-9.822035341703976e-16
0.01,0.5169932053790718,-6.790342439980377e-16
0.01,0.5369932053790718,1.6197261878322855e-15
0.01,0.5569932053790718,8.451524350591522e-15
0.01,0.5769932053790718,-3.973079199484161e-15
0.01,0.5969932053790719,2.08665326477027e-15
0.01,0.6169932053790719,-2.3388473994555856e-15
0.01,0.6369932053790717,2.9029301537902605e-15
0.01,0.6569932053790717,-1.2799756192545919e-15
0.01,0.6769932053790717,7.358302003736975e-15
0.01,0.6969932053790717,-4.147238328255186e-15
0.01,0.7169932053790717,-5.26481893008804e-16
0.01,0.7369932053790718,-5.866857703791357e-15
0.01,0.7569932053790718,1.5014406021606696e-15
0.01,0.7769932053790718,3.130498667330238e-16
0.01,0.7969932053790718,-1.2748058749353914e-15
0.01,0.7830067946209284,6.491157703804714e-15
0.01,0.7630067946209284,-1.3483475330276676e-15
0.01,0.7430067946209283,2.193677547108205e-15
0.01,0.7230067946209283,-7.61426919380925e-16
0.01,0.7030067946209283,1.196549394061845e-15
0.01,0.6830067946209284,-7.723051308931907e-16
0.01,0.6630067946209284,2.6868563901626386e-15
0.01,0.6430067946209284,-6.74724461007118e-16
0.01,0.6230067946209283,-4.3534933686891426e-15
0.01,0.6030067946209283,5.638896122080449e-15
0.01,0.5830067946209283,8.520939790523974e-16
0.01,0.5630067946209283,-2.998128471411908e-15
0.01,0.5430067946209283,-3.734448909600823e-15
0.01,0.5230067946209284,-1.2246128652504029e-15
0.01,0.5030067946209283,8.496771086186469e-15
0.01,0.4830067946209283,-6.761391073684893e-16
0.01,0.46300679462092836,1.32284399312492e-16
0.01,0.44300679462092835,-1.971063288737882e-15
0.01,0.42300679462092833,2.1694629515629265e-15
0.01,0.40300679462092837,-7.376512832143515e-18
0.01,0.38300679462092835,-1.2495297958016087e-15
0.01,0.36300679462092833,-3.092672340505305e-15
0.01,0.3430067946209283,-2.4119620697885763e-16
0.01,0.32300679462092835,1.8315759650748254e-15
0.01,0.30300679462092833,7.9306990477583e-16
0.01,0.28300679462092837,-1.9505499188630465e-15
0.01,0.26300679462092835,1.5150224043917759e-15
0.01,0.24300679462092833,8.238629051919703e-16
0.01,0.22300679462092832,3.201312791464835e-15
0.01,0.2030067946209283,-6.621243315683877e-15
0.01,0.18300679462092828,-3.067811277511389e-15
0.01,0.16300679462092837,-2.4248555039030776e-15
0.01,0.14300679462092836,-5.849692396814097e-16
0.01,0.12300679462092834,5.637236057520983e-17
0.01,0.10300679462092832,-5.178842749959e-16
0.01,0.0830067946209283,4.3538585030814294e-16
0.01,0.06300679462092829,1.9957208342016714e-15
0.01,0.047255095965696214,-1.824374784400968e-15
0.01,0.03150339731046414,3.516981769417034e-15
0.01,0.01575169865523207,-1.1879826599870954e-15
0.01,0.0,4.437647189461168e-15
0.05,-0.0020000000000000018,1.5409629084033252e-15
0.05,-0.0044000000000000705,-4.970744745214302e-15
0.05,-0.007280000000000064,-2.0807615652707966e-15
0.05,-0.010735999999999968,-1.3898687117475684e-15
0.05,-0.014883199999999874,3.749938953460534e-15
0.05,-0.019859840000000184,-1.7791092534813567e-15
0.05,-0.025831808000000178,-6.844370850782373e-17
0.05,-0.03299816960000013,6.763022619365967e-16
0.05,-0.041597803519999865,-2.173910351853173e-15
0.05,-0.05191736422399984,-1.7245977541510017e-15
0.05,-0.06430083706880008,1.6047267162244495e-15
0.05,-0.07916100448255992,-1.4718965801784742e-15
0.05,-0.09699320537907208,-2.4776213268108325e-15
0.05,-0.1169932053790721,4.223661156087688e-15
0.05,-0.136993205379072,2.4480066205899488e-15
0.05,-0.1569932053790719,-1.5582678842738097e-15
0.05,-0.17699320537907182,-9.82630521929683e-16
0.05,-0.19699320537907217,5.299895774986359e-16
0.05,-0.21699320537907196,4.955895281514842e-15
0.05,-0.23699320537907198,-3.5572070888293486e-16
0.05,-0.256993205379072,1.9828393717065892e-16
0.05,-0.2769932053790718,-1.544762101826015e-14
0.05,-0.29699320537907203,-3.858155045018472e-14
0.05,-0.31699320537907205,-1.3308695073984785e-13
0.05,-0.33699320537907207,-4.565176640658261e-13
0.05,-0.3569932053790723,-1.5660421960618247e-12
0.05,-0.3769932053790721,-5.336810540808044e-12
0.05,-0.3969932053790721,-1.8234344216663287e-11
0.05,-0.4169932053790717,-6.236977587995703e-11
0.05,-0.43699320537907194,-2.135782632104435e-10
0.05,-0.4569932053790724,-7.321327126179485e-10
0.05,-0.47699320537907264,-2.511936438147128e-9
0.05,-0.4969932053790722,-8.625265238128268e-9
0.05,-0.5169932053790725,-2.963405240448108e-8
0.05,-0.536993205379072,-1.0184250532659383e-7
0.05,-0.5569932053790723,-3.498949599663031e-7
0.05,-0.5769932053790725,-1.200422037554459e-6
0.05,-0.5969932053790721,-4.103478151737506e-6
0.05,-0.6169932053790725,-1.3913999545322115e-5
0.05,-0.6369932053790721,-4.638829024152218e-5
0.05,-0.6569932053790724,-0.00014957967365311403
0.05,-0.6769932053790726,-0.0004539071276409671
0.05,-0.6969932053790728,-0.001250728429984483
0.05,-0.7169932053790724,-0.0030415412984386215
0.05,-0.736993205379072,-0.00652136328664176
0.05,-0.7569932053790722,-0.012657655344470404
0.05,-0.7769932053790727,-0.023015278306615303
0.05,-0.7969932053790729,-0.040280988163358226
0.05,-0.8169932053790725,-0.06901018391411257
0.05,-0.8369932053790721,-0.11679238615661039
0.05,-0.8569932053790723,-0.1961759678127623
0.05,-0.8769932053790725,-0.32786635474150577
0.05,-0.8969932053790721,-0.5455958926667821
0.05,-0.9169932053790717,-0.9022742359107792
0.05,-0.9369932053790719,-1.475434179433301
0.05,-0.9569932053790724,-2.36613583032362
0.05,-0.976993205379072,-3.6788772565593755
0.05,-0.9969932053790715,-5.466535261872405
0.05,-1.0169932053790718,-7.640115308095244
0.05,-1.036993205379072,-9.891952031411126
0.05,-1.0569932053790716,-11.738023519231746
0.05,-1.0769932053790712,-12.759672602469308
0.05,-1.0969932053790714,-12.909857992126334
0.05,-1.1169932053790717,-12.529442633009253
0.05,-1.1369932053790712,-12.018713713358494
0.05,-1.1569932053790708,-11.587662961163014
0.05,-1.1769932053790713,-11.278405755723528
0.05,-1.1969932053790715,-11.06908755634553
0.05,-1.183006794620929,-10.665254021975137
0.05,-1.1630067946209295,-10.312710034890287
0.05,-1.143006794620929,-9.917554088616704
0.05,-1.1230067946209288,-9.390462852998516
0.05,-1.1030067946209292,-8.67514221585437
0.05,-1.0830067946209296,-7.749186039755962
0.05,-1.0630067946209294,-6.639289989893658
0.05,-1.0430067946209292,-5.423468953873709
0.05,-1.0230067946209296,-4.210576662100809
0.05,-1.00300679462093,-3.105404997350938
0.05,-0.9830067946209297,-2.178927204744012
0.05,-0.9630067946209294,-1.457683066030215
0.05,-0.9430067946209297,-0.9314624199156741
0.05,-0.9230067946209302,-0.5690325410339322
0.05,-0.9030067946209299,-0.3324330573718814
0.05,-0.8830067946209297,-0.1859048232907578
0.05,-0.8630067946209301,-0.09989551217622579
0.05,-0.8430067946209305,-0.05206002222165251
0.05,-0.8230067946209303,-0.026791941388877277
0.05,-0.8030067946209299,-0.01406785381974275
0.05,-0.7830067946209304,-0.008031908641895734
0.05,-0.7630067946209308,-0.005753090356572589
0.05,-0.7430067946209304,-0.005406898999023267
0.05,-0.7230067946209302,-0.0033366845004991277
0.05,-0.7030067946209306,-0.001489324158938193
0.05,-0.6830067946209311,-0.0005689325427865149
0.05,-0.6630067946209308,-0.00019510473112841945
0.05,-0.6430067946209305,-6.229617818486269e-5
0.05,-0.6230067946209309,-1.9071675595644374e-5
0.05,-0.6030067946209313,-5.705160112352305e-6
0.05,-0.5830067946209311,-1.6852843404506935e-6
0.05,-0.5630067946209307,-4.94001359988048e-7
0.05,-0.5430067946209312,-1.4367334483807803e-7
0.05,-0.5230067946209316,-4.105115613285772e-8
0.05,-0.5030067946209313,-1.1035004190884601e-8
0.05,-0.4830067946209311,-2.2453343287247805e-9
0.05,-0.4630067946209315,3.4793633603422475e-10
0.05,-0.44300679462093195,1.1347901103455192e-9
0.05,-0.4230067946209316,1.396673352967571e-9
0.05,-0.40300679462093136,1.5077399418169094e-9
0.05,-0.3830067946209318,1.5774298252784056e-9
0.05,-0.3630067946209322,1.6379902355242532e-9
0.05,-0.34300679462093187,1.699159631816217e-9
0.05,-0.3230067946209316,1.764155732428022e-9
0.05,-0.30300679462093205,1.834351766904028e-9
0.05,-0.2830067946209325,1.9106537747749897e-9
0.05,-0.26300679462093224,1.9938783582028172e-9
0.05,-0.2430067946209319,2.0849453726714056e-9
0.05,-0.2230067946209323,2.1848559323802586e-9
0.05,-0.20300679462093274,2.2948022972283526e-9
0.05,-0.1830067946209324,2.4161238840602967e-9
0.05,-0.16300679462093215,2.55040571169712e-9
0.05,-0.14300679462093258,2.6994701279366992e-9
0.05,-0.123006794620933,2.865404782589339e-9
0.05,-0.10300679462093276,3.0506654730264455e-9
0.05,-0.08300679462093252,3.2580623018319624e-9
0.05,-0.06300679462093295,3.4908018702283087e-9
0.05,-0.043006794620933375,3.75259306904847e-9
0.05,-0.023006794620933135,4.047585694263413e-9
0.05,-0.0030067946209326735,4.380407780836391e-9
0.05,0.0169932053790669,4.7560957332274254e-9
0.05,0.036993205379066474,5.179988023322845e-9
0.05,0.056993205379066714,5.657431467008237e-9
0.05,0.07699320537906695,6.193375335628185e-9
0.05,0.09699320537906653,6.791650442218184e-9
0.05,0.1169932053790661,7.453967750317772e-9
0.05,0.13699320537906634,8.178286971479187e-9
0.05,0.1569932053790668,8.956600880160595e-9
0.05,0.17699320537906638,9.77178539525442e-9
0.05,0.19699320537906595,1.0593307295631422e-8
0.05,0.2169932053790662,1.1372118995679183e-8
0.05,0.23699320537906643,1.2035166568369287e-8
0.05,0.256993205379066,1.2482156684834538e-8
0.05,0.2769932053790656,1.2589164779034962e-8
0.05,0.2969932053790658,1.2226602935836068e-8
0.05,0.31699320537906606,1.1298482362799373e-8
0.05,0.33699320537906563,9.799878692767048e-9
0.05,0.3569932053790652,7.866906910428786e-9
0.05,0.37699320537906567,5.77299555777566e-9
0.05,0.3969932053790659,3.84187681048838e-9
0.05,0.4169932053790655,2.315993715226937e-9
0.05,0.43699320537906505,1.2733532216972169e-9
0.05,0.4569932053790653,6.473332783064195e-10
0.05,0.47699320537906553,3.0964384215460327e-10
0.05,0.4969932053790651,1.4179570651544665e-10
0.05,0.5169932053790647,6.305697246386223e-11
0.05,0.5369932053790649,2.7516319510480734e-11
0.05,0.5569932053790654,1.1864123177735717e-11
0.05,0.576993205379065,5.071029952917478e-12
0.05,0.5969932053790645,2.1683100925939355e-12
0.05,0.6169932053790648,9.151863488034996e-13
0.05,0.636993205379065,3.9159944078373133e-13
0.05,0.6569932053790646,1.6368666936046487e-13
0.05,0.6769932053790642,6.477721356749551e-14
0.05,0.6969932053790644,3.004688918853641e-14
0.05,0.7169932053790646,1.4567046556609428e-14
0.05,0.7369932053790642,5.816255663776212e-15
0.05,0.7569932053790638,3.3586118895537903e-15
0.05,0.7769932053790642,4.078211965953858e-15
0.05,0.7969932053790645,2.61314513412859e-16
0.05,0.7830067946209361,4.202293810694281e-15
0.05,0.7630067946209359,-2.742518434652308e-16
0.05,0.7430067946209356,5.330383499107309e-16
0.05,0.7230067946209353,2.1620984103502026e-15
0.05,0.7030067946209351,-1.7622523075579213e-15
0.05,0.6830067946209347,-2.408043359698685e-15
0.05,0.6630067946209345,1.5380937102825186e-16
0.05,0.6430067946209341,1.3246995941348992e-16
0.05,0.6230067946209339,-8.666594493457832e-16
0.05,0.6030067946209337,-1.8811604174393366e-16
0.05,0.5830067946209333,-6.984482201562082e-16
0.05,0.5630067946209331,-5.196361219709127e-16
0.05,0.5430067946209327,-1.142988368780249e-15
0.05,0.5230067946209325,-3.666731444355998e-15
0.05,0.5030067946209322,5.653936466610796e-16
0.05,0.4830067946209319,-3.587674860251267e-16
0.05,0.4630067946209316,5.1529601087746434e-15
0.05,0.4430067946209313,1.6397048253730627e-15
0.05,0.42300679462093105,-3.5414843619921045e-16
0.05,0.40300679462093075,3.581050564172631e-15
0.05,0.3830067946209312,7.677998114517571e-16
0.05,0.36300679462092944,-2.3137488993431885e-15
0.05,0.3430067946209306,7.887122353072335e-15
0.05,0.3230067946209289,3.398682895019827e-16
0.05,0.30300679462093005,3.0142542427695996e-15
0.05,0.28300679462092837,7.817385674685468e-15
0.05,0.26300679462092946,-1.6065893307895932e-15
0.05,0.24300679462092778,1.116570995261834e-15
0.05,0.22300679462092887,4.215069523884493e-15
0.05,0.2030067946209272,3.49466335844353e-15
0.05,0.18300679462092828,1.8759467771822656e-15
0.05,0.1630067946209266,-1.6729061165623695e-15
0.05,0.1430067946209277,1.142184275009258e-15
0.05,0.12300679462092601,-1.9019032433530405e-15
0.05,0.10300679462092721,-1.1723387890563731e-15
0.05,0.08300679462092542,-4.610659715973241e-15
0.05,0.06300679462092662,4.062682780297226e-15
0.05,0.047255095965694216,-4.431609700301903e-16
0.05,0.03150339731046192,-1.4802092494999077e-15
0.05,0.01575169865523096,5.1282140882707244e-15
0.05,0.0,-5.109637752302601e-16
0.1,-0.0020000000000000018,-5.518397782086179e-16
0.1,-0.0044000000000000705,-6.507641958634718e-15
0.1,-0.007280000000000064,8.170989402201103e-16
0.1,-0.010735999999999968,4.893970232581001e-15
0.1,-0.014883199999999874,-1.839766819478685e-16
0.1,-0.019859840000000184,1.2640814613578863e-15
0.1,-0.025831808000000178,-1.4969354200888923e-15
0.1,-0.03299816960000013,6.558589817930738e-16
0.1,-0.041597803519999865,-5.753457644376242e-16
0.1,-0.05191736422399984,-1.081116714993445e-15
0.1,-0.06430083706880008,1.78520348873806e-15
0.1,-0.07916100448255992,5.264590856026886e-15
0.1,-0.09699320537907208,1.023482101545204e-15
0.1,-0.1169932053790721,1.7585231481088336e-15
0.1,-0.136993205379072,-4.9927958031046885e-15
0.1,-0.1569932053790719,8.512619515027615e-16
0.1,-0.17699320537907182,-4.296705991974067e-15
0.1,-0.19699320537907217,-1.496113231519116e-15
0.1,-0.21699320537907196,-1.2518423136194217e-15
0.1,-0.23699320537907198,-4.108458262416521e-15
0.1,-0.256993205379072,-5.480451739067055e-15
0.1,-0.2769932053790718,-9.837021813946936e-15
0.1,-0.29699320537907203,-4.1295726075862025e-14
0.1,-0.31699320537907205,-1.3568158575508443e-13
0.1,-0.33699320537907207,-4.597007660288843e-13
0.1,-0.3569932053790723,-1.5742399639813968e-12
0.1,-0.3769932053790721,-5.336793227851094e-12
0.1,-0.3969932053790721,-1.823260483214409e-11
0.1,-0.4169932053790717,-6.237271727492401e-11
0.1,-0.43699320537907194,-2.135768883357971e-10
0.1,-0.4569932053790724,-7.321148485155741e-10
0.1,-0.47699320537907264,-2.5118705012128582e-9
0.1,-0.4969932053790722,-8.625020120944571e-9
0.1,-0.5169932053790725,-2.9633239414643597e-8
0.1,-0.536993205379072,-1.0183972767502172e-7
0.1,-0.5569932053790723,-3.4988552723422557e-7
0.1,-0.5769932053790725,-1.200390242542399e-6
0.1,-0.5969932053790721,-4.103374734505352e-6
0.1,-0.6169932053790725,-1.3913702223970711e-5
0.1,-0.6369932053790721,-4.6387843739029884e-5
0.1,-0.6569932053790724,-0.00014958327010972542
0.1,-0.6769932053790726,-0.00045395563513894754
0.1,-0.6969932053790728,-0.0012510592908141673
0.1,-0.7169932053790724,-0.003043001237545281
0.1,-0.736993205379072,-0.006525966037775381
0.1,-0.7569932053790722,-0.012669680692276052
0.1,-0.7769932053790727,-0.02304517432077062
0.1,-0.7969932053790729,-0.04035722309345245
0.1,-0.8169932053790725,-0.06921335773002145
0.1,-0.8369932053790721,-0.11735050218505559
0.1,-0.8569932053790723,-0.19769738558237912
0.1,-0.8769932053790725,-0.3317947195586381
0.1,-0.8969932053790721,-0.5550363850731656
0.1,-0.9169932053790717,-0.9238265655358193
0.1,-0.9369932053790719,-1.5236148840990311
0.1,-0.9569932053790724,-2.4733576749949164
0.1,-0.976993205379072,-3.915331508257786
0.1,-0.9969932053790715,-5.972553316135682
0.1,-1.0169932053790718,-8.66088077939102
0.1,-1.036993205379072,-11.772956983105452
0.1,-1.0569932053790716,-14.802066912798697
0.1,-1.0769932053790712,-17.021811992807084
0.1,-1.0969932053790714,-17.828900424768133
0.1,-1.1169932053790717,-17.21672458941512
0.1,-1.1369932053790712,-15.829178075418378
0.1,-1.1569932053790708,-14.388122663868561
0.1,-1.1769932053790713,-13.23913830180868
0.1,-1.1969932053790715,-12.41765407754643
0.1,-1.183006794620929,-11.467551789850297
0.1,-1.1630067946209295,-10.743426561882337
0.1,-1.143006794620929,-10.065489415256028
0.1,-1.1230067946209288,-9.295899615629265
0.1,-1.1030067946209292,-8.364204054091111
0.1,-1.0830067946209296,-7.256782638452733
0.1,-1.0630067946209294,-6.022291538216713
0.1,-1.0430067946209292,-4.756961732571981
0.1,-1.0230067946209296,-3.5693630054451315
0.1,-1.00300679462093,-2.5439246501450774
0.1,-0.9830067946209297,-1.7221834377466019
0.1,-0.9630067946209294,-1.1054500274823333
0.1,-0.9430067946209297,-0.6694299555703752
0.1,-0.9230067946209302,-0.3792999105323462
0.1,-0.9030067946209299,-0.199217848730929
0.1,-0.8830067946209297,-0.0964199159320555
0.1,-0.8630067946209301,-0.04307949316554203
0.1,-0.8430067946209305,-0.01795243222364891
0.1,-0.8230067946209303,-0.0070867181841237515
0.1,-0.8030067946209299,-0.00269244319219783
0.1,-0.7830067946209304,-0.00099766438154249
0.1,-0.7630067946209308,-0.0003640087544368694
0.1,-0.7430067946209304,-0.00013152069889819844
0.1,-0.7230067946209302,-4.7095837174898065e-5
0.1,-0.7030067946209306,-1.6576164423233585e-5
0.1,-0.6830067946209311,-5.556770576912208e-6
0.1,-0.6630067946209308,-1.5867617286875933e-6
0.1,-0.6430067946209305,-1.78193581135358e-7
0.1,-0.6230067946209309,2.864892462274273e-7
0.1,-0.6030067946209313,3.9179453582537747e-7
0.1,-0.5830067946209311,3.502142963516965e-7
0.1,-0.5630067946209307,2.421888545895646e-7
0.1,-0.5430067946209312,1.1351331926520952e-7
0.1,-0.5230067946209316,3.7394453959126044e-8
0.1,-0.5030067946209313,3.2897614087061954e-8
0.1,-0.4830067946209311,4.218919586050537e-8
0.1,-0.4630067946209315,5.1123922687304394e-8
0.1,-0.44300679462093195,6.033090185571793e-8
0.1,-0.4230067946209316,7.07691319287958e-8
0.1,-0.40300679462093136,8.303013783104167e-8
0.1,-0.3830067946209318,9.759553020728823e-8
0.1,-0.3630067946209322,1.1497317783330584e-7
0.1,-0.34300679462093187,1.3575942589053338e-7
0.1,-0.3230067946209316,1.6067825102974652e-7
0.1,-0.30300679462093205,1.906181380549026e-7
0.1,-0.2830067946209325,2.2667503314443285e-7
0.1,-0.26300679462093224,2.702058420144345e-7
0.1,-0.2430067946209319,3.228965404267346e-7
0.1,-0.2230067946209323,3.8684924207122155e-7
0.1,-0.20300679462093274,4.6469436605232596e-7
0.1,-0.1830067946209324,5.597352494428325e-7
0.1,-0.16300679462093215,6.761352772681284e-7
0.1,-0.14300679462093258,8.191606107581955e-7
0.1,-0.123006794620933,9.954952486702692e-7
0.1,-0.10300679462093276,1.213650429314697e-6
0.1,-0.08300679462093252,1.4844961887552382e-6
0.1,-0.06300679462093295,1.8219499609902972e-6
0.1,-0.043006794620933375,2.2438647061053064e-6
0.1,-0.023006794620933135,2.7731667768740285e-6
0.1,-0.0030067946209326735,3.4392982535758763e-6
0.1,0.0169932053790669,4.280018220952763e-6
0.1,0.036993205379066474,5.343603699800303e-6
0.1,0.056993205379066714,6.69145627628605e-6
0.1,0.07699320537906695,8.401045185803629e-6
0.1,0.09699320537906653,1.056897878518188e-5
0.1,0.1169932053790661,1.331374956257778e-5
0.1,0.13699320537906634,1.6777275751567487e-5
0.1,0.1569932053790668,2.112365945002614e-5
0.1,0.17699320537906638,2.6532442978483128e-5
0.1,0.19699320537906595,3.318191261392758e-5
0.1,0.2169932053790662,4.121564977908502e-5
0.1,0.23699320537906643,5.0683130962944796e-5
0.1,0.256993205379066,6.144484115219857e-5
0.1,0.2769932053790656,7.303931010145512e-5
0.1,0.2969932053790658,8.45330786147236e-5
0.1,0.31699320537906606,9.442441256548754e-5
0.1,0.33699320537906563,0.00010073918691912666
0.1,0.3569932053790652,0.00010148112281853277
0.1,0.37699320537906567,9.54542788903373e-5
0.1,0.3969932053790659,8.310522007915832e-5
0.1,0.4169932053790655,6.67102667197325e-5
0.1,0.43699320537906505,4.951171528879485e-5
0.1,0.4569932053790653,3.43053196942296e-5
0.1,0.47699320537906553,2.2511177103380452e-5
0.1,0.4969932053790651,1.4209640454286016e-5
0.1,0.5169932053790647,8.745689492801575e-6
0.1,0.5369932053790649,5.300719073903296e-6
0.1,0.5569932053790654,3.184032122378826e-6
0.1,0.576993205379065,1.9026688331759011e-6
0.1,0.5969932053790645,1.1335035851455817e-6
0.1,0.6169932053790648,6.740311449311559e-7
0.1,0.636993205379065,4.0034430886117115e-7
0.1,0.6569932053790646,2.3760771105460994e-7
0.1,0.6769932053790642,1.4095119809095652e-7
0.1,0.6969932053790644,8.35847929588354e-8
0.1,0.7169932053790646,4.95542993366989e-8
0.1,0.7369932053790642,2.9373670001204563e-8
0.1,0.7569932053790638,1.740942306299348e-8
0.1,0.7769932053790642,1.0317536558451341e-8
0.1,0.7969932053790645,6.1142220161237244e-9
0.1,0.7830067946209361,3.6209489511575525e-9
0.1,0.7630067946209359,2.145036526326788e-9
0.1,0.7430067946209356,1.2709317377864293e-9
0.1,0.7230067946209353,7.530691993466513e-10
0.1,0.7030067946209351,4.462403095787817e-10
0.1,0.6830067946209347,2.64435493571291e-10
0.1,0.6630067946209345,1.5671015457291203e-10
0.1,0.6430067946209341,9.287470649823637e-11
0.1,0.6230067946209339,5.5044621147472005e-11
0.1,0.6030067946209337,3.262830225645e-11
0.1,0.5830067946209333,1.9343736083163423e-11
0.1,0.5630067946209331,1.146627827678406e-11
0.1,0.5430067946209327,6.798356607153996e-12
0.1,0.5230067946209325,4.0347698801566424e-12
0.1,0.5030067946209322,2.396138821253609e-12
0.1,0.4830067946209319,1.4175181313950272e-12
0.1,0.4630067946209316,8.361212329246627e-13
0.1,0.4430067946209313,4.986557691515817e-13
0.1,0.42300679462093105,2.958738072462553e-13
0.1,0.40300679462093075,1.7120922397790346e-13
0.1,0.3830067946209312,1.0644204661802107e-13
0.1,0.36300679462092944,6.007995514718343e-14
0.1,0.3430067946209306,3.2195715063490504e-14
0.1,0.3230067946209289,2.4811989330646907e-14
0.1,0.30300679462093005,1.5820279573351382e-14
0.1,0.28300679462092837,1.3725264132416787e-14
0.1,0.26300679462092946,-2.115588668906528e-15
0.1,0.24300679462092778,6.003256349644254e-15
0.1,0.22300679462092887,6.1876512130187136e-15
0.1,0.2030067946209272,4.48247360104193e-16
0.1,0.18300679462092828,6.688946814039379e-15
0.1,0.1630067946209266,-2.8671130637578537e-15
0.1,0.1430067946209277,-6.66105094552269e-15
0.1,0.12300679462092601,-6.327114593442932e-15
0.1,0.10300679462092721,-1.6896284736211186e-15
0.1,0.08300679462092542,5.643798500232619e-15
0.1,0.06300679462092662,5.535283751276991e-15
0.1,0.047255095965694216,-9.915709149876586e-16
0.1,0.03150339731046192,2.4994720847934636e-15
0.1,0.01575169865523096,-1.3034015713399966e-15
0.1,0.0,4.827654577672257e-15
0.5,-0.0020000000000000018,1.1175626444037263e-15
0.5,-0.0044000000000001815,2.0697573194735056e-15
0.5,-0.007279999999999953,-7.358586437840253e-16
0.5,-0.010735999999999857,-8.90628072099514e-16
0.5,-0.014883200000000096,3.389206163815479e-15
0.5,-0.01985983999999985,-3.645822847609407e-15
0.5,-0.025831808000000178,1.517275327160771e-15
0.5,-0.03299816960000013,4.980974045699474e-15
0.5,-0.041597803519999976,4.2672248289096273e-16
0.5,-0.05191736422400006,-4.891586226339635e-15
0.5,-0.06430083706880008,4.1039627751351773e-16
0.5,-0.07916100448255992,2.37972612851529e-15
0.5,-0.09699320537907208,-1.630244181519436e-16
0.5,-0.1169932053790721,-2.4774468280117166e-16
0.5,-0.1369932053790721,-1.8279964508684782e-15
0.5,-0.1569932053790717,-1.0470757445332545e-15
0.5,-0.17699320537907215,-1.1918784672184455e-15
0.5,-0.19699320537907172,5.686918278110751e-17
0.5,-0.21699320537907218,-3.040829242610367e-15
0.5,-0.23699320537907176,1.0864104954050092e-15
0.5,-0.2569932053790722,-2.283067634041627e-15
0.5,-0.2769932053790718,-1.0808804053412902e-14
0.5,-0.29699320537907226,-4.856170295063796e-14
0.5,-0.31699320537907183,-1.3714843835347306e-13
0.5,-0.3369932053790723,-4.624707194247057e-13
0.5,-0.35699320537907187,-1.5645706825129423e-12
0.5,-0.3769932053790723,-5.330193140382194e-12
0.5,-0.3969932053790719,-1.8228687085769562e-11
0.5,-0.41699320537907236,-6.23558568890839e-11
0.5,-0.43699320537907194,-2.1351602908608857e-10
0.5,-0.4569932053790724,-7.319017904148498e-10
0.5,-0.47699320537907197,-2.511182215560758e-9
0.5,-0.49699320537907243,-8.622673067379106e-9
0.5,-0.516993205379072,-2.962520735181241e-8
0.5,-0.536993205379072,-1.0181230622845422e-7
0.5,-0.556993205379072,-3.4979200182918714e-7
0.5,-0.5769932053790721,-1.200073693745762e-6
0.5,-0.5969932053790721,-4.102327600875867e-6
0.5,-0.6169932053790721,-1.3910485629083984e-5
0.5,-0.6369932053790721,-4.638040776641149e-5
0.5,-0.6569932053790721,-0.0001495890521061452
0.5,-0.6769932053790721,-0.0004541918040209971
0.5,-0.6969932053790722,-0.0012528307556023525
0.5,-0.7169932053790722,-0.0030508172478625945
0.5,-0.7369932053790722,-0.0065493476852402826
0.5,-0.7569932053790722,-0.012724762564727043
0.5,-0.7769932053790722,-0.02316398646526562
0.5,-0.7969932053790723,-0.04061706383384281
0.5,-0.8169932053790723,-0.06981133020835366
0.5,-0.8369932053790723,-0.11877443367052104
0.5,-0.8569932053790723,-0.20105491284703178
0.5,-0.8769932053790723,-0.3393732806558155
0.5,-0.8969932053790723,-0.5714059081363206
0.5,-0.9169932053790724,-0.9584664355362499
0.5,-0.9369932053790724,-1.5972930031542862
0.5,-0.9569932053790724,-2.63289295394944
0.5,-0.9769932053790724,-4.265052701033371
0.5,-0.9969932053790724,-6.733286216789087
0.5,-1.0169932053790725,-10.262459443206346
0.5,-1.0369932053790725,-14.968107217234502
0.5,-1.0569932053790725,-20.75318247531895
0.5,-1.0769932053790725,-27.238041959327372
0.5,-1.0969932053790725,-33.73283510963529
0.5,-1.1169932053790725,-39.24180808141805
0.5,-1.1369932053790726,-42.56214707910548
0.5,-1.1569932053790726,-42.71004470617709
0.5,-1.1769932053790726,-39.79560400015134
0.5,-1.1969932053790726,-35.360483839958526
0.5,-1.1830067946209268,-28.527244062161557
0.5,-1.1630067946209273,-23.72327227205615
0.5,-1.1430067946209277,-19.896129712051597
0.5,-1.1230067946209272,-16.44748192128424
0.5,-1.1030067946209268,-13.225757883647402
0.5,-1.0830067946209272,-10.250091301851059
0.5,-1.0630067946209276,-7.610148326962558
0.5,-1.0430067946209272,-5.394218825493441
0.5,-1.0230067946209267,-3.6428201479219084
0.5,-1.0030067946209271,-2.3369261607704486
0.5,-0.9830067946209275,-1.4147228180580742
0.5,-0.9630067946209271,-0.7982059407975849
0.5,-0.9430067946209266,-0.41255944019798946
0.5,-0.923006794620927,-0.1923232363038101
0.5,-0.9030067946209275,-0.08054008065445419
0.5,-0.883006794620927,-0.030667582097155963
0.5,-0.8630067946209266,-0.010855794046272169
0.5,-0.843006794620927,-0.003650209956809892
0.5,-0.8230067946209274,-0.0011794564077188445
0.5,-0.803006794620927,-0.00036098150545050623
0.5,-0.7830067946209265,-9.280003694251852e-5
0.5,-0.7630067946209269,-2.0722679552255644e-6
0.5,-0.7430067946209273,3.3480091879702026e-5
0.5,-0.7230067946209269,5.3477929476850484e-5
0.5,-0.7030067946209264,7.099426075391091e-5
0.5,-0.6830067946209268,9.080655229750936e-5
0.5,-0.6630067946209273,0.00011526701417909137
0.5,-0.6430067946209268,0.0001462123326495135
0.5,-0.6230067946209263,0.00018563441819117543
0.5,-0.6030067946209268,0.00023598281795867457
0.5,-0.5830067946209272,0.00030037999421944487
0.5,-0.5630067946209267,0.0003828462460006598
0.5,-0.5430067946209263,0.0004885760919706686
0.5,-0.5230067946209267,0.0006242944221720183
0.5,-0.5030067946209271,0.0007987217041202314
0.5,-0.48300679462092666,0.0010231842818396234
0.5,-0.4630067946209262,0.001312417284601011
0.5,-0.4430067946209266,0.0016856230698918352
0.5,-0.42300679462092705,0.0021678692973346146
0.5,-0.4030067946209266,0.002791939114011858
0.5,-0.383006794620927,0.0036007840781349626
0.5,-0.36300679462092655,0.004650781295600532
0.5,-0.343006794620927,0.006016064391912321
0.5,-0.3230067946209265,0.007794287644577052
0.5,-0.30300679462092694,0.010114299924640826
0.5,-0.2830067946209265,0.013146355843016903
0.5,-0.2630067946209269,0.017115678329416097
0.5,-0.24300679462092645,0.022320407636513842
0.5,-0.22300679462092687,0.029155207100613634
0.5,-0.2030067946209264,0.038141994257572635
0.5,-0.18300679462092684,0.04996930886978185
0.5,-0.16300679462092638,0.06554147587980824
0.5,-0.1430067946209268,0.086037514037365
0.5,-0.12300679462092634,0.11297687672121953
0.5,-0.10300679462092677,0.14828330527010553
0.5,-0.0830067946209263,0.19432755968487073
0.5,-0.06300679462092673,0.25391282918514174
0.5,-0.04300679462092627,0.33014330024198363
0.5,-0.023006794620926696,0.42609269650194465
0.5,-0.003006794620926234,0.5441840550044619
0.5,0.01699320537907334,0.685239758581588
0.5,0.0369932053790738,0.8473022529598921
0.5,0.056993205379073375,1.0245613249049474
0.5,0.07699320537907384,1.2069465739993785
0.5,0.09699320537907341,1.3809344968470159
0.5,0.11699320537907387,1.5317074543519447
0.5,0.13699320537907345,1.6461154302497552
0.5,0.1569932053790739,1.7153815043300495
0.5,0.17699320537907348,1.7365616762549079
0.5,0.19699320537907394,1.712379871809165
0.5,0.21699320537907352,1.6497750905577329
0.5,0.23699320537907398,1.5578965956808621
0.5,0.25699320537907355,1.4462528386424451
0.5,0.276993205379074,1.3234260415115486
0.5,0.2969932053790736,1.1964390436558328
0.5,0.31699320537907405,1.0706438946813788
0.5,0.3369932053790736,0.9499149867774884
0.5,0.3569932053790741,0.8369369460374912
0.5,0.37699320537907366,0.7334456998042337
0.5,0.3969932053790741,0.640387413118608
0.5,0.4169932053790737,0.5580557905547606
0.5,0.43699320537907416,0.4862900030210295
0.5,0.45699320537907373,0.4247687946490893
0.5,0.4769932053790742,0.37339815028766643
0.5,0.49699320537907377,0.33274729158501004
0.5,0.5169932053790742,0.30416134862532906
0.5,0.5369932053790738,0.28860738796653546
0.5,0.5569932053790743,0.2846550952749776
0.5,0.5769932053790738,0.2883273749038673
0.5,0.5969932053790743,0.29472665868739506
0.5,0.6169932053790739,0.2991687082871018
0.5,0.6369932053790743,0.29762165333695023
0.5,0.6569932053790739,0.28723303002626527
0.5,0.6769932053790744,0.26724107893165017
0.5,0.6969932053790739,0.2397179088221948
0.5,0.7169932053790744,0.20896567864257656
0.5,0.736993205379074,0.17932797229409758
0.5,0.7569932053790744,0.15328880368423833
0.5,0.776993205379074,0.1313793180327414
0.5,0.7969932053790745,0.11314390020591242
0.5,0.783006794620926,0.09718768373660627
0.5,0.7630067946209256,0.08422071582553012
0.5,0.743006794620926,0.0733389608496252
0.5,0.7230067946209255,0.0640154366612705
0.5,0.703006794620926,0.05594509209989762
0.5,0.6830067946209255,0.0489164810394312
0.5,0.6630067946209259,0.042765783124006154
0.5,0.6430067946209255,0.037362419685928676
0.5,0.6230067946209259,0.03259881341406254
0.5,0.6030067946209254,0.028384482894506846
0.5,0.5830067946209259,0.024642436961430193
0.5,0.5630067946209254,0.021307001671051307
0.5,0.5430067946209258,0.018322649425453516
0.5,0.5230067946209254,0.015643561961587314
0.5,0.5030067946209258,0.013233657516708379
0.5,0.48300679462092533,0.0110666999130627
0.5,0.46300679462092575,0.009125962363173768
0.5,0.4430067946209253,0.0074028809617527865
0.5,0.4230067946209257,0.005894361925950236
0.5,0.40300679462092526,0.004598950707216527
0.5,0.3830067946209257,0.003512729613271133
0.5,0.3630067946209252,0.0026261745134435613
0.5,0.34300679462092565,0.0019229480174836402
0.5,0.3230067946209252,0.0013808234380253154
0.5,0.3030067946209256,0.0009741012792405947
0.5,0.28300679462092515,0.0006764776224806128
0.5,0.2630067946209256,0.0004634658081479443
0.5,0.24300679462092512,0.0003139189675021374
0.5,0.22300679462092554,0.00021063468313042532
0.5,0.20300679462092508,0.0001402722765025773
0.5,0.1830067946209255,9.287424477955259e-5
0.5,0.16300679462092504,6.123302574914335e-5
0.5,0.14300679462092547,4.025890506716996e-5
0.5,0.12300679462092501,2.6428658793887795e-5
0.5,0.10300679462092543,1.734230581733225e-5
0.5,0.08300679462092497,1.1385912607725494e-5
0.5,0.0630067946209254,7.485108156846182e-6
0.5,0.047255095965694105,5.3862916440182105e-6
0.5,0.03150339731046281,3.8814891717842575e-6
0.5,0.015751698655231516,2.801616071143432e-6
0.5,2.220446049250313e-16,2.0257419724053973e-6
1.0,-0.0020000000000000018,-5.846759350056387e-16
1.0,-0.0044000000000001815,-2.6566473384134185e-15
1.0,-0.007279999999999953,2.469518957220076e-16
1.0,-0.010735999999999857,4.567220843484162e-15
1.0,-0.014883200000000096,-5.002634404467039e-15
1.0,-0.01985983999999985,5.0708562906031185e-15
1.0,-0.025831808000000178,1.0048177478877878e-16
1.0,-0.03299816960000013,1.6188111003531584e-15
1.0,-0.041597803519999976,8.067912287879757e-17
1.0,-0.05191736422400006,-6.4382383151388385e-15
1.0,-0.06430083706880008,1.504510285936633e-15
1.0,-0.07916100448255992,-3.0609939005866295e-15
1.0,-0.09699320537907208,-1.93470478348377e-15
1.0,-0.1169932053790721,1.798737813007901e-15
1.0,-0.1369932053790721,3.1140496622482278e-15
1.0,-0.1569932053790717,3.532395907583012e-15
1.0,-0.17699320537907215,1.8118487315418518e-15
1.0,-0.19699320537907172,-5.632878388052386e-15
1.0,-0.21699320537907218,-4.149632652139029e-15
1.0,-0.23699320537907176,-4.748137802843773e-15
1.0,-0.2569932053790722,1.5572882067513367e-15
1.0,-0.2769932053790718,-5.409298419048913e-15
1.0,-0.29699320537907226,-3.6822061591442736e-14
1.0,-0.31699320537907183,-1.3710072945481755e-13
1.0,-0.3369932053790723,-4.656119646157345e-13
1.0,-0.35699320537907187,-1.5579436748625081e-12
1.0,-0.3769932053790723,-5.33382360181025e-12
1.0,-0.3969932053790719,-1.8226983488411347e-11
1.0,-0.41699320537907236,-6.233072064245547e-11
1.0,-0.43699320537907194,-2.1343788512846123e-10
1.0,-0.4569932053790724,-7.31634777318811e-10
1.0,-0.47699320537907197,-2.5102611474535753e-9
1.0,-0.49699320537907243,-8.619502961365136e-9
1.0,-0.516993205379072,-2.9614324720035064e-8
1.0,-0.536993205379072,-1.0177499021528162e-7
1.0,-0.556993205379072,-3.496642818246209e-7
1.0,-0.5769932053790721,-1.1996390723803938e-6
1.0,-0.5969932053790721,-4.100872629651615e-6
1.0,-0.6169932053790721,-1.390584786966366e-5
1.0,-0.6369932053790721,-4.636782692320657e-5
1.0,-0.6569932053790721,-0.00014957433441320855
1.0,-0.6769932053790721,-0.0004543367849401985
1.0,-0.6969932053790722,-0.0012542084175666901
1.0,-0.7169932053790722,-0.003057241376051291
1.0,-0.7369932053790722,-0.006568671256151716
1.0,-0.7569932053790722,-0.012768599214200555
1.0,-0.7769932053790722,-0.023250658156681356
1.0,-0.7969932053790723,-0.0407826421738722
1.0,-0.8169932053790723,-0.07013202970885066
1.0,-0.8369932053790723,-0.11940480799587748
1.0,-0.8569932053790723,-0.2022872619616577
1.0,-0.8769932053790723,-0.3417410845579627
1.0,-0.8969932053790723,-0.5759127715395604
1.0,-0.9169932053790724,-0.9671439486305644
1.0,-0.9369932053790724,-1.6145566419477615
1.0,-0.9569932053790724,-2.668725167620373
1.0,-0.9769932053790724,-4.34197050396503
1.0,-0.9969932053790724,-6.899924470625685
1.0,-1.0169932053790725,-10.616139054135516
1.0,-1.0369932053790725,-15.686358699353102
1.0,-1.0569932053790725,-22.133344646962886
1.0,-1.0769932053790725,-29.749000634553905
1.0,-1.0969932053790725,-38.08610833116506
1.0,-1.1169932053790725,-46.465003886286524
1.0,-1.1369932053790726,-53.95747322360089
1.0,-1.1569932053790726,-59.36601617200451
1.0,-1.1769932053790726,-61.363519766164806
1.0,-1.1969932053790726,-59.18397238130732
1.0,-1.1830067946209268,-46.59832629991758
1.0,-1.1630067946209273,-37.28621451649021
1.0,-1.1430067946209277,-30.241922216351853
1.0,-1.1230067946209272,-24.24900214534417
1.0,-1.1030067946209268,-18.957673776167113
1.0,-1.0830067946209272,-14.318988012784695
1.0,-1.0630067946209276,-10.38578260447499
1.0,-1.0430067946209272,-7.206405915553079
1.0,-1.0230067946209267,-4.770424071070159
1.0,-1.0030067946209271,-3.0009672957778366
1.0,-0.9830067946209275,-1.7799612226729804
1.0,-0.9630067946209271,-0.9817264910665866
1.0,-0.9430067946209266,-0.49441593160539865
1.0,-0.923006794620927,-0.22396327121868828
1.0,-0.9030067946209275,-0.09109039491927584
1.0,-0.883006794620927,-0.03375489864566173
1.0,-0.8630067946209266,-0.011665723546757054
1.0,-0.843006794620927,-0.003840217398540824
1.0,-0.8230067946209274,-0.0012156472752047434
1.0,-0.803006794620927,-0.00036214970865036905
1.0,-0.7830067946209265,-8.611468050468915e-5
1.0,-0.7630067946209269,7.595405104323237e-6
1.0,-0.7430067946209273,4.629344592510184e-5
1.0,-0.7230067946209269,7.077337347106367e-5
1.0,-0.7030067946209264,9.463337115371677e-5
1.0,-0.6830067946209268,0.0001232492652867649
1.0,-0.6630067946209273,0.00015981951589315996
1.0,-0.6430067946209268,0.00020736467346316233
1.0,-0.6230067946209263,0.0002695064170509409
1.0,-0.6030067946209268,0.0003509230710483861
1.0,-0.5830067946209272,0.00045777867787535594
1.0,-0.5630067946209267,0.0005982424374867777
1.0,-0.5430067946209263,0.0007831689335826389
1.0,-0.5230067946209267,0.001027007513971624
1.0,-0.5030067946209271,0.0013490258844484743
1.0,-0.48300679462092666,0.001774961051443329
1.0,-0.4630067946209262,0.0023392519515571426
1.0,-0.4430067946209266,0.0030880645583001454
1.0,-0.42300679462092705,0.004083398700679391
1.0,-0.4030067946209266,0.005408673791835961
1.0,-0.383006794620927,0.007176338740303112
1.0,-0.36300679462092655,0.009538255536468837
1.0,-0.343006794620927,0.01269988396802787
1.0,-0.3230067946209265,0.016939672345072935
1.0,-0.30300679462092694,0.022635564334759502
1.0,-0.2830067946209265,0.03030119493159912
1.0,-0.2630067946209269,0.04063519014728789
1.0,-0.24300679462092645,0.0545879948817146
1.0,-0.22300679462092687,0.07345173909416604
1.0,-0.2030067946209264,0.09897954404788753
1.0,-0.18300679462092684,0.13354073428472552
1.0,-0.16300679462092638,0.18031634666788066
1.0,-0.1430067946209268,0.24353263934465424
1.0,-0.12300679462092634,0.32871477790815873
1.0,-0.10300679462092677,0.4429122746327087
1.0,-0.0830067946209263,0.5947951425603623
1.0,-0.06300679462092673,0.7944430650705936
1.0,-0.04300679462092627,1.052565662806778
1.0,-0.023006794620926696,1.3788568075758298
1.0,-0.003006794620926234,1.779309585484798
1.0,0.01699320537907334,2.2527213278875466
1.0,0.0369932053790738,2.787286351646199
1.0,0.056993205379073375,3.3587816909345927
1.0,0.07699320537907384,3.9318186677727556
1.0,0.09699320537907341,4.464618833888175
1.0,0.11699320537907387,4.9161979591290255
1.0,0.13699320537907345,5.253700487059483
1.0,0.1569932053790739,5.457624605672024
1.0,0.17699320537907348,5.523684110320481
1.0,0.19699320537907394,5.461387591258377
1.0,0.21699320537907352,5.2904314499933704
1.0,0.23699320537907398,5.0363702412879165
1.0,0.25699320537907355,4.72672729905937
1.0,0.276993205379074,4.387992808722409
1.0,0.2969932053790736,4.043323389802973
1.0,0.31699320537907405,3.7107190566194364
1.0,0.3369932053790736,3.4019504901532933
1.0,0.3569932053790741,3.122727720792806
1.0,0.37699320537907366,2.8740542903031354
1.0,0.3969932053790741,2.654058406611794
1.0,0.4169932053790737,2.459571775603457
1.0,0.43699320537907416,2.2871572845554193
1.0,0.45699320537907373,2.133648317729552
1.0,0.4769932053790742,1.9963805597313156
1.0,0.49699320537907377,1.8732726463011897
1.0,0.5169932053790742,1.7628607710282322
1.0,0.5369932053790738,1.6643607159945735
1.0,0.5569932053790743,1.5778108877514803
1.0,0.5769932053790738,1.5042870322015593
1.0,0.5969932053790743,1.446035962836883
1.0,0.6169932053790739,1.4062735199244578
1.0,0.6369932053790743,1.3882979956804071
1.0,0.6569932053790739,1.3938355904490567
1.0,0.6769932053790744,1.4215817974270415
1.0,0.6969932053790739,1.4669361057401982
1.0,0.7169932053790744,1.5226035333587706
1.0,0.736993205379074,1.5790947101012007
1.0,0.7569932053790744,1.6248099907016034
1.0,0.776993205379074,1.6462146417815202
1.0,0.7969932053790745,1.6296994049367006
1.0,0.783006794620926,1.3979747759514525
1.0,0.7630067946209256,1.2035693967314145
1.0,0.743006794620926,1.0545297660000286
1.0,0.7230067946209255,0.9325710255468806
1.0,0.703006794620926,0.8293275326266786
1.0,0.6830067946209255,0.7403236284765627
1.0,0.6630067946209259,0.6628775054059122
1.0,0.6430067946209255,0.5952354357216882
1.0,0.6230067946209259,0.5361274626461044
1.0,0.6030067946209254,0.4845213757092992
1.0,0.5830067946209259,0.43947828690105145
1.0,0.5630067946209254,0.4000722569190067
1.0,0.5430067946209258,0.36536189169261823
1.0,0.5230067946209254,0.3344082034908457
1.0,0.5030067946209258,0.30632480655549665
1.0,0.48300679462092533,0.280333626155016
1.0,0.46300679462092575,0.255799246682992
1.0,0.4430067946209253,0.2322343198203805
1.0,0.4230067946209257,0.20928924834089996
1.0,0.40300679462092526,0.1867437152332293
1.0,0.3830067946209257,0.1645085761354318
1.0,0.3630067946209252,0.14263539654293392
1.0,0.34300679462092565,0.12132298286053389
1.0,0.3230067946209252,0.10090666001943081
1.0,0.3030067946209256,0.08181822547891068
1.0,0.28300679462092515,0.06451422794035187
1.0,0.2630067946209256,0.049385597044110184
1.0,0.24300679462092512,0.036675011484384144
1.0,0.22300679462092554,0.026430076823488847
1.0,0.20300679462092508,0.018506873175259505
1.0,0.1830067946209255,0.012617186894411422
1.0,0.16300679462092504,0.008397029086379282
1.0,0.14300679462092547,0.0054718890984474175
1.0,0.12300679462092501,0.003503097202536233
1.0,0.10300679462092543,0.002211437585894703
1.0,0.08300679462092497,0.0013822983576455069
1.0,0.0630067946209254,0.0008595300946916868
1.0,0.047255095965694105,0.0005906943904757046
1.0,0.03150339731046281,0.000406850904152409
1.0,0.015751698655231516,0.0002815793551842464
1.0,2.220446049250313e-16,0.00019624377476274037
5.0,-0.0019999999999998908,2.1204371747713127e-15
5.0,-0.0044000000000000705,1.5890123318233018e-15
5.0,-0.007280000000000175,4.6539393375732865e-15
5.0,-0.01073600000000019,-4.331578652953287e-15
5.0,-0.014883199999999985,-4.548141752627657e-16
5.0,-0.019859840000000073,-2.713654112006352e-15
5.0,-0.025831807999999845,8.56712023449339e-16
5.0,-0.032998169599999905,-5.184268598081908e-16
5.0,-0.041597803519999976,-1.1949682634709137e-15
5.0,-0.05191736422400017,-6.826615082866582e-16
5.0,-0.06430083706879985,7.329733027800832e-16
5.0,-0.0791610044825598,3.7957950376824166e-15
5.0,-0.09699320537907186,1.9934067341971774e-15
5.0,-0.11699320537907187,4.863857471419869e-15
5.0,-0.1369932053790719,-9.761458947442715e-16
5.0,-0.1569932053790719,-3.022714187159182e-16
5.0,-0.17699320537907193,1.739901294102235e-15
5.0,-0.19699320537907195,4.4402137844920784e-16
5.0,-0.21699320537907196,-6.3685324060936315e-15
5.0,-0.23699320537907198,-1.9696167180580596e-15
5.0,-0.256993205379072,-9.067019224522044e-15
5.0,-0.276993205379072,-1.1759707788611746e-14
5.0,-0.29699320537907203,-3.6682544338731134e-14
5.0,-0.31699320537907205,-1.342392769717751e-13
5.0,-0.33699320537907207,-4.589658303080082e-13
5.0,-0.3569932053790721,-1.559391540472498e-12
5.0,-0.3769932053790721,-5.316146873237211e-12
5.0,-0.3969932053790721,-1.8167279905016544e-11
5.0,-0.41699320537907214,-6.21359439089146e-11
5.0,-0.43699320537907216,-2.1278469686455836e-10
5.0,-0.4569932053790722,-7.293990435544891e-10
5.0,-0.4769932053790722,-2.5025772751746755e-9
5.0,-0.4969932053790722,-8.59312093276012e-9
5.0,-0.5169932053790722,-2.9523742750965125e-8
5.0,-0.5369932053790722,-1.0146401385560648e-7
5.0,-0.5569932053790723,-3.485981164218057e-7
5.0,-0.5769932053790723,-1.1959974458915566e-6
5.0,-0.5969932053790723,-4.088555086618494e-6
5.0,-0.6169932053790723,-1.3865228104625605e-5
5.0,-0.6369932053790723,-4.6242729448077545e-5
5.0,-0.6569932053790724,-0.00014925902809260146
5.0,-0.6769932053790724,-0.0004540122263728909
5.0,-0.6969932053790724,-0.0012565952877478124
5.0,-0.7169932053790724,-0.00307365405964704
5.0,-0.7369932053790724,-0.006623472488787118
5.0,-0.7569932053790724,-0.012895070609992475
5.0,-0.7769932053790725,-0.023489781707167933
5.0,-0.7969932053790725,-0.041196468651397804
5.0,-0.8169932053790725,-0.07082996085968182
5.0,-0.8369932053790725,-0.120581726395922
5.0,-0.8569932053790725,-0.20428197519791513
5.0,-0.8769932053790725,-0.34514919243189013
5.0,-0.8969932053790726,-0.581851979684308
5.0,-0.9169932053790726,-0.9779172445292297
5.0,-0.9369932053790726,-1.6353048488305717
5.0,-0.9569932053790726,-2.7114022298909695
5.0,-0.9769932053790726,-4.434229257106052
5.0,-0.9969932053790727,-7.102687228439709
5.0,-1.0169932053790727,-11.052693970828656
5.0,-1.0369932053790727,-16.581034147997016
5.0,-1.0569932053790727,-23.853750694166916
5.0,-1.0769932053790727,-32.852243878398724
5.0,-1.0969932053790727,-43.385079552812655
5.0,-1.1169932053790728,-55.1412256185967
5.0,-1.1369932053790728,-67.74106215324625
5.0,-1.1569932053790728,-80.7594443248957
5.0,-1.1769932053790728,-93.71548794754851
5.0,-1.1969932053790728,-106.02930204847081
5.0,-1.183006794620927,-90.87338338732795
5.0,-1.163006794620927,-73.66677199970165
5.0,-1.143006794620927,-58.91708419343096
5.0,-1.123006794620927,-46.16942351686746
5.0,-1.103006794620927,-35.220119229424135
5.0,-1.083006794620927,-26.000767392633847
5.0,-1.063006794620927,-18.487201907147607
5.0,-1.043006794620927,-12.621087659906983
5.0,-1.023006794620927,-8.259756648170143
5.0,-1.003006794620927,-5.173623240254545
5.0,-0.983006794620927,-3.087790001323004
5.0,-0.963006794620927,-1.7375095985475615
5.0,-0.943006794620927,-0.9053149305623974
5.0,-0.9230067946209269,-0.4276149006199583
5.0,-0.9030067946209269,-0.18068824712553158
5.0,-0.8830067946209269,-0.06864465750387463
5.0,-0.8630067946209269,-0.02395499718515922
5.0,-0.8430067946209269,-0.007881163180882306
5.0,-0.8230067946209269,-0.0024939737490112988
5.0,-0.8030067946209268,-0.0007643169289048449
5.0,-0.7830067946209268,-0.00022090771001493175
5.0,-0.7630067946209268,-4.9725623007828455e-5
5.0,-0.7430067946209268,7.688837289185723e-6
5.0,-0.7230067946209268,3.1958522364644325e-5
5.0,-0.7030067946209267,4.832614255780289e-5
5.0,-0.6830067946209267,6.517645626130765e-5
5.0,-0.6630067946209267,8.599031400401011e-5
5.0,-0.6430067946209267,0.00011307860247842654
5.0,-0.6230067946209267,0.00014882540701454644
5.0,-0.6030067946209267,0.00019621213518574397
5.0,-0.5830067946209266,0.00025917679914350616
5.0,-0.5630067946209266,0.0003429958428613715
5.0,-0.5430067946209266,0.00045477184382049213
5.0,-0.5230067946209266,0.0006040891424306954
5.0,-0.5030067946209266,0.0008039071501287419
5.0,-0.48300679462092655,0.0010717833297284119
5.0,-0.46300679462092653,0.0014315521911669004
5.0,-0.4430067946209265,0.0019156359251438324
5.0,-0.4230067946209265,0.0025682319384309643
5.0,-0.4030067946209265,0.00344972057042119
5.0,-0.38300679462092646,0.0046427747490564745
5.0,-0.36300679462092644,0.006260849048846326
5.0,-0.3430067946209264,0.008460002265357312
5.0,-0.3230067946209264,0.011455398933644135
5.0,-0.3030067946209264,0.015544387572260832
5.0,-0.28300679462092637,0.02113883037333872
5.0,-0.26300679462092635,0.028810444561852607
5.0,-0.24300679462092634,0.039354415060306125
5.0,-0.22300679462092632,0.05387857013355055
5.0,-0.2030067946209263,0.073928080588023
5.0,-0.18300679462092573,0.10165896132992217
5.0,-0.1630067946209257,0.14007736840130855
5.0,-0.1430067946209257,0.1933649068142724
5.0,-0.12300679462092567,0.2673106571213694
5.0,-0.10300679462092566,0.3698635467443052
5.0,-0.08300679462092564,0.5117946991485754
5.0,-0.06300679462092562,0.7074027151668596
5.0,-0.043006794620925604,0.9750838334106773
5.0,-0.023006794620925586,1.3374060680295217
5.0,-0.003006794620925568,1.8200899585838646
5.0,0.01699320537907445,2.4491231659904535
5.0,0.03699320537907447,3.245388266907059
5.0,0.056993205379074485,4.217003375670802
5.0,0.0769932053790745,5.35111101139479
5.0,0.09699320537907452,6.608362522154447
5.0,0.11699320537907454,7.923448144068626
5.0,0.13699320537907456,9.212961531679637
5.0,0.15699320537907457,10.38872014399565
5.0,0.1769932053790746,11.372486992356546
5.0,0.1969932053790746,12.107966827400746
5.0,0.21699320537907463,12.567418414969032
5.0,0.23699320537907465,12.752101652184853
5.0,0.25699320537907466,12.68740367927323
5.0,0.2769932053790747,12.414654008576909
5.0,0.2969932053790747,11.982180015691576
5.0,0.3169932053790747,11.437907849959826
5.0,0.33699320537907473,10.824854254320021
5.0,0.35699320537907475,10.179543837623822
5.0,0.37699320537907477,9.532204168853175
5.0,0.3969932053790748,8.907092716988025
5.0,0.4169932053790748,8.322004076104331
5.0,0.4369932053790748,7.787513629760276
5.0,0.45699320537907484,7.30722966666813
5.0,0.47699320537907486,6.8794387834852575
5.0,0.4969932053790749,6.499365833300925
5.0,0.5169932053790749,6.1611203986947345
5.0,0.5369932053790749,5.858941280155071
5.0,0.5569932053790749,5.5878090764901005
5.0,0.576993205379075,5.343653751325237
5.0,0.596993205379075,5.123363576300382
5.0,0.616993205379075,4.92473397955071
5.0,0.636993205379075,4.746434871367788
5.0,0.656993205379075,4.588023917177384
5.0,0.676993205379075,4.449955296513438
5.0,0.696993205379075,4.333431433492311
5.0,0.7169932053790751,4.2400878542098654
5.0,0.7369932053790751,4.171874320223828
5.0,0.7569932053790751,4.1310706104470905
5.0,0.7769932053790751,4.119870054982004
5.0,0.7969932053790751,4.139702625986088
5.0,0.783006794620925,3.8604729346117574
5.0,0.763006794620925,3.603804895944562
5.0,0.743006794620925,3.400148064222893
5.0,0.723006794620925,3.231493631707952
5.0,0.703006794620925,3.090020787921576
5.0,0.683006794620925,2.9704212629171356
5.0,0.6630067946209249,2.8682219522840064
5.0,0.6430067946209249,2.779454672600565
5.0,0.6230067946209249,2.7006331983205936
5.0,0.6030067946209249,2.628830813383791
5.0,0.5830067946209249,2.5617656502786517
5.0,0.5630067946209248,2.497775903528362
5.0,0.5430067946209248,2.435666419122227
5.0,0.5230067946209248,2.374514760217737
5.0,0.5030067946209248,2.3135001664161012
5.0,0.4830067946209248,2.2517633058458535
5.0,0.46300679462092476,2.1882858453811918
5.0,0.44300679462092474,2.1217866522376547
5.0,0.4230067946209247,2.0506484167034147
5.0,0.4030067946209247,1.9729059331086862
5.0,0.3830067946209247,1.886339362275499
5.0,0.36300679462092467,1.788715469386248
5.0,0.34300679462092465,1.678195259356388
5.0,0.32300679462092463,1.5538648939789084
5.0,0.3030067946209246,1.4162587771693527
5.0,0.2830067946209246,1.2676826395820169
5.0,0.2630067946209246,1.1121721961981457
5.0,0.24300679462092456,0.9550421323329014
5.0,0.22300679462092454,0.8021246604470105
5.0,0.20300679462092452,0.6588957093898924
5.0,0.1830067946209245,0.5297112832819424
5.0,0.1630067946209245,0.4173300180095786
5.0,0.14300679462092447,0.3227990192105026
5.0,0.12300679462092445,0.24566491526339515
5.0,0.10300679462092444,0.18438750906132131
5.0,0.08300679462092442,0.1368095814185244
5.0,0.0630067946209244,0.10056807389935214
5.0,0.04725509596569355,0.07853744549194515
5.0,0.0315033973104627,0.06110243752026198
5.0,0.01575169865523074,0.04739667116371158
5.0,-1.1102230246251565e-16,0.03668034805595829
