voltages,dlcaps
-1.266315244,30.06735516
-1.261856205,30.40654561
-1.257397166,30.79888153
-1.252938127,31.19846455
-1.248479087,31.65119305
-1.244391635,31.98740199
-1.240304183,32.38255408
-1.235845143,32.84494539
-1.231386104,33.32907803
-1.226927065,33.80354786
-1.222468026,34.27560198
-1.218008987,34.85153134
-1.213549948,35.31392265
-1.209462496,35.79555692
-1.205375043,36.32550525
-1.201287591,36.81776861
-1.197200138,37.38540192
-1.193112686,37.8921595
-1.18939682,38.44086765
-1.185680954,38.94029545
-1.181965088,39.46291401
-1.178249222,40.00872332
-1.174533356,40.54003841
-1.17081749,41.10324078
-1.167101625,41.62151107
-1.163757345,42.11795736
-1.160041479,42.71546272
-1.155954027,43.33575835
-1.152609748,43.81263745
-1.149265468,44.32430267
-1.145549602,44.81938221
-1.141833737,45.3441749
-1.137746284,45.92847656
-1.133287245,46.45850756
-1.128828206,46.91727531
-1.124988478,47.19231185
-1.119835811,47.66017202
-1.115822675,47.89587117
-1.11099205,48.04333745
-1.106533011,48.06607077
-1.100587625,47.82823882
-1.096128586,47.44513402
-1.092041134,46.97932949
-1.089068441,46.5528945
-1.086467335,46.05583831
-1.083494642,45.45970017
-1.080893536,44.79608124
-1.078664017,44.21970732
-1.077363464,43.80401256
-1.07524542,43.12180604
-1.073164535,42.54250021
-1.071975458,42.01517516
-1.070241387,41.49376905
-1.068705496,41.00826451
-1.067516419,40.4247019
-1.066030073,39.98006004
-1.064543726,39.41463301
-1.06305738,38.79364482
-1.061571034,38.15405571
-1.060084687,37.58983654
-1.058598341,36.93937677
-1.057483581,36.41638345
-1.056368821,35.87792964
-1.054882475,35.29184836
-1.053767715,34.76486913
-1.052355686,34.18686392
-1.050980816,33.41752675
-1.049432538,32.85984376
-1.048193916,32.23867967
-1.04670757,31.53785248
-1.045221224,30.85115716
-1.043734877,30.24490475
-1.042620118,29.62552489
-1.041505358,29.13659299
-1.040019011,28.50207686
-1.038532665,27.75667995
-1.037046319,27.1410063
-1.035559972,26.51808554
-1.034073626,25.83356435
-1.03258728,25.2178907
-1.030803664,24.45154331
-1.029614587,23.87783676
-1.028128241,23.33246008
-1.026344625,22.65380271
-1.025155548,22.1685109
-1.023669202,21.6354543
-1.022182855,21.08500464
-1.020993778,20.55072237
-1.018912893,19.96069082
-1.01735223,19.42359237
-1.01623747,18.97451958
-1.014602489,18.4719339
-1.012224335,17.83587686
-1.010663671,17.31979504
-1.008062565,16.77563263
-1.005833045,16.24177508
-1.003603526,15.68472679
-1.00100242,15.14237616
-0.99765814,14.54487126
-0.993942274,13.95143495
-0.989854822,13.39528312
-0.98465261,12.88672708
-0.980193571,12.64131736
-0.975734532,12.4490531
-0.971275493,12.52010049
-0.966816454,12.69502312
-0.962134462,13.05697078
-0.958121327,13.4492075
-0.955111476,13.90427087
-0.95195299,14.332553
-0.948980297,14.89486532
-0.946379191,15.40757307
-0.944149672,15.87574921
-0.941474248,16.48800046
-0.939690633,17.09715446
-0.937461113,17.59117862
-0.935677497,18.23439404
-0.933447978,18.86915707
-0.931515728,19.57965874
-0.930029381,20.0561245
-0.928914622,20.54120413
-0.927799862,20.97072259
-0.926313515,21.50492366
-0.924827169,22.14010113
-0.923340823,22.72261627
-0.922151746,23.36777692
-0.92036813,24.03258873
-0.918584514,24.81567337
-0.917395437,25.38121245
-0.916652264,25.8191032
-0.915165918,26.48689266
-0.913679571,27.26266405
-0.912193225,27.98770567
-0.910706879,28.81420683
-0.909220532,29.43851364
-0.908477359,30.06048097
-0.907362599,30.47091537
-0.905876253,31.18870989
-0.905504666,31.68884312
-0.903721051,32.50149596
-0.902531974,33.15342059
-0.901788801,33.75074775
-0.899930868,34.41499632
-0.899559281,34.97310642
-0.898816108,35.46172694
-0.896958175,36.07162219
-0.896586588,36.69133273
-0.895100242,37.34390326
-0.894357069,37.9528258
-0.892870722,38.53292523
-0.891941756,39.07086743
-0.890938472,39.64071344
-0.88989803,40.36275702
-0.888411683,41.19360645
-0.886925337,42.0128605
-0.886182164,42.49858217
-0.885438991,43.07126916
-0.883952644,43.73833391
-0.882837885,44.33646845
-0.881723125,44.95344548
-0.880979952,45.53627842
-0.879196336,46.23529658
-0.878378845,46.65726023
-0.877264086,47.33148942
-0.876520913,47.96505213
-0.874737297,48.73654139
-0.87354822,49.43397786
-0.872061873,50.01335259
-0.870575527,50.81811242
-0.869460767,51.29014725
-0.868346008,51.89045592
-0.867231248,52.52011539
-0.866116488,53.14325246
-0.864630142,53.67841981
-0.863143795,54.32374323
-0.862400622,54.83990277
-0.860914276,55.37507012
-0.85913066,56.15380649
-0.857941583,56.67296407
-0.856455237,57.34147824
-0.85496889,57.92556358
-0.853730268,58.54365523
-0.851996198,59.08998993
-0.850807121,59.79950492
-0.849023505,60.3999624
-0.847537159,60.92208495
-0.846422399,61.53109016
-0.844192879,62.14034336
-0.84307812,62.57541794
-0.841889043,63.10269228
-0.840105427,63.68488704
-0.838619081,64.30049731
-0.836761148,64.79226467
-0.836389561,65.23901086
-0.834160041,65.80598926
-0.832673695,66.30419635
-0.831187349,66.83936371
-0.828957829,67.55732355
-0.827471483,68.04321056
-0.825687867,68.54510735
-0.823755617,69.14269904
-0.821897684,69.86347507
-0.819296578,70.53803493
-0.817067058,71.22700634
-0.814837539,71.70822727
-0.812979606,72.29831375
-0.8103785,72.84943118
-0.807777394,73.40972828
-0.804928563,73.87490178
-0.801088835,74.49296817
-0.796629796,74.90100615
-0.792170757,74.99379487
-0.787711718,74.73389093
-0.783995852,74.30351458
-0.781394746,73.81974475
-0.779165226,73.40957121
-0.777381611,72.75627872
-0.774706187,72.05897727
-0.773219841,71.49620752
-0.770990321,70.85316019
-0.769875562,70.3642283
-0.768760802,69.82456663
-0.767274456,69.30310541
-0.765416523,68.7781033
-0.765044936,68.28900607
-0.76355859,67.73493285
-0.762072243,66.96344635
-0.760585897,66.37676114
-0.759594999,65.86678507
-0.758356377,65.30106136
-0.756870031,64.59117529
-0.755383685,63.82983474
-0.753897338,63.10726623
-0.752410992,62.37817531
-0.750924646,61.79583837
-0.749809886,61.13406291
-0.749066713,60.59613035
-0.747704229,60.06014736
-0.746168337,59.40969861
-0.74497926,58.68960045
-0.743492914,58.16234153
-0.742749741,57.56921016
-0.741263394,56.87792501
-0.739479779,56.21173267
-0.738290702,55.58352786
-0.736804355,54.90045609
-0.735318009,54.27246235
-0.733460076,53.46119941
-0.731602143,52.60790324
-0.729818527,51.93460873
-0.728257864,51.33243124
-0.727143104,50.80291553
-0.725656758,50.26985893
-0.724170411,49.75033027
-0.722386796,49.04089684
-0.720751815,48.45859297
-0.718596613,47.77226386
-0.716367093,47.01507455
-0.71450916,46.38498935
-0.712651227,45.82882467
-0.710496025,45.1283637
-0.708006395,44.46232842
-0.706581979,44.0386894
-0.704476322,43.56519688
-0.702618389,43.02497584
-0.70038887,42.57808361
-0.69871673,42.01849561
-0.695558244,41.33072286
-0.692585551,40.68639144
-0.689984445,40.08546001
-0.687383339,39.53851955
-0.684410646,38.96702158
-0.681437954,38.39516126
-0.678465261,37.85591293
-0.675492568,37.36014725
-0.672519876,36.83539314
-0.669547183,36.36499235
-0.665831317,35.7498147
-0.661372278,35.10581395
-0.657284825,34.53565105
-0.65356896,34.06976386
-0.649853094,33.53720326
-0.646137228,33.09450682
-0.642049775,32.60502841
-0.637590736,32.06731859
-0.633131697,31.58758566
-0.628672658,31.11268413
-0.624213619,30.66435533
-0.61975458,30.23776787
-0.615295541,29.79910189
-0.610836502,29.39184005
-0.606377463,29.00752739
-0.601918424,28.66186598
-0.597459385,28.33915375
-0.593000346,27.94638613
-0.588541307,27.57777554
-0.584082268,27.28888316
-0.579623228,26.93476679
-0.575164189,26.6458744
-0.57070515,26.37147624
-0.566617698,26.09409656
-0.561787072,25.80093858
-0.557105081,25.51354522
-0.552868994,25.27629928
-0.548409955,24.99948542
-0.543950916,24.77581702
-0.539491877,24.52316018
-0.535032838,24.29949179
-0.530573799,24.0830705
-0.526486346,23.88540903
-0.521655721,23.6357337
-0.517196682,23.41931242
-0.512737643,23.22946386
-0.508278604,23.04444672
-0.503745247,22.81209832
-0.499360525,22.5826157
-0.494901486,22.43866551
-0.490442447,22.28746821
-0.485983408,22.09278825
-0.481524369,21.89810829
-0.47706533,21.73966388
-0.472792084,21.62103724
