pH ,8.9,pH,9.3,pH,8.8
0.02 M KHCO3,,0.1 M KHCO3,,0.5 M KHCO3,
E(V vs. SHE),j (mA/cm2),E(V vs. SHE),j (mA/cm2),E(V vs. SHE),j (mA/cm2)
-0.44091,-0.00125,-0.471,-0.00204,-0.32096,-0.00137
-0.44296,-0.00126,-0.47303,-0.00213,-0.32299,-0.00128
-0.44698,-0.00126,-0.47701,-0.00217,-0.327,-0.00128
-0.45098,-0.00126,-0.481,-0.00221,-0.33101,-0.00128
-0.45497,-0.00126,-0.48503,-0.00226,-0.33501,-0.00128
-0.45897,-0.00126,-0.48902,-0.00234,-0.33901,-0.00128
-0.46298,-0.00126,-0.49303,-0.00238,-0.34301,-0.00127
-0.46699,-0.00127,-0.49702,-0.00245,-0.34702,-0.00127
-0.47098,-0.00126,-0.50102,-0.00251,-0.35102,-0.00128
-0.47495,-0.00127,-0.50504,-0.00258,-0.35502,-0.00128
-0.47894,-0.00127,-0.50905,-0.00266,-0.35899,-0.00128
-0.48295,-0.00128,-0.51302,-0.00274,-0.36298,-0.00128
-0.48697,-0.00128,-0.517,-0.0028,-0.367,-0.00128
-0.49096,-0.00129,-0.521,-0.00288,-0.371,-0.00128
-0.49496,-0.0013,-0.52503,-0.00296,-0.37499,-0.00129
-0.49896,-0.0013,-0.52902,-0.00304,-0.37899,-0.0013
-0.50297,-0.0013,-0.53302,-0.00314,-0.38299,-0.0013
-0.50698,-0.00131,-0.53702,-0.00325,-0.387,-0.0013
-0.51097,-0.00132,-0.54103,-0.00331,-0.39101,-0.00131
-0.51495,-0.00133,-0.54504,-0.00342,-0.39499,-0.00132
-0.51894,-0.00135,-0.54903,-0.00353,-0.39897,-0.00132
-0.52296,-0.00136,-0.55301,-0.00361,-0.40296,-0.00133
-0.52696,-0.00137,-0.557,-0.00372,-0.40699,-0.00134
-0.53095,-0.00138,-0.56101,-0.00381,-0.41099,-0.00135
-0.53496,-0.00141,-0.56503,-0.00392,-0.41499,-0.00136
-0.53896,-0.00144,-0.56902,-0.00402,-0.41897,-0.00138
-0.54297,-0.00143,-0.57302,-0.00412,-0.42299,-0.00139
-0.54697,-0.00146,-0.57701,-0.00422,-0.427,-0.0014
-0.55097,-0.00149,-0.58102,-0.00429,-0.431,-0.00142
-0.55495,-0.00152,-0.58502,-0.00443,-0.43497,-0.00143
-0.55894,-0.00155,-0.58902,-0.0045,-0.43895,-0.00145
-0.56297,-0.00159,-0.59301,-0.00461,-0.44295,-0.00147
-0.56697,-0.00163,-0.59701,-0.00472,-0.44697,-0.0015
-0.57096,-0.00167,-0.60102,-0.00481,-0.45095,-0.00152
-0.57497,-0.00172,-0.60502,-0.00481,-0.45495,-0.00154
-0.57897,-0.00179,-0.60902,-0.00491,-0.45895,-0.00157
-0.58299,-0.00183,-0.61303,-0.00501,-0.46296,-0.0016
-0.58698,-0.0019,-0.61702,-0.0051,-0.46697,-0.00163
-0.59098,-0.00198,-0.62104,-0.00515,-0.47096,-0.00166
-0.59497,-0.00206,-0.62507,-0.00522,-0.47494,-0.0017
-0.59896,-0.00214,-0.62905,-0.00534,-0.47893,-0.00174
-0.60298,-0.00228,-0.63304,-0.00542,-0.48294,-0.00178
-0.60697,-0.00234,-0.63703,-0.00542,-0.48695,-0.00182
-0.61097,-0.00246,-0.64105,-0.00548,-0.49095,-0.00186
-0.61498,-0.0026,-0.64505,-0.00553,-0.49494,-0.00191
-0.61899,-0.00269,-0.64905,-0.00562,-0.49894,-0.00196
-0.62301,-0.00282,-0.65305,-0.0056,-0.50294,-0.00201
-0.62702,-0.00297,-0.65704,-0.00564,-0.50696,-0.00207
-0.631,-0.0031,-0.66107,-0.00573,-0.51096,-0.00213
-0.63499,-0.00325,-0.66507,-0.00581,-0.51492,-0.00219
-0.639,-0.00343,-0.66905,-0.00587,-0.51892,-0.00226
-0.64301,-0.00358,-0.67303,-0.00589,-0.52293,-0.00233
-0.647,-0.00378,-0.67703,-0.00593,-0.52694,-0.0024
-0.651,-0.00394,-0.68105,-0.00603,-0.53094,-0.00248
-0.65499,-0.00415,-0.68504,-0.00604,-0.53494,-0.00255
-0.65901,-0.00433,-0.68905,-0.00597,-0.53893,-0.00263
-0.66301,-0.00456,-0.69305,-0.00607,-0.54294,-0.00272
-0.667,-0.00477,-0.69705,-0.00608,-0.54695,-0.00281
-0.67098,-0.00501,-0.70107,-0.00634,-0.55094,-0.0029
-0.67497,-0.00521,-0.70505,-0.00633,-0.55491,-0.00299
-0.679,-0.00545,-0.70904,-0.0064,-0.55891,-0.00308
-0.68298,-0.00565,-0.71303,-0.00647,-0.56293,-0.00318
-0.687,-0.00589,-0.71705,-0.00655,-0.56693,-0.00327
-0.691,-0.00606,-0.72105,-0.00659,-0.57093,-0.00338
-0.69499,-0.00628,-0.72505,-0.00663,-0.57493,-0.00348
-0.69902,-0.00645,-0.72906,-0.00664,-0.57892,-0.00358
-0.703,-0.00666,-0.73305,-0.00669,-0.58295,-0.00368
-0.70698,-0.00682,-0.73706,-0.00675,-0.58693,-0.00379
-0.71097,-0.00702,-0.74107,-0.00679,-0.59093,-0.00391
-0.71497,-0.00716,-0.74507,-0.00679,-0.59492,-0.00398
-0.71899,-0.00732,-0.74903,-0.0069,-0.59892,-0.00408
-0.72298,-0.0075,-0.75302,-0.0069,-0.60294,-0.00421
-0.72699,-0.0076,-0.75703,-0.00693,-0.60693,-0.00429
-0.73099,-0.00774,-0.76104,-0.00699,-0.61093,-0.00438
-0.735,-0.00791,-0.76504,-0.00702,-0.61493,-0.00449
-0.73901,-0.00805,-0.76904,-0.00712,-0.61894,-0.00459
-0.74301,-0.00817,-0.77302,-0.0071,-0.62296,-0.00468
-0.74698,-0.0083,-0.77705,-0.00717,-0.62696,-0.00479
-0.75097,-0.00838,-0.78105,-0.00725,-0.63094,-0.00489
-0.75497,-0.00847,-0.78504,-0.00726,-0.63493,-0.00498
-0.75898,-0.00856,-0.78902,-0.00731,-0.63893,-0.00507
-0.76298,-0.00867,-0.79302,-0.0074,-0.64294,-0.00515
-0.76698,-0.00874,-0.79704,-0.00753,-0.64694,-0.00526
-0.77098,-0.00883,-0.80104,-0.00761,-0.65093,-0.00536
-0.775,-0.00891,-0.80505,-0.00772,-0.65492,-0.00549
-0.77899,-0.00901,-0.80907,-0.0077,-0.65893,-0.00558
-0.78298,-0.00908,-0.81309,-0.00775,-0.66294,-0.00567
-0.78696,-0.00917,-0.81715,-0.00792,-0.66694,-0.00579
-0.79096,-0.00925,-0.82116,-0.00798,-0.67091,-0.00589
-0.79497,-0.00934,-0.82516,-0.00812,-0.67491,-0.00598
-0.79896,-0.00946,-0.82917,-0.00826,-0.67892,-0.00608
-0.80297,-0.00954,-0.83318,-0.00837,-0.68291,-0.00617
-0.80699,-0.00965,-0.83721,-0.00842,-0.68691,-0.00625
-0.81098,-0.0098,-0.84122,-0.0086,-0.69092,-0.00632
-0.81503,-0.00989,-0.84524,-0.00879,-0.69491,-0.0064
-0.81906,-0.01007,-0.84927,-0.00898,-0.69892,-0.00649
-0.82306,-0.01019,-0.85328,-0.00921,-0.70293,-0.00656
-0.82706,-0.01036,-0.85732,-0.00936,-0.70692,-0.00663
-0.83108,-0.01047,-0.86132,-0.00958,-0.7109,-0.00673
-0.8351,-0.01062,-0.86533,-0.00974,-0.7149,-0.0068
-0.83911,-0.0107,-0.86935,-0.00992,-0.71892,-0.00688
-0.84312,-0.01082,-0.87336,-0.01027,-0.72292,-0.00694
-0.84712,-0.01097,-0.87738,-0.01061,-0.72692,-0.00701
-0.85113,-0.01108,-0.88139,-0.01087,-0.73093,-0.00711
-0.85517,-0.01125,-0.88542,-0.01126,-0.73492,-0.00719
-0.85917,-0.01137,-0.88944,-0.01162,-0.73894,-0.00726
-0.86317,-0.01157,-0.89347,-0.01208,-0.74295,-0.00732
-0.86719,-0.01175,-0.89748,-0.01267,-0.74692,-0.00738
-0.87123,-0.01197,-0.90149,-0.01314,-0.75089,-0.00747
-0.87525,-0.01217,-0.90548,-0.01377,-0.75489,-0.00756
-0.87926,-0.0124,-0.90949,-0.01437,-0.75892,-0.00763
-0.88328,-0.01261,-0.91351,-0.01498,-0.76291,-0.0077
-0.88728,-0.01281,-0.91753,-0.01572,-0.76692,-0.00779
-0.89131,-0.01306,-0.92154,-0.01651,-0.77091,-0.0079
-0.89532,-0.0133,-0.92554,-0.01738,-0.7749,-0.00801
-0.89933,-0.01355,-0.92955,-0.01832,-0.77893,-0.00812
-0.90334,-0.01385,-0.93358,-0.01929,-0.78291,-0.00825
-0.90735,-0.01421,-0.93831,-0.0204,-0.78689,-0.00839
-0.91139,-0.01461,-0.94305,-0.0216,-0.79089,-0.00854
-0.91541,-0.01499,-0.94706,-0.02267,-0.7949,-0.00869
-0.91942,-0.01536,-0.95109,-0.02377,-0.79891,-0.00885
-0.92345,-0.01577,-0.9551,-0.02488,-0.80291,-0.00906
-0.92747,-0.01622,-0.9591,-0.02605,-0.80694,-0.00935
-0.93153,-0.0167,-0.96312,-0.02727,-0.81094,-0.00961
-0.93554,-0.0172,-0.96714,-0.02857,-0.81498,-0.00993
-0.93956,-0.01776,-0.97117,-0.02989,-0.81902,-0.0103
-0.94357,-0.01832,-0.97518,-0.03131,-0.82303,-0.01074
-0.94759,-0.01891,-0.97917,-0.03258,-0.82702,-0.01125
-0.95162,-0.01958,-0.98316,-0.03395,-0.83102,-0.01186
-0.95636,-0.02033,-0.98718,-0.03536,-0.83505,-0.0126
-0.96112,-0.0212,-0.99121,-0.03674,-0.83899,-0.01348
-0.96514,-0.02196,-0.99523,-0.03832,-0.84291,-0.01453
-0.96917,-0.02272,-0.99923,-0.03983,-0.8469,-0.01575
-0.97316,-0.02349,-1.00324,-0.04139,-0.85086,-0.0172
-0.97713,-0.0243,-1.00726,-0.04299,-0.8549,-0.0189
-0.98112,-0.02513,-1.01129,-0.04471,-0.85963,-0.02103
-0.98513,-0.02597,-1.01528,-0.04651,-0.86439,-0.02378
-0.98915,-0.02685,-1.0193,-0.04835,-0.86836,-0.0265
-0.99314,-0.02775,-1.02332,-0.05021,-0.87236,-0.02962
-0.99717,-0.02861,-1.02733,-0.05206,-0.87639,-0.03304
-1.00118,-0.02951,-1.03136,-0.05425,-0.8804,-0.03696
-1.00521,-0.03045,-1.03537,-0.05633,-0.88433,-0.04114
-1.00922,-0.03135,-1.03937,-0.05866,-0.88821,-0.04574
-1.01325,-0.0323,-1.04338,-0.06093,-0.89219,-0.05073
-1.01726,-0.03323,-1.04741,-0.06336,-0.89622,-0.05622
-1.02127,-0.03414,-1.05142,-0.06588,-0.90024,-0.06192
-1.0253,-0.03507,-1.05544,-0.06855,-0.90424,-0.06783
-1.02933,-0.03603,-1.05942,-0.07126,-0.90815,-0.07369
-1.03337,-0.03701,-1.06343,-0.07416,-0.91207,-0.07971
-1.03739,-0.03804,-1.06746,-0.07712,-0.91611,-0.08585
-1.04142,-0.03909,-1.07146,-0.08025,-0.9201,-0.09194
-1.04543,-0.04013,-1.07548,-0.08349,-0.92408,-0.09784
-1.04942,-0.04108,-1.07949,-0.08687,-0.9281,-0.10367
-1.05339,-0.04204,-1.08352,-0.0904,-0.93214,-0.1092
-1.05741,-0.043,-1.08754,-0.09403,-0.93616,-0.11459
-1.06147,-0.04399,-1.09157,-0.09782,-0.94017,-0.11958
-1.06548,-0.04497,-1.09558,-0.10174,-0.94419,-0.12436
-1.06951,-0.04599,-1.0996,-0.10576,-0.9482,-0.12881
-1.07352,-0.04703,-1.10363,-0.10992,-0.95223,-0.1331
-1.07753,-0.04809,-1.10767,-0.11434,-0.95627,-0.13709
-1.08154,-0.04915,-1.11169,-0.11895,-0.96028,-0.14092
-1.08555,-0.05025,-1.11569,-0.12351,-0.9643,-0.14453
-1.08954,-0.05127,-1.11971,-0.12839,-0.96834,-0.14802
-1.09354,-0.05234,-1.12376,-0.13327,-0.97239,-0.15144
-1.09758,-0.05343,-1.12775,-0.13832,-0.97634,-0.15473
-1.10157,-0.05446,-1.13176,-0.14364,-0.98029,-0.15793
-1.10558,-0.05553,-1.13576,-0.14908,-0.98424,-0.16112
-1.10959,-0.05658,-1.13979,-0.1547,-0.98821,-0.16434
-1.11361,-0.05765,-1.1438,-0.16044,-0.99224,-0.16759
-1.11764,-0.05871,-1.14782,-0.16642,-0.99628,-0.17089
-1.12165,-0.05983,-1.15185,-0.17256,-1.00032,-0.17425
-1.12564,-0.06097,-1.15584,-0.17887,-1.00429,-0.17766
-1.12964,-0.06208,-1.15988,-0.18519,-1.00824,-0.18097
-1.13367,-0.0632,-1.16389,-0.19201,-1.0123,-0.18458
-1.13768,-0.06434,-1.16865,-0.20033,-1.01632,-0.18826
-1.1417,-0.06546,-1.17342,-0.2089,-1.02033,-0.19199
-1.14571,-0.06659,-1.17746,-0.21648,-1.02436,-0.19589
-1.14972,-0.06776,-1.18146,-0.22425,-1.02914,-0.2005
-1.15375,-0.06895,-1.18546,-0.23213,-1.03387,-0.20535
-1.15776,-0.0701,-1.18947,-0.24029,-1.03774,-0.20959
-1.16175,-0.07132,-1.1935,-0.2489,-1.04162,-0.21414
-1.16576,-0.07256,-1.19754,-0.25744,-1.0456,-0.21879
-1.1698,-0.07379,-1.20019,-0.26334,-1.04964,-0.2237
-1.1738,-0.07504,-1.2009,-0.26527,-1.05361,-0.2288
-1.1778,-0.07635,-1.20074,-0.26526,-1.05755,-0.23416
-1.18182,-0.07766,-1.19874,-0.25726,-1.06156,-0.2397
-1.18584,-0.07897,-1.1947,-0.24517,-1.06559,-0.24566
-1.18989,-0.08034,-1.19067,-0.23394,-1.06964,-0.25173
-1.19391,-0.08172,-1.18667,-0.22346,-1.07366,-0.25805
-1.19791,-0.08309,-1.18266,-0.21344,-1.07763,-0.26473
-1.20036,-0.08407,-1.17866,-0.20393,-1.0816,-0.27156
-1.20075,-0.08419,-1.17464,-0.19521,-1.08561,-0.27878
-1.19873,-0.08112,-1.17064,-0.18673,-1.08959,-0.28618
-1.19476,-0.07876,-1.16663,-0.17874,-1.0935,-0.29389
-1.19075,-0.07659,-1.16261,-0.17106,-1.09744,-0.302
-1.1867,-0.07456,-1.15858,-0.16372,-1.10145,-0.31056
-1.1827,-0.07267,-1.15457,-0.15683,-1.10548,-0.31956
-1.1787,-0.07079,-1.15053,-0.15017,-1.10948,-0.32892
-1.17469,-0.06906,-1.14651,-0.14383,-1.11346,-0.33867
-1.17066,-0.06734,-1.1425,-0.13779,-1.11748,-0.34896
-1.16664,-0.06566,-1.13846,-0.13195,-1.12146,-0.35962
-1.16262,-0.06404,-1.13444,-0.1265,-1.12545,-0.37097
-1.15864,-0.0625,-1.13046,-0.12124,-1.12948,-0.38266
-1.15462,-0.06098,-1.12645,-0.11608,-1.13344,-0.39536
-1.15059,-0.05949,-1.12242,-0.11133,-1.13732,-0.40803
-1.14658,-0.05813,-1.1184,-0.10662,-1.14129,-0.42166
-1.14258,-0.05674,-1.11439,-0.10219,-1.14533,-0.43593
-1.13857,-0.05543,-1.11038,-0.09796,-1.14931,-0.45147
-1.13454,-0.05417,-1.10638,-0.09391,-1.15323,-0.46697
-1.13051,-0.05295,-1.10159,-0.08935,-1.15721,-0.48368
-1.12651,-0.05176,-1.09685,-0.08486,-1.16119,-0.50144
-1.12251,-0.05052,-1.09286,-0.08127,-1.16513,-0.51979
-1.1185,-0.0493,-1.08887,-0.07794,-1.16911,-0.53912
-1.11448,-0.04812,-1.08485,-0.07471,-1.17307,-0.55995
-1.11046,-0.04696,-1.08083,-0.07164,-1.17704,-0.58162
-1.10643,-0.04582,-1.07682,-0.06872,-1.18109,-0.60475
-1.10244,-0.04469,-1.07283,-0.06593,-1.18496,-0.6281
-1.09842,-0.04357,-1.06884,-0.0633,-1.18878,-0.65252
-1.09438,-0.04245,-1.0648,-0.06063,-1.19275,-0.67935
-1.09039,-0.04137,-1.06078,-0.05817,-1.19672,-0.70675
-1.08639,-0.04031,-1.0568,-0.05561,-1.19976,-0.72973
-1.0824,-0.03926,-1.05281,-0.05328,-1.20085,-0.73817
-1.07837,-0.03828,-1.04882,-0.05109,-1.20088,-0.73866
-1.07436,-0.03726,-1.04478,-0.04904,-1.19879,-0.71798
-1.07035,-0.03628,-1.04076,-0.04689,-1.19479,-0.68058
-1.06635,-0.03531,-1.03675,-0.04494,-1.19079,-0.64583
-1.06234,-0.03436,-1.03275,-0.04305,-1.18679,-0.61397
-1.0583,-0.03343,-1.02872,-0.04132,-1.1828,-0.58381
-1.05431,-0.03255,-1.0247,-0.03961,-1.17879,-0.55548
-1.05033,-0.0317,-1.02069,-0.03793,-1.17479,-0.52928
-1.04632,-0.03082,-1.01669,-0.03634,-1.1708,-0.50431
-1.04229,-0.02997,-1.01269,-0.03476,-1.16682,-0.48085
-1.03826,-0.02913,-1.00866,-0.03333,-1.16282,-0.45899
-1.03425,-0.02829,-1.00465,-0.03191,-1.1588,-0.43838
-1.03025,-0.02751,-1.00063,-0.03057,-1.1548,-0.41881
-1.02625,-0.02673,-0.99661,-0.0293,-1.1508,-0.40034
-1.02223,-0.02594,-0.9926,-0.02809,-1.14681,-0.38308
-1.01824,-0.02519,-0.98858,-0.02681,-1.14279,-0.36647
-1.01425,-0.02447,-0.98457,-0.02561,-1.13879,-0.35107
-1.01026,-0.02371,-0.98057,-0.02453,-1.13481,-0.33648
-1.00627,-0.02301,-0.97656,-0.02343,-1.13084,-0.32262
-1.00225,-0.02235,-0.97257,-0.02237,-1.12684,-0.3094
-0.99824,-0.02165,-0.96854,-0.02135,-1.1228,-0.29708
-0.99425,-0.02102,-0.96453,-0.0204,-1.11882,-0.28527
-0.99024,-0.02042,-0.96051,-0.01952,-1.11481,-0.27414
-0.98621,-0.01983,-0.95651,-0.01868,-1.11081,-0.26372
-0.9822,-0.01928,-0.9525,-0.01784,-1.10681,-0.25371
-0.9782,-0.01875,-0.94847,-0.01706,-1.1028,-0.24427
-0.9742,-0.01819,-0.94447,-0.01622,-1.09881,-0.23525
-0.97019,-0.01763,-0.94048,-0.01543,-1.09482,-0.22678
-0.96616,-0.01713,-0.93649,-0.01467,-1.09083,-0.21858
-0.96214,-0.01666,-0.93248,-0.01394,-1.08682,-0.21094
-0.95813,-0.01622,-0.92844,-0.01322,-1.08281,-0.20369
-0.95411,-0.0158,-0.92443,-0.01261,-1.07882,-0.19674
-0.95011,-0.01537,-0.92043,-0.01202,-1.07481,-0.19013
-0.9461,-0.015,-0.91641,-0.01158,-1.07081,-0.18389
-0.9421,-0.0146,-0.9124,-0.0111,-1.0668,-0.17795
-0.93811,-0.01426,-0.90838,-0.01062,-1.06279,-0.17221
-0.93411,-0.01389,-0.90438,-0.01023,-1.05881,-0.16689
-0.93009,-0.01355,-0.90039,-0.00984,-1.05483,-0.16172
-0.92605,-0.01323,-0.89563,-0.0093,-1.05084,-0.15687
-0.92202,-0.01292,-0.89082,-0.00873,-1.04682,-0.15218
-0.91802,-0.01261,-0.88682,-0.00837,-1.04282,-0.14781
-0.91401,-0.01231,-0.8828,-0.00803,-1.03883,-0.14351
-0.90997,-0.012,-0.87881,-0.00771,-1.03483,-0.13946
-0.90595,-0.0117,-0.8748,-0.00743,-1.03083,-0.13544
-0.90194,-0.01144,-0.87078,-0.00722,-1.0268,-0.1317
-0.89793,-0.01121,-0.86676,-0.00694,-1.02281,-0.12802
-0.89394,-0.01095,-0.86276,-0.00668,-1.01882,-0.12446
-0.88991,-0.01076,-0.85877,-0.0065,-1.01484,-0.12108
-0.88589,-0.01059,-0.85475,-0.00632,-1.01084,-0.11781
-0.88187,-0.01042,-0.85071,-0.00614,-1.00682,-0.1147
-0.87786,-0.01033,-0.84672,-0.006,-1.00284,-0.11167
-0.87385,-0.01017,-0.84269,-0.00577,-0.99883,-0.10868
-0.86981,-0.01003,-0.83869,-0.00563,-0.99484,-0.10582
-0.86579,-0.00983,-0.83467,-0.00555,-0.99083,-0.10299
-0.8618,-0.0097,-0.83065,-0.00539,-0.98682,-0.1002
-0.85781,-0.00953,-0.82664,-0.00524,-0.98283,-0.09748
-0.85305,-0.00934,-0.82265,-0.00511,-0.97812,-0.09441
-0.84825,-0.00913,-0.81864,-0.00497,-0.97338,-0.09058
-0.84422,-0.00899,-0.8146,-0.0048,-0.96935,-0.08796
-0.8402,-0.00889,-0.81059,-0.00466,-0.96535,-0.08539
-0.83616,-0.00875,-0.80658,-0.0046,-0.96134,-0.08263
-0.83214,-0.00868,-0.80256,-0.00452,-0.95734,-0.07998
-0.82813,-0.00857,-0.79856,-0.00448,-0.95335,-0.07726
-0.82413,-0.00848,-0.79454,-0.00432,-0.94932,-0.07439
-0.82013,-0.0084,-0.79055,-0.00425,-0.94533,-0.07154
-0.81613,-0.00831,-0.78655,-0.0042,-0.94135,-0.06865
-0.8121,-0.0082,-0.78258,-0.00411,-0.93736,-0.06557
-0.80809,-0.00814,-0.77858,-0.00402,-0.93337,-0.06248
-0.80408,-0.00803,-0.77456,-0.00396,-0.92934,-0.05934
-0.80006,-0.00789,-0.77056,-0.00388,-0.92534,-0.05603
-0.79605,-0.0078,-0.76657,-0.00381,-0.92135,-0.05281
-0.79203,-0.00769,-0.76256,-0.00377,-0.91735,-0.04957
-0.78805,-0.00761,-0.75855,-0.00367,-0.91334,-0.04624
-0.78405,-0.00755,-0.75454,-0.00357,-0.90933,-0.04302
-0.78007,-0.00747,-0.75055,-0.00349,-0.90534,-0.03983
-0.77607,-0.00738,-0.74657,-0.00343,-0.90135,-0.03669
-0.77204,-0.00726,-0.74258,-0.00339,-0.89735,-0.03372
-0.76806,-0.00721,-0.73859,-0.00336,-0.89335,-0.0308
-0.76405,-0.00712,-0.73457,-0.00328,-0.88933,-0.02811
-0.76005,-0.00703,-0.73058,-0.00326,-0.88533,-0.02562
-0.75606,-0.00692,-0.72657,-0.00327,-0.88133,-0.02331
-0.75203,-0.00682,-0.72257,-0.0032,-0.87734,-0.02108
-0.74804,-0.00675,-0.71857,-0.00317,-0.87333,-0.01917
-0.74407,-0.00667,-0.71455,-0.00319,-0.86932,-0.01744
-0.74008,-0.00659,-0.71054,-0.00309,-0.86532,-0.01591
-0.73607,-0.00649,-0.70656,-0.00307,-0.86134,-0.01452
-0.73206,-0.00645,-0.70257,-0.00309,-0.85735,-0.0133
-0.72807,-0.00639,-0.69858,-0.00309,-0.85334,-0.01226
-0.72406,-0.00633,-0.69456,-0.003,-0.84934,-0.01134
-0.72006,-0.00628,-0.69057,-0.00295,-0.84534,-0.01054
-0.71606,-0.00621,-0.68656,-0.00287,-0.84134,-0.00987
-0.71204,-0.00612,-0.68256,-0.00284,-0.83735,-0.0093
-0.70804,-0.00606,-0.67856,-0.00278,-0.83177,-0.00838
-0.70406,-0.00598,-0.67455,-0.00272,-0.82778,-0.00799
-0.70008,-0.00588,-0.67055,-0.00273,-0.8238,-0.00765
-0.69606,-0.00578,-0.66658,-0.00266,-0.81981,-0.00736
-0.69206,-0.00566,-0.66259,-0.0026,-0.81581,-0.00708
-0.68807,-0.0056,-0.65858,-0.00256,-0.81179,-0.00686
-0.68405,-0.00552,-0.65456,-0.00255,-0.80779,-0.00667
-0.68007,-0.00545,-0.65058,-0.00251,-0.80379,-0.0065
-0.67604,-0.00539,-0.64658,-0.00246,-0.79978,-0.00632
-0.67205,-0.00531,-0.64258,-0.00243,-0.79577,-0.00619
-0.66806,-0.00525,-0.63857,-0.00238,-0.79174,-0.00606
-0.66407,-0.00517,-0.63456,-0.00232,-0.78775,-0.00594
-0.66009,-0.0051,-0.63057,-0.00227,-0.78378,-0.00584
-0.65606,-0.00504,-0.62659,-0.00222,-0.77979,-0.00574
-0.65206,-0.00495,-0.62258,-0.00218,-0.77578,-0.00565
-0.64806,-0.00487,-0.61856,-0.00217,-0.77176,-0.00556
-0.64406,-0.0048,-0.61457,-0.00216,-0.76778,-0.0055
-0.64007,-0.00472,-0.61057,-0.00215,-0.76376,-0.00544
-0.63605,-0.00464,-0.60655,-0.00213,-0.75976,-0.00536
-0.63205,-0.00454,-0.60256,-0.0021,-0.75576,-0.00528
-0.62807,-0.00449,-0.59855,-0.00207,-0.75175,-0.00521
-0.62407,-0.00441,-0.59455,-0.00204,-0.74777,-0.00513
-0.62006,-0.00434,-0.59056,-0.00198,-0.74379,-0.00509
-0.61604,-0.00427,-0.58656,-0.00193,-0.7398,-0.00503
-0.61205,-0.00418,-0.58256,-0.00192,-0.73577,-0.00499
-0.60804,-0.00411,-0.57854,-0.00188,-0.73178,-0.00496
-0.60404,-0.00404,-0.57455,-0.00183,-0.72778,-0.00491
-0.60004,-0.00396,-0.57054,-0.0018,-0.72377,-0.00483
-0.59603,-0.00389,-0.56654,-0.00175,-0.71978,-0.00476
-0.59203,-0.00381,-0.56254,-0.0017,-0.71576,-0.0047
-0.58803,-0.00372,-0.55852,-0.00166,-0.71176,-0.00462
-0.58405,-0.00368,-0.55452,-0.00163,-0.70777,-0.00454
-0.58002,-0.00361,-0.55056,-0.00159,-0.70379,-0.00447
-0.57602,-0.00354,-0.54657,-0.00159,-0.6998,-0.00438
-0.57204,-0.00347,-0.54256,-0.00154,-0.69576,-0.00431
-0.56803,-0.00338,-0.53854,-0.00147,-0.69178,-0.00424
-0.56404,-0.00332,-0.53455,-0.00148,-0.68777,-0.00419
-0.56002,-0.00326,-0.53054,-0.00144,-0.68377,-0.00415
-0.55601,-0.00318,-0.52655,-0.00141,-0.67977,-0.00411
-0.55202,-0.0031,-0.52255,-0.00138,-0.67576,-0.00406
-0.54805,-0.00301,-0.51853,-0.0013,-0.67176,-0.00402
-0.54405,-0.00294,-0.51453,-0.00124,-0.66779,-0.00399
-0.54003,-0.00287,-0.51057,-0.00118,-0.66379,-0.00391
-0.53604,-0.0028,-0.50656,-0.00113,-0.65978,-0.00389
-0.53203,-0.00272,-0.50255,-0.00108,-0.65577,-0.00386
-0.52804,-0.00265,-0.49854,-0.00106,-0.65178,-0.00382
-0.52403,-0.00255,-0.49455,-0.00102,-0.64778,-0.00377
-0.52001,-0.00249,-0.49054,-9.20E-04,-0.64378,-0.00372
-0.51602,-0.00242,-0.48581,-8.71E-04,-0.63977,-0.00367
-0.51203,-0.00235,-0.48102,-8.29E-04,-0.63576,-0.0036
-0.50806,-0.00227,-0.47702,-7.99E-04,-0.63176,-0.00354
-0.50404,-0.00217,-0.47304,-7.79E-04,-0.62779,-0.00347
-0.50002,-0.00213,-0.46906,-7.18E-04,-0.62379,-0.00338
-0.49603,-0.00206,-0.46505,-6.74E-04,-0.61976,-0.00329
-0.49203,-0.00199,-0.46103,-6.14E-04,-0.61575,-0.00322
-0.48803,-0.00192,-0.45702,-6.03E-04,-0.61176,-0.00314
-0.48403,-0.00186,-0.45303,-5.46E-04,-0.60775,-0.00308
-0.48001,-0.00177,-0.44904,-5.04E-04,-0.60376,-0.00303
-0.47602,-0.00174,-0.44503,-4.84E-04,-0.59974,-0.00298
-0.47204,-0.00167,-0.44101,-4.61E-04,-0.59574,-0.00294
-0.46806,-0.00161,-0.43702,-4.39E-04,-0.59175,-0.00289
-0.46405,-0.00155,-0.43306,-3.51E-04,-0.58775,-0.00285
-0.46003,-0.00148,-0.42906,-3.43E-04,-0.58376,-0.0028
-0.45604,-0.00139,-0.42505,-2.98E-04,-0.57974,-0.00275
-0.45204,-0.00136,-0.42104,-2.38E-04,-0.57573,-0.00269
-0.44804,-0.00131,-0.41703,-2.43E-04,-0.57174,-0.00263
-0.44404,-0.00127,-0.41303,-2.72E-04,-0.56774,-0.00257
-0.44001,-0.00122,-0.40903,-2.14E-04,-0.56374,-0.0025
-0.43602,-0.00117,-0.40502,-7.86E-05,-0.55972,-0.00243
-0.43207,-0.00112,-0.40101,-1.13E-04,-0.55573,-0.00237
-0.42807,-0.00106,-0.39703,-5.16E-05,-0.55173,-0.00232
-0.42406,-0.00101,-0.39305,1.63E-05,-0.54775,-0.00226
-0.42005,-9.78E-04,-0.38905,1.16E-05,-0.54376,-0.00219
-0.41527,-9.22E-04,-0.38504,7.23E-05,-0.53973,-0.00212
-0.41052,-8.55E-04,-0.38103,1.08E-04,-0.53574,-0.00205
-0.40653,-8.08E-04,-0.37703,1.76E-04,-0.53172,-0.00198
-0.4025,-7.53E-04,-0.37303,2.37E-04,-0.52773,-0.00192
-0.39851,-6.77E-04,-0.36903,2.50E-04,-0.52373,-0.00186
-0.39453,-6.58E-04,-0.36503,2.80E-04,-0.51971,-0.0018
-0.39055,-6.06E-04,-0.36103,3.15E-04,-0.51571,-0.00174
-0.38654,-5.60E-04,-0.35704,3.58E-04,-0.51173,-0.00167
-0.38252,-5.15E-04,-0.35307,3.83E-04,-0.50774,-0.00161
-0.37852,-4.67E-04,-0.34908,4.37E-04,-0.50374,-0.00154
-0.37451,-4.32E-04,-0.34504,4.89E-04,-0.49972,-0.00147
-0.37052,-4.00E-04,-0.34105,5.42E-04,-0.49573,-0.00141
-0.36652,-3.35E-04,-0.33705,5.71E-04,-0.49173,-0.00134
-0.3625,-3.22E-04,-0.33305,6.15E-04,-0.48774,-0.00128
-0.35851,-2.81E-04,-0.32906,5.94E-04,-0.48373,-0.00122
-0.35455,-2.40E-04,-0.32502,6.61E-04,-0.47971,-0.00116
-0.35055,-1.96E-04,-0.32104,7.17E-04,-0.47572,-0.00111
-0.34655,-1.50E-04,-0.31705,7.26E-04,-0.47174,-0.00106
-0.34254,-1.12E-04,-0.31306,7.58E-04,-0.46774,-0.001
-0.33854,-7.02E-05,-0.30905,7.86E-04,-0.46374,-9.39E-04
-0.33454,-3.19E-05,-0.30504,8.37E-04,-0.459,-8.99E-04
-0.33055,3.83E-05,-0.30103,8.54E-04,-0.45422,-8.17E-04
-0.32653,4.86E-05,-0.29704,9.25E-04,-0.44949,-7.22E-04
-0.32253,8.88E-05,-0.29304,9.24E-04,-0.444,-7.00E-04
-0.31854,1.27E-04,-0.28905,0.00103,-0.43923,-6.27E-04
-0.31455,1.70E-04,-0.28501,0.00104,-0.43525,-5.68E-04
-0.31056,2.04E-04,-0.28103,0.00106,-0.43127,-5.05E-04
-0.30654,2.43E-04,-0.27703,0.0011,-0.42727,-4.63E-04
-0.30254,2.82E-04,-0.27305,0.00109,-0.42325,-4.16E-04
-0.29854,3.19E-04,-0.26905,0.00114,-0.41924,-3.69E-04
-0.29453,3.56E-04,-0.26502,0.00121,-0.41524,-3.34E-04
-0.29054,4.24E-04,-0.26102,0.00123,-0.41124,-2.97E-04
-0.28651,4.28E-04,-0.25702,0.0013,-0.40726,-2.50E-04
-0.28253,4.66E-04,-0.25302,0.00135,-0.40322,-2.11E-04
-0.27853,5.06E-04,-0.249,0.00139,-0.39924,-1.79E-04
-0.27454,5.39E-04,-0.24498,0.00145,-0.39524,-1.45E-04
-0.27055,5.74E-04,-0.24099,0.00146,-0.39127,-1.01E-04
-0.26652,6.11E-04,-0.23701,0.0015,-0.38728,-6.84E-05
-0.26254,6.50E-04,-0.23303,0.00156,-0.38325,-2.53E-05
-0.25853,6.85E-04,-0.229,0.00161,-0.37925,1.65E-05
-0.25453,7.22E-04,-0.225,0.00166,-0.37524,5.48E-05
-0.25052,7.96E-04,-0.221,0.00173,-0.37125,9.77E-05
-0.2465,7.96E-04,-0.217,0.00178,-0.36726,1.40E-04
-0.24251,8.37E-04,-0.213,0.00184,-0.36323,1.81E-04
-0.23853,8.74E-04,-0.20821,0.00195,-0.35924,2.26E-04
-0.23454,9.13E-04,-0.20349,0.00204,-0.35528,2.61E-04
-0.23054,9.52E-04,-0.1995,0.00213,-0.35128,3.02E-04
-0.22651,9.94E-04,-0.19551,0.00219,-0.34727,3.38E-04
-0.22253,0.00103,-0.1915,0.00237,-0.34325,3.79E-04
-0.21853,0.00108,-0.18749,0.00244,-0.33926,4.21E-04
-0.21452,0.00116,-0.1835,0.00258,-0.33526,4.57E-04
-0.21051,0.00117,-0.1795,0.00267,-0.33126,4.99E-04
-0.2065,0.00121,-0.17549,0.00284,-0.32726,5.43E-04
-0.20251,0.00126,-0.17148,0.00297,-0.32324,5.76E-04
-0.19855,0.0013,-0.16748,0.00313,-0.31925,6.21E-04
-0.19455,0.00135,-0.16348,0.00332,-0.31526,6.62E-04
-0.19053,0.0014,-0.15951,0.00351,-0.31127,7.10E-04
-0.18652,0.00145,-0.15551,0.00372,-0.30726,7.51E-04
-0.18253,0.00154,-0.1515,0.00402,-0.30325,8.03E-04
-0.17852,0.00156,-0.14749,0.00421,-0.29924,8.46E-04
-0.17452,0.00162,-0.14349,0.00447,-0.29524,8.97E-04
-0.17051,0.00168,-0.1395,0.00475,-0.29126,9.44E-04
-0.1665,0.00174,-0.1355,0.00504,-0.28723,0.00101
-0.16251,0.00181,-0.13149,0.00535,-0.28324,0.00106
-0.15778,0.00189,-0.12748,0.00566,-0.27923,0.00113
-0.15306,0.00199,-0.12348,0.00608,-0.27523,0.0012
-0.14904,0.00208,-0.11951,0.00635,-0.27124,0.00127
-0.14504,0.00217,-0.11553,0.0067,-0.26723,0.00135
-0.14104,0.00227,-0.11151,0.00705,-0.26321,0.00143
-0.13705,0.00242,-0.1075,0.00735,-0.25921,0.00152
-0.13304,0.0025,-0.10351,0.00777,-0.25521,0.00161
-0.12902,0.00262,-0.0995,0.00804,-0.25121,0.00173
-0.12503,0.0028,-0.0955,0.00834,-0.24718,0.00184
-0.12105,0.0029,-0.09149,0.00862,-0.24244,0.00206
-0.11707,0.00304,-0.08749,0.00886,-0.23771,0.00224
-0.11306,0.00325,-0.0835,0.00907,-0.23373,0.00237
-0.10904,0.00337,-0.07952,0.00927,-0.22972,0.00256
-0.10505,0.00358,-0.07553,0.00943,-0.2257,0.00276
-0.10104,0.00371,-0.07151,0.00966,-0.2217,0.00299
-0.09705,0.00393,-0.06751,0.00966,-0.21769,0.00324
-0.09303,0.00408,-0.06352,0.00974,-0.21369,0.00352
-0.08902,0.00425,-0.05952,0.00979,-0.20969,0.00384
-0.08503,0.00448,-0.05551,0.00981,-0.20567,0.00419
-0.08105,0.00461,-0.05149,0.00982,-0.20168,0.00458
-0.07708,0.00482,-0.0475,0.0098,-0.1977,0.00502
-0.07304,0.00494,-0.04352,0.00975,-0.19372,0.0055
-0.06904,0.00507,-0.03953,0.0097,-0.1897,0.00604
-0.06504,0.00525,-0.03553,0.0096,-0.1857,0.00664
-0.06105,0.00531,-0.03152,0.0095,-0.1817,0.00729
-0.05705,0.0054,-0.02753,0.00939,-0.17769,0.00802
-0.05303,0.00547,-0.02353,0.00927,-0.1737,0.00882
-0.04902,0.00553,-0.01951,0.00911,-0.16968,0.00976
-0.04504,0.00562,-0.01552,0.00896,-0.16569,0.01068
-0.04107,0.00559,-0.0115,0.00881,-0.1617,0.01173
-0.03707,0.00559,-0.00751,0.00865,-0.15771,0.01285
-0.03304,0.00559,-0.00354,0.00847,-0.15372,0.01406
-0.02905,0.00558,4.62E-04,0.00831,-0.14969,0.01535
-0.02504,0.00556,0.00447,0.00817,-0.14568,0.01673
-0.02104,0.00554,0.00849,0.008,-0.14097,0.01869
-0.01705,0.00551,0.01246,0.00786,-0.13622,0.02033
-0.01303,0.00549,0.01648,0.00771,-0.13222,0.02191
-0.00902,0.00548,0.02048,0.00756,-0.12821,0.02356
-0.00505,0.00545,0.02448,0.00742,-0.12421,0.02521
-0.00107,0.00542,0.02848,0.00714,-0.12023,0.02699
0.00295,0.00542,0.03249,0.00724,-0.11625,0.02859
0.00696,0.0054,0.03649,0.00704,-0.11223,0.03024
0.01095,0.0054,0.04049,0.00692,-0.10821,0.03184
0.01495,0.0054,0.0445,0.00681,-0.10422,0.03334
0.01895,0.00541,0.04851,0.0067,-0.10022,0.0348
0.02296,0.00541,0.05251,0.00658,-0.09622,0.03636
0.02697,0.00542,0.05652,0.00649,-0.09221,0.03751
0.03097,0.00544,0.06051,0.00638,-0.0882,0.03866
0.03498,0.00544,0.06452,0.00629,-0.08422,0.03973
0.03896,0.00545,0.06851,0.00618,-0.08024,0.04067
0.04298,0.00548,0.07249,0.00609,-0.07625,0.04148
0.04699,0.00546,0.07648,0.006,-0.07222,0.04216
0.05099,0.00547,0.08047,0.00592,-0.06822,0.04276
0.05499,0.00549,0.08449,0.00584,-0.06423,0.04319
0.05899,0.00547,0.08849,0.00576,-0.06023,0.04355
0.063,0.00546,0.09248,0.00569,-0.05625,0.04377
0.06701,0.00546,0.09649,0.00564,-0.05222,0.04407
0.071,0.00544,0.10048,0.00558,-0.04822,0.04401
0.07498,0.00543,0.1045,0.00551,-0.04424,0.04398
0.07897,0.00542,0.1085,0.00546,-0.04026,0.04385
0.08301,0.00539,0.11247,0.00541,-0.03626,0.04368
0.08699,0.00536,0.11645,0.00537,-0.03224,0.04346
0.091,0.00535,0.12045,0.00534,-0.02825,0.04319
0.095,0.00533,0.12448,0.0053,-0.02425,0.04286
0.099,0.00529,0.12847,0.00527,-0.02024,0.04249
0.10302,0.00526,0.13246,0.00525,-0.01625,0.04208
0.107,0.00524,0.13647,0.00523,-0.01222,0.04166
0.11099,0.00519,0.14047,0.00521,-0.00822,0.04125
0.11497,0.00517,0.14449,0.0052,-0.00424,0.04077
0.11896,0.00515,0.14848,0.0052,-2.53E-04,0.0403
0.12298,0.00511,0.15245,0.0052,0.00375,0.03982
0.12697,0.00508,0.15644,0.0052,0.00778,0.0393
0.13098,0.00506,0.16045,0.00522,0.01176,0.0388
0.13498,0.00498,0.16447,0.00524,0.01576,0.03828
0.13898,0.00497,0.16846,0.00526,0.01976,0.03777
0.14299,0.00498,0.17246,0.0053,0.02376,0.03726
0.14699,0.00496,0.17645,0.00533,0.02777,0.03675
0.15096,0.00493,0.18047,0.00538,0.03177,0.03623
0.15496,0.00492,0.18447,0.00543,0.03576,0.03572
0.15896,0.0049,0.18846,0.00549,0.03975,0.03521
0.16297,0.00489,0.19242,0.00555,0.04376,0.03461
0.16697,0.00488,0.19641,0.00563,0.04777,0.03413
0.17096,0.00488,0.20043,0.0057,0.05177,0.03361
0.17496,0.00487,0.20444,0.00576,0.05576,0.03307
0.17897,0.00487,0.20844,0.00584,0.05976,0.03254
0.18299,0.00488,0.21245,0.00589,0.06378,0.03202
0.18697,0.00489,0.21644,0.00595,0.06778,0.0315
0.19093,0.0049,0.22044,0.00598,0.07176,0.03098
0.19494,0.00493,0.22445,0.006,0.07574,0.03044
0.19894,0.00496,0.22843,0.006,0.07973,0.02991
0.20296,0.00499,0.23241,0.00598,0.08377,0.02941
0.20696,0.00502,0.23642,0.00592,0.08776,0.0289
0.21097,0.00507,0.24043,0.00586,0.09175,0.02839
0.21496,0.00511,0.24443,0.00577,0.09576,0.0279
0.21898,0.00516,0.24842,0.00569,0.09976,0.02738
0.22298,0.00521,0.25242,0.00559,0.10378,0.02692
0.22697,0.00533,0.25642,0.00551,0.10777,0.02644
0.23095,0.00534,0.26044,0.00543,0.11175,0.02596
0.23495,0.0054,0.26444,0.00536,0.11573,0.02546
0.23897,0.00545,0.26841,0.0053,0.11973,0.02505
0.24297,0.0055,0.2724,0.00526,0.12375,0.02461
0.24697,0.00555,0.27639,0.00522,0.12775,0.02418
0.25097,0.00558,0.2804,0.0052,0.13175,0.02377
0.25496,0.00565,0.2844,0.00518,0.13574,0.02338
0.25898,0.00562,0.28839,0.00516,0.13974,0.02298
0.26298,0.0056,0.29239,0.00509,0.14376,0.0226
0.26695,0.00558,0.29639,0.00515,0.14776,0.02225
0.27093,0.00555,0.30042,0.00514,0.15175,0.02188
0.27493,0.00551,0.30441,0.00513,0.15573,0.02154
0.27895,0.00546,0.30839,0.00512,0.15973,0.02122
0.28295,0.00542,0.31239,0.00512,0.16374,0.02088
0.28695,0.00538,0.31638,0.0051,0.16773,0.0206
0.29095,0.00533,0.32041,0.00508,0.17174,0.02034
0.29495,0.0053,0.3244,0.00506,0.17573,0.02004
0.29898,0.00528,0.3284,0.00503,0.17974,0.01978
0.30296,0.00517,0.3324,0.005,0.18374,0.01953
0.30695,0.00523,0.33641,0.00496,0.18774,0.01928
0.31096,0.00522,0.34042,0.00491,0.1917,0.01902
0.31494,0.00519,0.34441,0.00487,0.1957,0.01878
0.31896,0.00518,0.34839,0.00483,0.1997,0.01854
0.32295,0.00517,0.35239,0.00478,0.20372,0.01828
0.32696,0.00516,0.3564,0.00472,0.20771,0.018
0.33095,0.00515,0.3604,0.00468,0.21171,0.01773
0.33496,0.00514,0.3644,0.00463,0.2157,0.01744
0.33897,0.00513,0.36841,0.00459,0.21972,0.01715
0.34297,0.00511,0.37239,0.00455,0.22372,0.01687
0.34696,0.00509,0.37642,0.00452,0.22771,0.01657
0.35095,0.00507,0.38041,0.00449,0.23168,0.01628
0.35495,0.00504,0.38441,0.00446,0.23568,0.01597
0.35896,0.00502,0.38839,0.00445,0.23968,0.01571
0.36296,0.00499,0.39238,0.00442,0.24369,0.01545
0.36696,0.00495,0.39639,0.00439,0.24769,0.01516
0.37095,0.00492,0.40041,0.00439,0.2517,0.01499
0.37496,0.00489,0.40442,0.00436,0.25569,0.01475
0.37897,0.00486,0.40842,0.00434,0.2597,0.01456
0.38297,0.00483,0.41241,0.00433,0.26371,0.01438
0.38695,0.00481,0.41644,0.00432,0.26769,0.01423
0.39095,0.00478,0.42044,0.00432,0.27167,0.01406
0.39495,0.00469,0.42441,0.00432,0.27567,0.01391
0.39897,0.00474,0.4284,0.00434,0.27968,0.01375
0.40297,0.00472,0.43239,0.00436,0.28369,0.01363
0.40697,0.00469,0.43641,0.00438,0.28769,0.01349
0.41096,0.00468,0.44041,0.00442,0.29169,0.01337
0.41498,0.00467,0.44441,0.00444,0.29567,0.01324
0.41898,0.00465,0.44841,0.00447,0.29971,0.01311
0.42297,0.00465,0.4524,0.00451,0.3037,0.01299
0.42694,0.00464,0.45643,0.00456,0.30769,0.01287
0.43094,0.00463,0.46042,0.00461,0.31168,0.01276
0.43496,0.00463,0.4644,0.00467,0.31568,0.01263
0.43895,0.00462,0.4684,0.00474,0.31971,0.01251
0.44296,0.00462,0.47239,0.00481,0.32369,0.01238
0.44695,0.00461,0.4764,0.00489,0.3277,0.01226
0.45095,0.00461,0.4804,0.00498,0.33169,0.01213
0.45498,0.0046,0.4844,0.00506,0.3357,0.01202
0.45897,0.0046,0.48839,0.00517,0.33972,0.01189
0.46296,0.0046,0.4924,0.00527,0.34371,0.01176
0.46694,0.0046,0.49641,0.00537,0.3477,0.01165
0.47093,0.0046,0.50041,0.00548,0.35169,0.01153
0.47495,0.0046,0.50439,0.00559,0.35569,0.01142
0.47895,0.00461,0.50839,0.00577,0.35971,0.01129
0.48295,0.00461,0.51238,0.0058,0.36371,0.01121
0.48695,0.00461,0.5164,0.0059,0.36771,0.0111
0.49095,0.00462,0.5204,0.00598,0.3717,0.011
0.49497,0.00462,0.5244,0.00606,0.37571,0.01091
0.49896,0.00463,0.52839,0.00614,0.37972,0.01083
0.50294,0.00464,0.53241,0.00619,0.38372,0.01074
0.50694,0.00465,0.53641,0.00626,0.3877,0.01066
0.51094,0.00466,0.5404,0.0063,0.3917,0.01059
0.51496,0.00467,0.5444,0.00633,0.3957,0.01053
0.51895,0.00468,0.54839,0.00634,0.39971,0.01046
0.52296,0.00469,0.5524,0.00636,0.40372,0.01042
0.52694,0.00469,0.5564,0.00636,0.40773,0.01037
0.53095,0.00471,0.5604,0.00636,0.41171,0.01034
0.53497,0.00471,0.56439,0.00635,0.41573,0.01031
0.53897,0.00471,0.56839,0.00635,0.41974,0.0103
0.54294,0.00471,0.57241,0.0063,0.42372,0.01031
0.54694,0.00469,0.57641,0.00629,0.4277,0.01032
0.55095,0.00468,0.58039,0.00625,0.43168,0.01032
0.55495,0.00466,0.58438,0.00623,0.43571,0.01038
0.55895,0.00463,0.58837,0.00618,0.43971,0.01041
0.56295,0.00459,0.59239,0.00615,0.44372,0.01046
0.56695,0.00455,0.59639,0.0061,0.44771,0.01049
0.57096,0.0045,0.60038,0.00606,0.4517,0.01056
0.57497,0.00444,0.6044,0.00602,0.45573,0.01064
0.57896,0.00439,0.6084,0.00598,0.45972,0.0107
0.58293,0.00433,0.61242,0.00592,0.46372,0.01077
0.58691,0.00426,0.6164,0.00588,0.46771,0.01084
0.59094,0.0042,0.6204,0.00583,0.47169,0.01095
0.59495,0.00414,0.62438,0.00576,0.47572,0.011
0.59895,0.00398,0.62838,0.0057,0.4797,0.01109
0.60295,0.00403,0.6324,0.00566,0.48371,0.01115
0.60694,0.00394,0.6364,0.00558,0.4877,0.01122
0.61096,0.00389,0.6404,0.00551,0.49171,0.01128
0.61496,0.00384,0.6444,0.00543,0.49573,0.01131
0.61895,0.0038,0.6478,0.00536,0.49973,0.01133
0.62294,0.00375,0.64918,0.00533,0.5037,0.01136
0.62693,0.00371,0.64906,0.00415,0.5077,0.01137
0.63095,0.00367,0.64623,-0.00261,0.51169,0.01132
0.63494,0.00355,0.64073,-0.00264,0.51572,0.01132
0.63894,0.00363,0.63597,-0.0028,0.51971,0.01127
0.64294,0.00357,0.63198,-0.00284,0.52371,0.01123
0.64695,0.00353,0.62796,-0.00286,0.52769,0.01118
0.65096,0.00349,0.62397,-0.00287,0.53172,0.01115
0.65496,0.00345,0.61998,-0.00287,0.53572,0.01107
0.65895,0.00341,0.61598,-0.00288,0.53971,0.01102
0.66294,0.00337,0.61199,-0.00285,0.54369,0.01096
0.66694,0.00333,0.60797,-0.00284,0.54768,0.01088
0.67097,0.00329,0.60397,-0.00282,0.55169,0.01083
0.67495,0.00325,0.59996,-0.00279,0.55571,0.01075
0.67805,0.00304,0.59597,-0.00276,0.5597,0.01065
0.67916,0.00314,0.59197,-0.00273,0.5637,0.01059
0.67917,0.00352,0.58795,-0.00269,0.5677,0.0105
0.67714,-0.00116,0.58396,-0.00265,0.57171,0.01039
0.67314,-0.00129,0.57999,-0.00261,0.57571,0.01027
0.66912,-0.00132,0.576,-0.00256,0.5797,0.01018
0.66511,-0.00132,0.572,-0.00252,0.58368,0.01005
0.66112,-0.00132,0.56798,-0.00248,0.58767,0.00993
0.65711,-0.00132,0.56397,-0.00242,0.59169,0.0098
0.65313,-0.0013,0.55998,-0.00237,0.5957,0.00967
0.64911,-0.0013,0.55598,-0.00232,0.60045,0.00922
0.64511,-0.00129,0.55197,-0.00226,0.60522,0.0093
0.64112,-0.00128,0.54795,-0.0022,0.60923,0.00914
0.63711,-0.00127,0.54397,-0.00215,0.61324,0.00898
0.63312,-0.00127,0.53999,-0.00209,0.61723,0.00883
0.62909,-0.00125,0.53599,-0.00203,0.62121,0.00866
0.6251,-0.00124,0.53198,-0.00198,0.62521,0.00851
0.62111,-0.00124,0.52798,-0.00192,0.62921,0.00835
0.61712,-0.00123,0.52398,-0.00187,0.63322,0.00818
0.61313,-0.00122,0.51999,-0.00181,0.63722,0.00804
0.60911,-0.00121,0.51599,-0.00177,0.64122,0.00788
0.6051,-0.0012,0.51197,-0.00172,0.64523,0.00775
0.6011,-0.00119,0.50797,-0.00167,0.64923,0.00758
0.59711,-0.00118,0.50397,-0.00163,0.65325,0.00744
0.59311,-0.00118,0.49999,-0.00159,0.65724,0.00729
0.58908,-0.00118,0.496,-0.00156,0.66124,0.00715
0.58508,-0.00117,0.49197,-0.00153,0.66523,0.00701
0.5811,-0.00117,0.48796,-0.0015,0.66925,0.00686
0.57712,-0.00117,0.48397,-0.00147,0.67325,0.00673
0.57313,-0.00117,0.47997,-0.00146,0.6772,0.0066
0.56911,-0.00117,0.47598,-0.00143,0.67916,0.00667
0.56511,-0.00117,0.47195,-0.00142,0.67916,0.00684
0.56111,-0.00117,0.46797,-0.00141,0.67627,-5.68E-04
0.55712,-0.00118,0.46397,-0.0014,0.6708,-5.44E-04
0.55311,-0.00117,0.45998,-0.00139,0.66599,-6.09E-04
0.5491,-0.00118,0.45599,-0.00138,0.66126,-7.51E-04
0.54511,-0.00118,0.45196,-0.00138,0.6565,-7.55E-04
0.54112,-0.00119,0.44798,-0.00137,0.65251,-8.35E-04
0.53713,-0.0012,0.44398,-0.00138,0.6485,-9.30E-04
0.53312,-0.0012,0.43998,-0.00138,0.6445,-0.00103
0.52912,-0.00121,0.43596,-0.00138,0.6405,-0.00109
0.52511,-0.00122,0.43195,-0.00139,0.63649,-0.0012
0.52111,-0.00122,0.42796,-0.0014,0.6325,-0.0013
0.51712,-0.00124,0.42398,-0.00139,0.62849,-0.0014
0.5131,-0.00124,0.41999,-0.0014,0.62449,-0.00149
0.50909,-0.00125,0.41599,-0.00142,0.6205,-0.0016
0.50509,-0.00127,0.41197,-0.00142,0.61651,-0.00171
0.50113,-0.00128,0.40797,-0.00143,0.61252,-0.0018
0.49712,-0.00133,0.40397,-0.00144,0.60849,-0.00189
0.49311,-0.00131,0.39996,-0.00146,0.60374,-0.00208
0.4891,-0.00132,0.39595,-0.00147,0.59899,-0.00211
0.4851,-0.00133,0.39194,-0.00148,0.595,-0.00219
0.4811,-0.00135,0.38794,-0.0015,0.59098,-0.00227
0.4771,-0.00136,0.38396,-0.00151,0.58697,-0.00232
0.4731,-0.00138,0.37997,-0.00152,0.58299,-0.00236
0.46909,-0.0014,0.37596,-0.00154,0.579,-0.00241
0.4651,-0.00142,0.37195,-0.00155,0.57502,-0.00243
0.46112,-0.00144,0.36796,-0.00156,0.57101,-0.00243
0.45713,-0.00145,0.36396,-0.00157,0.56699,-0.00245
0.4531,-0.00148,0.35996,-0.00158,0.563,-0.00242
0.4491,-0.0015,0.35595,-0.00159,0.559,-0.0024
0.44511,-0.00152,0.35195,-0.00159,0.555,-0.00237
0.4411,-0.00155,0.34796,-0.00159,0.55099,-0.00233
0.4371,-0.00157,0.34397,-0.00159,0.54699,-0.00228
0.43309,-0.0016,0.33998,-0.00159,0.543,-0.00224
0.42909,-0.00168,0.33596,-0.00159,0.53901,-0.00219
0.42511,-0.00165,0.33196,-0.00159,0.53501,-0.00213
0.42113,-0.00168,0.32796,-0.00159,0.53101,-0.00206
0.41713,-0.00171,0.32395,-0.00159,0.527,-0.002
0.41311,-0.00174,0.31997,-0.00159,0.52301,-0.00193
0.40911,-0.00177,0.31594,-0.00159,0.519,-0.00187
0.40511,-0.00179,0.31195,-0.0016,0.515,-0.0018
0.40111,-0.00182,0.30795,-0.00159,0.51097,-0.00174
0.3971,-0.00185,0.30397,-0.0016,0.50699,-0.00164
0.39309,-0.00186,0.29997,-0.00161,0.50299,-0.00159
0.38909,-0.00189,0.29594,-0.00161,0.49901,-0.0015
0.38511,-0.0019,0.29195,-0.00162,0.49502,-0.00143
0.3811,-0.00191,0.28795,-0.00163,0.491,-0.00136
0.37711,-0.00192,0.28394,-0.00165,0.487,-0.00129
0.37309,-0.00192,0.27994,-0.00165,0.483,-0.00123
0.3691,-0.00193,0.27593,-0.00167,0.479,-0.00116
0.36511,-0.00193,0.27194,-0.00173,0.475,-0.00109
0.36111,-0.00193,0.26796,-0.00171,0.47099,-0.00103
0.35709,-0.00192,0.26397,-0.00173,0.467,-9.78E-04
0.35309,-0.00191,0.25997,-0.00176,0.46301,-9.29E-04
0.3491,-0.0019,0.25595,-0.00178,0.45826,-9.38E-04
0.34511,-0.0019,0.25195,-0.0018,0.45276,-7.83E-04
0.34112,-0.00189,0.24795,-0.00184,0.44799,-7.63E-04
0.33711,-0.00189,0.24396,-0.00187,0.44325,-7.55E-04
0.3331,-0.00189,0.23995,-0.00191,0.4385,-6.46E-04
0.3291,-0.00189,0.23594,-0.00195,0.43449,-6.20E-04
0.3251,-0.00189,0.23194,-0.00199,0.43048,-6.10E-04
0.32111,-0.00194,0.22797,-0.00203,0.42649,-5.68E-04
0.3171,-0.00192,0.22398,-0.00209,0.42252,-5.75E-04
0.31309,-0.00192,0.21998,-0.00214,0.41854,-5.39E-04
0.30909,-0.00194,0.21595,-0.00221,0.41452,-5.47E-04
0.30511,-0.00196,0.21196,-0.00227,0.41051,-5.27E-04
0.30112,-0.00198,0.20795,-0.00234,0.40651,-5.23E-04
0.29709,-0.00201,0.20396,-0.00242,0.4025,-5.21E-04
0.29308,-0.00203,0.19995,-0.00251,0.3985,-5.20E-04
0.2891,-0.00207,0.19593,-0.00261,0.39449,-5.07E-04
0.28509,-0.00211,0.19195,-0.00271,0.39049,-5.11E-04
0.2811,-0.00216,0.18798,-0.00282,0.38649,-5.19E-04
0.27707,-0.00221,0.18399,-0.00296,0.3825,-5.09E-04
0.27308,-0.00232,0.17997,-0.00315,0.37851,-5.14E-04
0.26909,-0.00234,0.17596,-0.00324,0.37449,-5.17E-04
0.26512,-0.00241,0.17197,-0.0034,0.3705,-5.25E-04
0.26113,-0.0025,0.16797,-0.00358,0.36651,-5.25E-04
0.2571,-0.00259,0.16398,-0.00377,0.36251,-5.32E-04
0.25311,-0.00275,0.15996,-0.00397,0.3585,-5.42E-04
0.2491,-0.00281,0.15596,-0.0042,0.35449,-5.46E-04
0.24511,-0.00292,0.15196,-0.00443,0.35049,-5.49E-04
0.2411,-0.00312,0.14798,-0.00467,0.3465,-5.56E-04
0.23708,-0.00321,0.14399,-0.00502,0.34251,-5.67E-04
0.23309,-0.00338,0.13997,-0.00522,0.33852,-5.74E-04
0.2291,-0.0036,0.13598,-0.0055,0.33448,-5.87E-04
0.22512,-0.00373,0.13198,-0.00582,0.33049,-5.89E-04
0.22111,-0.00399,0.12796,-0.00614,0.32649,-5.94E-04
0.2171,-0.00414,0.12397,-0.00646,0.32249,-6.01E-04
0.2131,-0.00442,0.11995,-0.00692,0.3185,-6.20E-04
0.20909,-0.00461,0.11596,-0.00719,0.31449,-6.21E-04
0.2051,-0.00487,0.11197,-0.00755,0.31049,-6.42E-04
0.20109,-0.00511,0.10799,-0.00794,0.30651,-6.38E-04
0.19708,-0.00533,0.10399,-0.0083,0.30252,-6.57E-04
0.19307,-0.00563,0.09996,-0.00878,0.29851,-6.71E-04
0.18911,-0.00583,0.09597,-0.00904,0.2945,-6.79E-04
0.18512,-0.00614,0.09196,-0.00938,0.29049,-6.86E-04
0.18111,-0.00642,0.08796,-0.00966,0.28649,-7.03E-04
0.17711,-0.00664,0.08396,-0.00993,0.28249,-7.12E-04
0.1731,-0.00695,0.07994,-0.01015,0.27849,-7.27E-04
0.1691,-0.00723,0.07595,-0.01039,0.27448,-7.43E-04
0.1651,-0.00745,0.07198,-0.01041,0.27048,-7.51E-04
0.16109,-0.00778,0.06798,-0.01035,0.26651,-7.63E-04
0.15709,-0.00804,0.06397,-0.01017,0.26253,-7.80E-04
0.15311,-0.00824,0.05996,-0.00986,0.25851,-7.92E-04
0.14912,-0.00856,0.05596,-0.00946,0.2545,-8.09E-04
0.14511,-0.00872,0.05196,-0.00901,0.2505,-8.27E-04
0.1411,-0.00896,0.04797,-0.00856,0.2465,-8.39E-04
0.1371,-0.00908,0.04395,-0.00792,0.24251,-8.57E-04
0.1331,-0.00931,0.03994,-0.00778,0.23849,-8.75E-04
0.1291,-0.00935,0.03595,-0.00751,0.23449,-8.92E-04
0.1251,-0.0094,0.03195,-0.00728,0.2305,-9.21E-04
0.12109,-0.00941,0.02795,-0.0071,0.22651,-9.67E-04
0.11709,-0.00935,0.02394,-0.00691,0.22176,-9.21E-04
0.11312,-0.00922,0.01993,-0.00675,0.21624,-0.00104
0.10913,-0.00903,0.01594,-0.0066,0.2115,-0.00102
0.10513,-0.00861,0.01193,-0.00647,0.20749,-0.00103
0.1011,-0.0084,0.00794,-0.00633,0.2035,-0.00105
0.0971,-0.00811,0.00392,-0.00623,0.19949,-0.00106
0.0931,-0.00757,-7.56E-05,-0.0061,0.19548,-0.00108
0.08911,-0.00741,-0.00407,-0.00601,0.19147,-0.0011
0.0851,-0.00696,-0.00805,-0.00592,0.18751,-0.00113
0.08109,-0.00674,-0.01206,-0.00582,0.18352,-0.00115
0.0771,-0.0065,-0.01608,-0.00572,0.17949,-0.00118
0.07312,-0.00608,-0.02008,-0.00564,0.1755,-0.00121
0.06912,-0.00591,-0.02408,-0.00553,0.1715,-0.00125
0.06512,-0.00571,-0.02808,-0.00543,0.16749,-0.00128
0.0611,-0.0055,-0.03207,-0.0053,0.16351,-0.00133
0.05711,-0.0051,-0.0361,-0.00519,0.15949,-0.00137
0.0531,-0.00509,-0.04007,-0.00504,0.15549,-0.00142
0.0491,-0.0049,-0.04406,-0.00493,0.1515,-0.00146
0.04508,-0.00473,-0.04805,-0.00477,0.14752,-0.00152
0.04108,-0.00448,-0.05204,-0.00462,0.14351,-0.00157
0.03709,-0.00428,-0.05606,-0.00448,0.13949,-0.00163
0.03308,-0.0042,-0.06006,-0.00432,0.1355,-0.00169
0.02908,-0.00403,-0.06405,-0.00417,0.1315,-0.00177
0.02507,-0.00386,-0.06805,-0.00401,0.1275,-0.00183
0.02107,-0.00361,-0.07205,-0.00379,0.12275,-0.00195
0.01706,-0.00345,-0.07609,-0.00373,0.11799,-0.00206
0.01307,-0.00337,-0.08007,-0.00358,0.11399,-0.00216
0.00907,-0.00321,-0.08406,-0.00346,0.11003,-0.00226
0.00507,-0.00308,-0.08804,-0.00332,0.10602,-0.00237
0.00105,-0.00295,-0.09204,-0.00319,0.10202,-0.0025
-0.00294,-0.00272,-0.09604,-0.00308,0.098,-0.00262
-0.00692,-0.00278,-0.10004,-0.00297,0.094,-0.00276
-0.01093,-0.00263,-0.10404,-0.00287,0.08999,-0.00291
-0.01494,-0.00255,-0.10804,-0.00278,0.08601,-0.00307
-0.01893,-0.00247,-0.11206,-0.00268,0.082,-0.00325
-0.02293,-0.00242,-0.11606,-0.00259,0.07799,-0.00344
-0.02694,-0.00225,-0.12006,-0.00251,0.074,-0.00363
-0.03094,-0.00236,-0.12402,-0.00245,0.07002,-0.00387
-0.03495,-0.00227,-0.12801,-0.00237,0.06602,-0.00411
-0.03895,-0.00224,-0.13203,-0.00231,0.06201,-0.00437
-0.04292,-0.00221,-0.13605,-0.00226,0.05801,-0.00467
-0.04691,-0.00219,-0.14003,-0.00221,0.054,-0.00508
-0.05091,-0.00216,-0.14403,-0.00215,0.05,-0.00535
-0.05492,-0.00215,-0.14802,-0.00211,0.046,-0.00574
-0.05892,-0.00214,-0.15204,-0.00206,0.04198,-0.00615
-0.06291,-0.00212,-0.15604,-0.00203,0.03798,-0.0066
-0.06691,-0.00211,-0.16003,-0.00199,0.03399,-0.00708
-0.07091,-0.0021,-0.16401,-0.00195,0.02999,-0.00761
-0.07493,-0.00209,-0.168,-0.00192,0.02599,-0.00817
-0.07891,-0.00208,-0.17202,-0.0019,0.02198,-0.00876
-0.0829,-0.00208,-0.17601,-0.00187,0.01797,-0.0094
-0.08688,-0.00207,-0.18001,-0.00184,0.01396,-0.01003
-0.09089,-0.00206,-0.18401,-0.00181,0.00997,-0.01063
-0.09491,-0.00205,-0.18801,-0.00179,0.00597,-0.01118
-0.0989,-0.00205,-0.19203,-0.00173,0.00195,-0.01165
-0.10291,-0.00204,-0.19602,-0.00175,-0.00205,-0.01198
-0.10689,-0.00203,-0.20001,-0.00173,-0.00601,-0.01223
-0.11089,-0.00203,-0.204,-0.00171,-0.01001,-0.01231
-0.11492,-0.00202,-0.208,-0.00169,-0.01402,-0.01212
-0.11891,-0.00201,-0.21202,-0.00168,-0.01804,-0.01156
-0.12288,-0.002,-0.21602,-0.00167,-0.02204,-0.01056
-0.12687,-0.00199,-0.22003,-0.00165,-0.02604,-0.00922
-0.13088,-0.00198,-0.22403,-0.00163,-0.03003,-0.00785
-0.13489,-0.00197,-0.22802,-0.00162,-0.03404,-0.0067
-0.13888,-0.00195,-0.23205,-0.0016,-0.03805,-0.006
-0.14288,-0.00194,-0.23603,-0.00159,-0.04204,-0.00568
-0.14688,-0.00189,-0.24001,-0.00158,-0.04602,-0.00556
-0.1509,-0.00193,-0.244,-0.00157,-0.05001,-0.00548
-0.15492,-0.00191,-0.24799,-0.00155,-0.05403,-0.00542
-0.1589,-0.00189,-0.25202,-0.00155,-0.05803,-0.00538
-0.16288,-0.00188,-0.25601,-0.00153,-0.06202,-0.00533
-0.16687,-0.00187,-0.26001,-0.00153,-0.06602,-0.0053
-0.17088,-0.00185,-0.26401,-0.00152,-0.07001,-0.00524
-0.17489,-0.00184,-0.26802,-0.00151,-0.07404,-0.0052
-0.1789,-0.00182,-0.27203,-0.0015,-0.07804,-0.00514
-0.18289,-0.00181,-0.27602,-0.0015,-0.08204,-0.00506
-0.18689,-0.0018,-0.28001,-0.00149,-0.08601,-0.005
-0.19091,-0.00178,-0.284,-0.00149,-0.09,-0.00491
-0.19491,-0.00176,-0.288,-0.00148,-0.09402,-0.0048
-0.19889,-0.00175,-0.29202,-0.00148,-0.09802,-0.00471
-0.20288,-0.00174,-0.296,-0.00147,-0.10203,-0.00459
-0.20686,-0.00172,-0.30001,-0.00147,-0.10603,-0.00447
-0.21089,-0.0017,-0.30401,-0.00147,-0.11002,-0.00436
-0.21489,-0.00169,-0.30802,-0.00147,-0.11405,-0.0042
-0.21888,-0.00167,-0.31203,-0.00147,-0.11805,-0.00407
-0.22288,-0.00166,-0.31603,-0.00147,-0.12203,-0.00393
-0.22688,-0.00164,-0.32001,-0.00147,-0.12601,-0.0038
-0.2309,-0.00163,-0.32399,-0.00147,-0.13001,-0.00363
-0.23489,-0.00161,-0.32802,-0.00147,-0.13404,-0.0035
-0.23888,-0.0016,-0.33202,-0.00148,-0.13802,-0.00335
-0.24287,-0.00159,-0.33602,-0.00148,-0.14202,-0.0032
-0.24685,-0.00157,-0.34003,-0.00149,-0.14603,-0.00307
-0.25088,-0.00156,-0.34402,-0.00149,-0.15002,-0.00294
-0.25487,-0.00155,-0.34803,-0.0015,-0.15405,-0.00282
-0.25888,-0.00153,-0.35203,-0.0015,-0.15803,-0.00268
-0.26288,-0.00152,-0.35601,-0.00152,-0.16202,-0.00258
-0.26687,-0.00151,-0.36,-0.00152,-0.16601,-0.00247
-0.27088,-0.0015,-0.36399,-0.00153,-0.17001,-0.00237
-0.27488,-0.00149,-0.36801,-0.00154,-0.17402,-0.00228
-0.27887,-0.00148,-0.37201,-0.00156,-0.17802,-0.00219
-0.28286,-0.00146,-0.37601,-0.00156,-0.18202,-0.00211
-0.28686,-0.00145,-0.38002,-0.00158,-0.18601,-0.00204
-0.29088,-0.00144,-0.38401,-0.00159,-0.19001,-0.00197
-0.29486,-0.00139,-0.38804,-0.00161,-0.19403,-0.00191
-0.29887,-0.00143,-0.39203,-0.00162,-0.19802,-0.00185
-0.30287,-0.00141,-0.39601,-0.00164,-0.202,-0.0018
-0.30688,-0.0014,-0.39999,-0.00166,-0.206,-0.00176
-0.3109,-0.00139,-0.404,-0.00168,-0.21,-0.00171
-0.31489,-0.00139,-0.40803,-0.00169,-0.21403,-0.00168
-0.31887,-0.00138,-0.41202,-0.00171,-0.21802,-0.00164
-0.32286,-0.00137,-0.41602,-0.00174,-0.22202,-0.00161
-0.32687,-0.00137,-0.42004,-0.00176,-0.22601,-0.00158
-0.33088,-0.00136,-0.42404,-0.00178,-0.23003,-0.00155
-0.33488,-0.00135,-0.42805,-0.00181,-0.23404,-0.00153
-0.33887,-0.00135,-0.43205,-0.00183,-0.23803,-0.00151
-0.34287,-0.00134,-0.43602,-0.00186,-0.24202,-0.00148
-0.34687,-0.00134,-0.44,-0.00188,-0.246,-0.00146
-0.35088,-0.00138,-0.44401,-0.00191,-0.25002,-0.00145
-0.35487,-0.00134,-0.44803,-0.00197,-0.25403,-0.00143
-0.35885,-0.00133,-0.45201,-0.00199,-0.25803,-0.00142
-0.36284,-0.00132,-0.45602,-0.00202,-0.26203,-0.00141
-0.36686,-0.00132,-0.46002,-0.00206,-0.26602,-0.00139
-0.37087,-0.00131,-0.46404,-0.0021,-0.27006,-0.00138
-0.37487,-0.0013,-0.46804,-0.00215,-0.27404,-0.00137
-0.37886,-0.0013,-0.47049,-0.00217,-0.27804,-0.00136
-0.38286,-0.0013,,,-0.28202,-0.00135
-0.38688,-0.00129,,,-0.28602,-0.00135
-0.39088,-0.00129,,,-0.29004,-0.00133
-0.39487,-0.00129,,,-0.29403,-0.00134
-0.39884,-0.00128,,,-0.29804,-0.00132
-0.40284,-0.00128,,,-0.30204,-0.00132
-0.40687,-0.00128,,,-0.30604,-0.00131
-0.41086,-0.00127,,,-0.31006,-0.00131
-0.41486,-0.00127,,,-0.31406,-0.00131
-0.41887,-0.00127,,,-0.31804,-0.00131
-0.42287,-0.00127,,,-0.32049,-0.0013
-0.4269,-0.00127,,,,
-0.43089,-0.00127,,,,
-0.43486,-0.00127,,,,
-0.43886,-0.00127,,,,
-0.44088,-0.0013,,,,
