Index,Voltage,Concentration
1,10.51761246,2.692408192
1,9.016547333,2.681298168
1,7.729832381,2.610580076
1,2.40888167,2.538294839
1,2.065024248,2.644666267
1,1.770298827,2.64867187
1,1.517637354,2.652683539
1,1.301036358,2.656701284
1,1.115349198,2.660725115
1,0.956167464,2.649745829
1,0.819735667,2.493892184
1,0.702746371,2.469612458
1,0.602478891,2.298243889
1,0.516523504,2.102830152
1,0.442841592,1.859918124
1,0.379687971,1.537257271
1,0.32555074,1.214436145
1,0.27914875,0.881468275
1,0.239364309,0.625498666
1,0.205253932,0.431499914
1,0.176002382,0.30275705
1,0.150918421,0.214839418
1,0.129404445,0.161311162
1,0.110952652,0.128883908
1,0.095126027,0.11271512
1,0.081554763,0.10253546
1,0.069916417,0.099823879
1,0.059937308,0.101110876
1,0.05138508,0.095184445
1,0.044051273,0.095328611
1,0.037764165,0.095472996
1,0.032374369,0.095617599
1,0.027753818,0.095762421
1,0.023792724,0.095907462
1,0.020396967,0.096052723
1,0.017485861,0.096198204
1,0.014990235,0.096343906
1,0.012850791,0.096489828
1,0.011016694,0.096635971
1,0.009444364,0.096782336
1,0.008096441,0.096928922
1,0.006940897,0.09707573
1,0.005950275,0.097222761
1,0.005101036,0.097370014
1,0.004373004,0.09751749
1,0.003748878,0.09766519
1,0.003213829,0.097813113
1,0.002755249,0.092581372
1,0.002361931,0.097587157
1,0.00202483,0.097734962
1,0.001735841,0.097882991
1,0.001488098,0.098031244
1,0.001275713,0.098179722
1,0.00109364,0.098328425
1,0.000937553,0.098477352
1,0.000803743,0.098626506
1,0.000689031,0.098775885
1,0.00059069,0.098925491
1,0.000506386,0.099075323
1,0.000434113,0.099225382
1,0.000372155,0.099375669
1,0.00031904,0.099526183
1,0.000273506,0.099676925
1,0.000234471,0.099827895
1,0.000201006,0.099979094
1,0.000172318,0.100130522
1,0.000147725,0.100282179
1,0.000126641,0.100434066
1,0.000112206,0.10460899
2,32.79304271,5.76E-10
2,10.40898547,1.12E-07
2,8.923389047,1.12E-07
2,7.649820662,1.12E-07
2,6.55801914,1.12E-07
2,5.622042259,1.13E-07
2,4.819650338,1.13E-07
2,4.131777797,1.13E-07
2,3.542080144,1.13E-07
2,3.036545614,1.13E-07
2,2.603162235,1.13E-07
2,2.231632415,1.14E-07
2,1.91312826,1.14E-07
2,1.640081814,1.14E-07
2,1.406005239,1.14E-07
2,1.205341311,1.14E-07
2,1.033363851,1.06E-07
2,0.88587958,1.06E-07
2,0.759450496,1.05E-07
2,0.651089988,9.82E-08
2,0.558190658,9.19E-08
2,0.478563092,8.17E-08
2,0.410305724,6.99E-08
2,0.351797475,5.65E-08
2,0.301646285,4.26E-08
2,0.258653485,3.06E-08
2,0.221793467,2.12E-08
2,0.190186271,1.47E-08
2,0.163082703,1.03E-08
2,0.139836823,7.54E-09
2,0.119900254,5.83E-09
2,0.102800093,4.90E-09
2,0.088135012,4.38E-09
2,0.075558789,4.17E-09
2,0.0647776,3.93E-09
2,0.055532379,3.93E-09
2,0.047606659,3.94E-09
2,0.040812118,3.94E-09
2,0.034987311,3.95E-09
2,0.029993834,3.96E-09
2,0.025713039,3.96E-09
2,0.02204321,3.97E-09
2,0.018897148,3.97E-09
2,0.0162001,3.98E-09
2,0.006019827,4.02E-09
2,0.005160662,4.02E-09
2,0.00442412,4.03E-09
2,0.003792698,4.04E-09
2,0.003251257,4.30E-09
2,0.002787197,4.38E-09
2,0.002389401,4.39E-09
2,0.00204838,4.39E-09
2,0.00175603,4.40E-09
2,0.001505405,4.41E-09
2,0.001290505,4.65E-09
2,0.0011063,4.79E-09
2,0.000948387,4.93E-09
2,0.000813003,5.20E-09
2,0.000696937,5.57E-09
2,0.000597441,5.97E-09
2,0.000512133,6.69E-09
2,0.000439001,7.63E-09
2,0.000376301,9.10E-09
2,0.000322539,1.17E-08
2,0.000276443,1.63E-08
2,0.000239536,2.56E-08
2,0.000209838,4.42E-08
2,0.000185854,7.69E-08
2,0.000162817,1.28E-07
2,0.00013956,1.57E-07
2,0.000119635,1.69E-07
3,10.61064575,6.83E-06
3,6.00873322,6.79E-06
3,5.126245386,7.18E-06
3,3.869111878,7.51E-06
3,3.017774046,8.45E-06
3,2.555462176,9.39E-06
3,2.037181516,1.17E-05
3,1.746234352,1.39E-05
3,1.496805145,1.69E-05
3,1.28295941,2.17E-05
3,1.099631448,2.92E-05
3,0.942456396,4.19E-05
3,0.807709627,6.45E-05
3,0.692190729,0.000107437
3,0.599738433,0.000185911
3,0.525391266,0.0003133
3,0.465348287,0.000532813
3,0.41215751,0.000937717
3,0.36104936,0.001676812
3,0.316277273,0.003018274
3,0.277064657,0.005222295
3,0.240057498,0.009096475
3,0.205718835,0.015757187
3,0.176302986,0.024936475
3,0.151099158,0.037295865
3,0.129504405,0.0521254
3,0.111002355,0.066933261
3,0.095149902,0.07807865
3,0.081564202,0.086565518
3,0.069920995,0.090704079
3,0.059939845,0.095040497
3,0.05138508,0.095184445
3,0.044051273,0.095328611
3,0.037764165,0.095472996
3,0.032374369,0.095617599
3,0.027753818,0.095762421
3,0.023792724,0.095907462
3,0.020396967,0.096052723
3,0.017485861,0.096198204
3,0.014990235,0.096343906
3,0.012850791,0.096489828
3,0.011016694,0.096635971
3,0.009444364,0.096782336
3,0.008096441,0.096928922
3,0.006940897,0.09707573
3,0.005950275,0.097222761
3,0.005101036,0.097370014
3,0.004373004,0.09751749
3,0.003748878,0.09766519
3,0.003213829,0.097813113
3,0.002755143,0.097961261
3,0.002361922,0.098109632
3,0.002024823,0.098258229
3,0.001735835,0.098407051
3,0.001488092,0.098556098
3,0.001275708,0.09870537
3,0.001093636,0.098854869
3,0.000937549,0.099004594
3,0.00080374,0.099154546
3,0.000689028,0.099304725
3,0.000590688,0.099455132
3,0.000506384,0.099605766
3,0.000434111,0.099756629
3,0.000372154,0.09990772
3,0.000319039,0.10005904
3,0.000273505,0.100210589
3,0.00023447,0.100362368
3,0.000201006,0.100514376
3,0.000172318,0.100666615
3,0.000147724,0.100819084
3,0.000126641,0.100971784
3,0.000113449,0.101080998
4,10.45748381,1.25E-10
4,8.964965584,1.25E-10
4,7.685463292,1.25E-10
4,6.588549327,1.26E-10
4,5.647931619,1.36E-10
4,4.841657771,1.44E-10
4,4.150500052,1.51E-10
4,3.557883048,1.68E-10
4,3.049892904,1.85E-10
4,2.614321933,2.17E-10
4,2.240957105,2.55E-10
4,1.920825443,3.20E-10
4,1.646381657,4.18E-10
4,1.411084485,5.84E-10
4,1.209354757,8.78E-10
4,1.047894319,1.38E-09
4,0.917999334,2.30E-09
4,0.813087427,3.92E-09
4,0.716215961,6.67E-09
4,0.639400806,1.20E-08
4,0.589428795,2.04E-08
4,0.544693274,3.48E-08
4,0.500211885,5.70E-08
4,0.447848021,1.34E-07
4,0.413836001,2.46E-07
4,0.379414676,4.52E-07
4,0.347304173,8.52E-07
4,0.318411798,1.60E-06
4,0.297022488,2.87E-06
4,0.272743939,5.31E-06
4,0.259311162,7.85E-06
4,0.176487972,9.62E-05
4,0.155031194,0.000168433
4,0.13731534,0.000281951
4,0.118978447,0.000466775
4,0.10196959,0.000698125
4,0.087401386,0.000896449
4,0.074921167,0.001010875
4,0.064226743,0.001047305
4,0.055059292,0.001072859
4,0.047200545,0.001092846
4,0.040463965,0.001094502
4,0.034688847,0.001096159
4,0.029737968,0.00109782
4,0.025493691,0.001099482
4,0.021855168,0.001101148
4,0.018735944,0.001102815
4,0.016061903,0.001104486
4,0.013769508,0.001106159
4,0.011804289,0.001107834
4,0.010119552,0.001109512
4,0.008675264,0.001111192
4,0.007437109,0.001112875
4,0.006375814,0.001077421
4,0.005465863,0.001072975
4,0.004685761,0.0010746
4,0.004016998,0.001076228
4,0.003443682,0.001077858
4,0.002952191,0.00107949
4,0.002530847,0.001081125
4,0.002169638,0.001082763
4,0.001859982,0.001084403
4,0.001594545,0.001061783
4,0.00136702,0.001004991
4,0.001171916,0.001006513
4,0.001004677,0.000979967
4,0.000861317,0.000932805
4,0.000738416,0.000882912
4,0.000633054,0.000830981
4,0.000542737,0.000760324
4,0.000465315,0.000672494
4,0.000398946,0.000578246
4,0.000342059,0.000464622
4,0.000293297,0.00034886
4,0.000251507,0.000232641
4,0.000218078,0.000134441
4,0.000193298,7.78E-05
4,0.000169462,4.41E-05
4,0.000145306,3.26E-05
4,0.000124575,2.98E-05
4,0.000112835,2.93E-05
5,10.34224801,0.001366957
5,8.86617653,0.001369028
5,2.168709333,0.001779742
5,1.859092405,0.001918246
5,1.593653489,0.002114773
5,1.366108339,0.002344641
5,1.171025431,0.002689103
5,1.003789111,0.003136879
5,0.860412868,0.003806796
5,0.737501537,0.004752114
5,0.632138521,0.006067732
5,0.54181562,0.008014646
5,0.464398477,0.010586254
5,0.398049204,0.013670612
5,0.341183297,0.01735699
5,0.292452631,0.020827162
5,0.250690798,0.023752433
5,0.214897476,0.02618591
5,0.188307777,0.029857386
5,0.144624792,0.027658938
5,0.123977836,0.029643514
5,0.106279717,0.031236664
5,0.09111121,0.031283975
5,0.07810759,0.031331357
5,0.06695988,0.031378811
5,0.057403198,0.031426338
5,0.04921047,0.031473936
5,0.042187029,0.031521606
5,0.036165991,0.031569349
5,0.03100429,0.031617164
5,0.026579281,0.031665051
5,0.022785819,0.031713011
5,0.01953377,0.031761043
5,0.016745862,0.031809148
5,0.01435585,0.031857326
5,0.012306948,0.031905577
5,0.010550469,0.031953901
5,0.00904468,0.032002299
5,0.007753801,0.032050769
5,0.006647159,0.032099313
5,0.00569846,0.032147931
5,0.004885161,0.032196622
5,0.004187939,0.032245387
5,0.003590226,0.032294225
5,0.00307782,0.032343138
5,0.002638546,0.032392125
5,0.002261966,0.032441186
5,0.001939132,0.032490321
5,0.001662375,0.032539531
5,0.001425116,0.032588815
5,0.00122172,0.032638174
5,0.001047353,0.032687608
5,0.000897872,0.032737116
5,0.000769726,0.0327867
5,0.000659869,0.032836358
5,0.00056569,0.032886092
5,0.000484954,0.032935901
5,0.00041574,0.032985786
5,0.000356404,0.033035746
5,0.000305538,0.033085782
5,0.00026193,0.033135894
5,0.000224547,0.033186081
5,0.000192499,0.033236345
5,0.000165025,0.033286684
5,0.000141469,0.034681618
5,0.000121275,0.036135008
5,0.000111059,0.036166272
6,10.44449123,7.68E-10
6,8.953827339,7.69E-10
6,7.675914725,7.70E-10
6,6.580388992,7.71E-10
6,5.64121943,7.73E-10
6,4.836090495,7.74E-10
6,4.145871574,7.75E-10
6,3.553997761,8.31E-10
6,3.046738793,8.41E-10
6,2.611840114,8.72E-10
6,2.239002609,9.13E-10
6,1.919342815,9.90E-10
6,1.645339554,1.05E-09
6,1.410398225,1.19E-09
6,1.208967296,1.40E-09
6,0.98532936,1.67E-09
6,0.79561425,2.62E-09
6,0.681830502,4.32E-09
6,0.584317134,7.15E-09
6,0.506269034,1.25E-08
6,0.443498905,2.18E-08
6,0.384261097,3.80E-08
6,0.329239113,8.44E-08
6,0.285270791,1.41E-07
6,0.24716755,2.46E-07
6,0.211811841,4.26E-07
6,0.181524749,6.75E-07
6,0.155572028,1.03E-06
6,0.133338023,1.44E-06
6,0.11428783,1.86E-06
6,0.097964659,2.22E-06
6,0.083977386,2.45E-06
6,0.0719897,2.57E-06
6,0.06171515,2.57E-06
6,0.05290701,2.58E-06
6,0.045355989,2.58E-06
6,0.038882669,2.58E-06
6,0.033333237,2.59E-06
6,0.028575834,2.59E-06
6,0.02449742,2.59E-06
6,0.004215191,2.44E-06
6,0.003613588,2.44E-06
6,0.003097848,2.45E-06
6,0.002655715,2.45E-06
6,0.002276685,2.45E-06
6,0.001951751,2.46E-06
6,0.001673224,2.39E-06
6,0.001434468,2.28E-06
6,0.001229737,2.28E-06
6,0.001054246,2.22E-06
6,0.000903813,2.11E-06
6,0.000774845,2.01E-06
6,0.000664286,1.89E-06
6,0.000569508,1.75E-06
6,0.000488266,1.56E-06
6,0.000418621,1.35E-06
6,0.000358922,1.11E-06
6,0.000307751,8.56E-07
6,0.000263897,5.87E-07
6,0.000228811,3.62E-07
6,0.000202807,2.15E-07
6,0.00018374,1.47E-07
6,0.000155862,7.72E-08
6,0.000133628,6.83E-08
7,10.36687404,4.21E-05
7,8.887287872,4.22E-05
7,7.618871937,4.23E-05
7,3.065698346,4.62E-05
7,2.592350417,5.00E-05
7,2.222269306,5.33E-05
7,1.905020571,5.68E-05
7,1.633036698,6.19E-05
7,1.399868332,6.87E-05
7,1.199969064,7.83E-05
7,1.028595279,9.19E-05
7,0.881682654,0.000110252
7,0.755727066,0.000139194
7,0.669473312,0.000185099
7,0.486502953,0.000272246
7,0.416971433,0.000382652
7,0.357405028,0.000480379
7,0.306351523,0.000592932
7,0.26260292,0.000683895
7,0.225106193,0.000766846
7,0.192970279,0.000817239
7,0.165423969,0.00085631
7,0.141810962,0.00088717
7,0.121571347,0.000888513
7,0.104215954,0.000946902
7,0.071701487,0.000908597
7,0.061467123,0.000930767
7,0.052693771,0.000948107
7,0.045173184,0.000949543
7,0.038725954,0.000950981
7,0.033198889,0.000952422
7,0.028460661,0.000953864
7,0.024398684,0.000955309
7,0.020916443,0.000956756
7,0.017931196,0.000958205
7,0.015372011,0.000959656
7,0.013178079,0.00096111
7,0.011297271,0.000962565
7,0.009684896,0.000964023
7,0.008302643,0.000965483
7,0.007117669,0.000966946
7,0.006101818,0.00096841
7,0.005230951,0.000969877
7,0.004484463,0.000944297
7,0.003844459,0.000935104
7,0.003295768,0.00093652
7,0.002825388,0.000937938
7,0.002422142,0.000939359
7,0.002076448,0.000940782
7,0.001780092,0.000942207
7,0.001526033,0.000943634
7,0.001397486,0.00094445
7,0.000535922,0.000900736
7,0.000450855,0.000852747
7,0.000381684,0.000816466
7,0.000327224,0.000764115
7,0.000280535,0.00071512
7,0.000240511,0.000654315
7,0.000206206,0.000562615
7,0.0001768,0.000462393
7,0.000151602,0.000328118
7,0.000132905,0.000190813
7,0.00012584,0.000110923
7,0.000120037,5.74E-05
7,0.000119184,4.27E-05
7,0.000116658,1.82E-05
7,0.000115429,1.01E-05
7,0.000115472,5.80E-06
7,0.000115516,3.33E-06
7,0.00011556,1.92E-06
7,0.000115604,1.10E-06
7,0.000115647,6.33E-07
7,0.000115707,2.99E-07
7,0.000115791,1.03E-07
7,0.000115835,5.91E-08
7,0.000115879,3.40E-08
7,0.000115923,1.95E-08
7,0.000115967,1.12E-08
7,0.00011601,6.45E-09
7,0.000116054,3.71E-09
7,0.000116098,2.13E-09
7,0.000116142,1.23E-09
7,0.000116186,7.05E-10
7,0.00011623,4.05E-10
7,0.000116274,2.33E-10
7,0.000116318,1.34E-10
7,0.000116362,7.70E-11
7,0.000116423,3.56E-11
7,6.362457593,4.09E-05
7,5.504482333,4.44E-05
7,4.67339571,4.39E-05
7,3.796612812,4.55E-05
