Voltage,Current,a_K⁺,c_K⁺,γ_K⁺,a_H⁺,c_H⁺,γ_H⁺,a_HCO₃⁻,c_HCO₃⁻,γ_HCO₃⁻,a_CO₃²⁻,c_CO₃²⁻,γ_CO₃²⁻,a_CO₂,c_CO₂,γ_CO₂,a_OH⁻,c_OH⁻,γ_OH⁻,a_CO,c_CO,γ_CO
-1.5,-106.5300262330341,2998.1664362757087,3.0098706026374002,0.996111405469911,0.0007861593814035648,7.911774810188797e-7,0.9936574286608201,0.0006751038198369132,6.794130455470649e-7,0.9936574286608201,4.001690218555678e-8,4.02723323263317e-11,0.9936574286608201,4.415337636272512e-5,4.443520985117764e-8,0.9936574286608201,2.7660657013613666e-5,2.78372165454373e-8,0.9936574286608201,19.1002056398853,0.019222123328386104,0.9936574286608201
-1.4932890167170314,-106.52997160739346,2998.007269232417,3.00976681725184,0.9960928707327034,0.0007433030473865301,7.48047591637213e-7,0.9936574299500134,0.0007140307544229284,7.185884520169573e-7,0.9936574299500134,4.476458730667358e-8,4.505032213056113e-11,0.9936574299500134,5.3236195017980114e-5,5.357600458002734e-8,0.9936574299500134,2.84786241901021e-5,2.8660404815304138e-8,0.9936574299500134,19.100195781125894,0.01922211338175848,0.9936574299500134
-1.4865780334340628,-106.52990574855623,2997.8426517004027,3.0096573902985493,0.9960743908472005,0.0007029007544150116,7.073874087417243e-7,0.9936574297601743,0.0007550762946284011,7.598959883092141e-7,0.9936574297601743,5.005880545679431e-8,5.037833357606588e-11,0.9936574297601743,6.41813046295145e-5,6.459097744079172e-8,0.9936574297601743,2.9338117251821316e-5,2.9525384074169565e-8,0.9936574297601743,19.100183899714754,0.01922210142818004,0.9936574297601743
-1.4731560668681258,-106.52973068237357,2997.4959191350017,3.009420457952468,0.9960375962800561,0.0006288822322976679,6.328964253215409e-7,0.9936574250331188,0.0008439581311479778,8.493451665395128e-7,0.9936574250331188,6.253675932068646e-8,6.293593520785304e-11,0.9936574250331188,9.325805957811162e-5,9.3853331368206e-8,0.9936574250331188,3.1190078668775525e-5,3.1389166812431305e-8,0.9936574250331188,19.10015233154185,0.019222069749949524,0.9936574250331188
-1.4597341003021886,-106.52947647418173,2997.123813007314,3.009157363938238,0.9960010230521228,0.0005630386142472103,5.66632529434156e-7,0.9936574146377818,0.0009426704728719765,9.486876049886957e-7,0.9936574146377818,7.801994617541857e-8,7.851795299475444e-11,0.9936574146377818,0.00013545537552154443,1.3631999673742887e-7,0.9936574146377818,3.323430820470594e-5,3.344644513805681e-8,0.9936574146377818,19.100106513125137,0.019222023840165983,0.9936574146377818
-1.4447654443146336,-106.52905554352571,2996.675643388496,3.0088298177098993,0.9959604979152147,0.0004981046670278507,5.012841133855613e-7,0.9936573965286126,0.0010655910077779153,1.072392769882865e-6,0.9936573965286126,9.969054935580692e-8,1.0032688299214638e-10,0.9936573965286126,0.0002052992250289007,2.066096682278247e-7,0.9936573965286126,3.576471372878384e-5,3.599300307503321e-8,0.9936573965286126,19.100030669473846,0.01922194786271473,0.9936573965286126
-1.4322915643250045,-106.5285436529404,2996.272638149398,3.008526547985212,0.9959269397692301,0.0004500444254121009,4.529171081830924e-7,0.9936573763298201,0.001179428789676763,1.1869572125888196e-6,0.9936573763298201,1.221238511934941e-7,1.2290338108752498e-10,0.9936573763298201,0.0002902135931658805,2.9206605826025817e-7,0.9936573763298201,3.8095729580181215e-5,3.833889878711702e-8,0.9936573763298201,19.09993845623545,0.01922185545160759,0.9936573763298201
-1.4218966643336468,-106.52795920136995,2995.914336677927,3.0082508024148136,0.995899123262268,0.00041374455066602543,4.1638553585955436e-7,0.99365735606527,0.0012829598917510905,1.2911491913383643e-6,0.99365735606527,1.4449906094673456e-7,1.4542141721662344e-10,0.99365735606527,0.0003871503255809016,3.896215563823301e-7,0.99365735606527,4.020693060983871e-5,4.046357666897567e-8,0.99365735606527,19.099833184859964,0.01922174990027987,0.99365735606527
-1.4132342476741822,-106.52732605215779,2995.5989329577537,3.00800380058421,0.9958760465581702,0.00038586456914182636,3.8832760028791943e-7,0.9936573368870333,0.0013757206904984934,1.3845021210313834e-6,0.9936573368870333,1.6614208693734797e-7,1.6720259667970057e-10,0.9936573368870333,0.0004921548920877492,4.952963902320597e-7,0.9936573368870333,4.209229191813743e-5,4.2360973300922556e-8,0.9936573368870333,19.099719151012597,0.019221635509529784,0.9936573368870333
-1.4060155671246282,-106.52666951421405,2995.3236664049487,3.0077852566405987,0.9958568883173634,0.0003641531173661314,3.664775675285821e-7,0.9936573193875791,0.0014578125910008229,1.4671180522268146e-6,0.9936573193875791,1.8655290266970753e-7,1.8774370100215806e-10,0.9936573193875791,0.0006010327343846759,6.048692267019284e-7,0.9936573193875791,4.375639699604638e-5,4.403570138547841e-8,0.9936573193875791,19.09960091080665,0.01922151685309208,0.9936573193875791
-1.4,-106.52601309447897,2995.0851889526502,3.0075938513123988,0.9958409735562233,0.000347050603669605,3.492658911075223e-7,0.9936573038068716,0.001529725452797912,1.539489969969799e-6,0.9936573038068716,2.0540219328045474e-7,2.0671331302404128e-10,0.9936573038068716,0.0007098876555887095,7.144189982492033e-7,0.9936573038068716,4.521102407027405e-5,4.5499614300687835e-8,0.9936573038068716,19.099482696026733,0.019221398185122113,0.9936573038068716
-1.3939844328753717,-106.52523818661464,2994.8380679493675,3.0073936210782173,0.9958251048213808,0.0003307986325682518,3.3291018620895654e-7,0.9936572873760631,0.0016049698757357746,1.6152147185213084e-6,0.9936572873760631,2.2609325649380521e-7,2.2753645483831406e-10,0.9936572873760631,0.0008383892095105033,8.437408150293206e-7,0.9936572873760631,4.673010833809615e-5,4.702839593870005e-8,0.9936572873760631,19.099343146436517,0.019221258062598105,0.9936572873760631
-1.3879688657507434,-106.52432348754971,2994.581931846544,3.007184191903344,0.9958092822878191,0.00031535319525597983,3.173661630883004e-7,0.993657270161594,0.0016836896615030268,1.6944370177347123e-6,0.993657270161594,2.487993722027306e-7,2.503875125497441e-10,0.993657270161594,0.0009900704343142827,9.963902686016396e-7,0.993657270161594,4.8316326344620906e-5,4.862473993348173e-8,0.993657270161594,19.0991784262587,0.01922109262397153,0.993657270161594
-1.3759377315014871,-106.52196975374885,2994.0410577169114,3.006736169511925,0.995777776605829,0.000286717730004501,2.8854792203279977e-7,0.9936572337260127,0.001852160422596502,1.8639832325793843e-6,0.9936572337260127,3.010291861032515e-7,3.029507317875132e-10,0.9936572337260127,0.0013803813594011804,1.3891926839047214e-6,0.9936572337260127,5.1701321296631694e-5,5.2031343950229444e-8,0.9936572337260127,19.098754574799607,0.019220666771763095,0.9936572337260127
-1.3639065972522306,-106.51869208897416,2993.4593063214597,3.0062465012269475,0.9957464582826894,0.0002608377343889293,2.625027379646142e-7,0.9936571953931037,0.0020364120216884436,2.049411035445491e-6,0.9936571953931037,3.6381439079960515e-7,3.661367245025337e-10,0.9936571953931037,0.0019239181604265249,1.9361990929531766e-6,0.9936571953931037,5.538922376147169e-5,5.574278938276997e-8,0.9936571953931037,19.098164361821038,0.019220073532769576,0.9936571953931037
-1.3518754630029741,-106.51412959403373,2992.833172160093,3.0057116561576405,0.9957153295223233,0.00023743920212322833,2.3895485537960686e-7,0.9936571564784873,0.0022378293545452462,2.252114162269102e-6,0.9936571564784873,4.391969106850715e-7,4.420004503782589e-10,0.9936571564784873,0.00268056388624117,2.6976748154676065e-6,0.9936571564784873,5.940465333176766e-5,5.978385295618184e-8,0.9936571564784873,19.097342804508404,0.01921924748390001,0.9936571564784873
-1.3374203780638525,-106.5062284676643,2992.016858600539,3.0050039330666722,0.9956781838708344,0.00021226448885001536,2.1361945317837106e-7,0.9936571117087154,0.0025046687201202766,2.5206569656741966e-6,0.9936571117087154,5.498671951733573e-7,5.533772049674089e-10,0.9936571117087154,0.003991039823611077,4.0165161367868585e-6,0.9936571117087154,6.469889925188336e-5,6.511189673933463e-8,0.9936571117087154,19.09592009083024,0.019217816554437436,0.9936571117087154
-1.3253744739479179,-106.49677902405465,2991.278418226737,3.0043550358505224,0.9956474459683544,0.00019348059107391995,1.9471565702362844e-7,0.9936570794121676,0.0027497115142537812,2.767264050370847e-6,0.9936570794121676,6.622694432494211e-7,6.664969806698399e-10,0.9936570794121676,0.005558591153709119,5.594073920348353e-6,0.9936570794121676,6.953438404170136e-5,6.997825052767383e-8,0.9936570794121676,19.094218599296337,0.01921610482621649,0.9936570794121676
-1.3153362205179724,-106.48613985780632,2990.619265661079,3.0037698135981463,0.9956219854539006,0.0001792022303350937,1.8034615533741496e-7,0.9936570591140074,0.00297108702306265,2.990052750907657e-6,0.9936570591140074,7.726042279585353e-7,7.77536093435925e-10,0.9936570591140074,0.0073238721352931494,7.3706235648579475e-6,0.9936570591140074,7.387963761904552e-5,7.435124315920442e-8,0.9936570591140074,19.09230289695968,0.019214177287668343,0.9936570591140074
-1.3069710093263511,-106.47474864610213,2990.0374786211387,3.003249136547443,0.9956008784734082,0.00016818078461439652,1.6925435665953443e-7,0.9936570492699489,0.003168401499757204,3.188626802461739e-6,0.9936570492699489,8.779081506975424e-7,8.835122252114566e-10,0.9936570492699489,0.009214374710099402,9.273194123535186e-6,0.9936570492699489,7.773237348585351e-5,7.822857347307541e-8,0.9936570492699489,19.090251790381295,0.019212113278325876,0.9936570492699489
-1.3,-106.46305253878789,2989.528819035445,3.002791042411223,0.9955833678772636,0.00015956444593509428,1.605830163281625e-7,0.9936570478226247,0.0033423178142503247,3.3636533063135423e-6,0.9936570478226247,9.761060032895052e-7,9.823369193912743e-10,0.9936570478226247,0.011155955506649603,1.1227168902082829e-5,0.9936570478226247,8.11109414778001e-5,8.162870847193851e-8,0.9936570478226247,19.08814579170714,0.019209993864114896,0.9936570478226247
-1.293028990673649,-106.44890699597804,2988.9974261430466,3.0023098761555707,0.9955659307127982,0.00015143446750743238,1.5240113965424766e-7,0.9936570543435019,0.0035253578670845593,3.5478617614341036e-6,0.9936570543435019,1.0848357461019614e-6,1.091760725050858e-9,0.9936570543435019,0.013504797145598001,1.359100414631532e-5,0.9936570543435019,8.464758810692796e-5,8.5187930520811e-8,0.9936570543435019,19.085598755880056,0.019207430443383404,0.9936570543435019
-1.2860579813472979,-106.4318029185681,2988.4422624722747,3.00180458778282,0.9955485692290134,0.0001437645991315947,1.446823087579326e-7,0.9936570709009536,0.003718028633753179,3.741762367153514e-6,0.9936570709009536,1.2051648380693905e-6,1.2128579097984598e-9,0.9936570709009536,0.016345849416677417,1.6450191817038605e-5,0.9936570709009536,8.834701603801727e-5,8.891097202972915e-8,0.9936570709009536,19.08251901735531,0.01920433072554206,0.9936570709009536
-1.2790869720209468,-106.41112667519069,2987.8622507013683,3.0012740860142832,0.9955312860710014,0.00013653045176703486,1.3740197878383926e-7,0.9936570999594155,0.003920881251288756,3.945909762481341e-6,0.9936570999594155,1.338258588237498e-6,1.3468012137106023e-9,0.9936570999594155,0.019781644504534287,1.9907918441223073e-5,0.9936570999594155,9.221342973704894e-5,9.280206395225805e-8,0.9936570999594155,19.07879608975945,0.01920058347143969,0.9936570999594155
-1.2721159626945957,-106.38613911977683,2987.2562725675807,3.000717237017791,0.9955140843381871,0.00012970942279306278,1.3053740268373503e-7,0.9936571444379181,0.004134518883520306,4.160910940623366e-6,0.9936571444379181,1.4853868095780268e-6,1.4948685448422609e-9,0.9936571444379181,0.0239358909282171,2.408868195856118e-5,0.9936571444379181,9.625033722647279e-5,9.6864736257614e-8,0.9936571444379181,19.074296888076564,0.01919605469033921,0.9936571444379181
-1.2628212835927943,-106.34455289151326,2986.4058979172128,2.999931745130034,0.9954912816817321,0.00012122149805378006,1.219952856348191e-7,0.9936572337446277,0.00443730539924737,4.465629845540649e-6,0.9936572337446277,1.7057923494680714e-6,1.7166808548655564e-9,0.9936572337446277,0.030854650402790312,3.105160346542602e-5,0.9936572337446277,0.00010190234907628017,1.0255281762732008e-7,0.9936572337446277,19.066808995158336,0.019188517275020966,0.9936572337446277
-1.2512715905475413,-106.27595078150104,2985.2776735869743,2.998883087311504,0.9954631730119473,0.00011157900747840797,1.1229122508905738e-7,0.9936574063549084,0.004844644123616059,4.875567869400733e-6,0.9936574063549084,2.0233289024218645e-6,2.036243970488944e-9,0.9936574063549084,0.0422815623604681,4.255144890991356e-5,0.9936574063549084,0.00010935725707928758,1.1005529308179687e-7,0.9936574063549084,19.054456769129175,0.01917608287048124,0.9936574063549084
-1.2416468463431638,-106.19999266014986,2984.2730213848663,2.997943775163782,0.9954399565821848,0.00010425902646079243,1.0492449772747197e-7,0.9936576178004872,0.005213165644835877,5.246440576156896e-6,0.9936576178004872,2.3301056914757944e-6,2.344978440998223e-9,0.9936576178004872,0.05495330925945694,5.530406880098091e-5,0.9936576178004872,0.00011592966186920259,1.1666962522344357e-7,0.9936576178004872,19.040780136971062,0.01916231486165106,0.9936576178004872
-1.2336262261728492,-106.11983929677382,2983.3883122265725,2.997112793111539,0.9954207659730022,9.862673255686848e-5,9.925623016422292e-8,0.9936578529497553,0.005542644399320274,5.578021028935138e-6,0.9936578529497553,2.618851190277644e-6,2.635566339563833e-9,0.9936578529497553,0.0683471762062029,6.878341071155295e-5,0.9936578529497553,0.00012164574399405237,1.224221633562669e-7,0.9936578529497553,19.026348226482398,0.01914778630290206,0.9936578529497553
-1.2269423760309204,-106.03857416155296,2982.616414014232,2.996385132334971,0.9954048903219561,9.424344981439989e-5,9.484494721764058e-8,0.9936580975488295,0.00583426372935134,5.871500210931092e-6,0.9936580975488295,2.8848552241039825e-6,2.903267463144905e-9,0.9936580975488295,0.08195009608641991,8.247313264851927e-5,0.9936580975488295,0.00012656357468911317,1.2737135137460467e-7,0.9936580975488295,19.011716234759113,0.01913305621084103,0.9936580975488295
-1.2213725009126464,-105.95887354319578,2981.9481139055547,2.995753305223465,0.9953917462783605,9.079895909101762e-5,9.137845017164545e-8,0.9936583397995992,0.006090149044390093,6.129017188763648e-6,0.9936583397995992,3.1256249454106843e-6,3.1455731011537222e-9,0.9936583397995992,0.09531384214462654,9.592214781174123e-5,0.9936583397995992,0.00013075901922992672,1.3159354074993037e-7,0.9936583397995992,18.9973660320225,0.019118609758615707,0.9936583397995992
-1.2167309383140847,-105.88283349402518,2981.373204831454,2.995208506971823,0.995380855086327,8.806953497190132e-5,8.863158588241465e-8,0.9936585709832724,0.006313005611826695,6.353294578418095e-6,0.9936585709832724,3.340418812742335e-6,3.3617370294877364e-9,0.9936585709832724,0.10808472157368708,0.00010877450739113749,0.9936585709832724,0.00013431505074260777,1.3517223588148256e-7,0.9936585709832724,18.983675005439444,0.019104826909160755,0.9936585709832724
-1.21286296948195,-105.81192763568495,2980.88126497519,2.994741456383779,0.9953718237081721,8.589109392429278e-5,8.643922359152957e-8,0.9936587853932262,0.006505843470260871,6.547361695882634e-6,0.9936587853932262,3.5297708621537797e-6,3.5522967381171233e-9,0.9936587853932262,0.12001168062279573,0.00012077755703161506,0.9936587853932262,0.00013731441012613271,1.3819070705623814e-7,0.9936587853932262,18.97090846600102,0.019091974775318425,0.9936587853932262
-1.2096396621218377,-105.74705352142725,2980.4621822227055,2.9943429703008553,0.9953643292649422,8.414152453124501e-5,8.467847242847179e-8,0.9936589798820432,0.006671773448401947,6.714349272216057e-6,0.9936589798820432,3.69506844896714e-6,3.718648473750803e-9,0.9936589798820432,0.13093954377361025,0.0001317751325400934,0.9936589798820432,0.00013983507364487814,1.4072742910397478e-7,0.9936589798820432,18.959228000132505,0.01908021603385816,0.9936589798820432
-1.2069535726550775,-105.68862660067613,2980.1064802990045,2.9940043302821353,0.9953581062516963,8.27287743773705e-5,8.325669230276323e-8,0.9936591532669475,0.006813860961445474,6.857342318080498e-6,0.9936591532669475,3.838209989167455e-6,3.862702795569495e-9,0.9936591532669475,0.14079404367848275,0.0001416924940665829,0.9936591532669475,0.00014194783181152335,1.4285364487895875e-7,0.9936591532669475,18.948708391260336,0.019069625966772277,0.9936591532669475
-1.2047151647661107,-105.63669043036904,2979.8054985071603,2.9937174950756393,0.9953529360765125,8.158264913927016e-5,8.210324068554962e-8,0.9936593057480727,0.006935026376450593,6.979279856116865e-6,0.9936593057480727,3.961346147906455e-6,3.986624112501186e-9,0.9936593057480727,0.14956383668376455,0.00015051822673885793,0.9936593057480727,0.00014371532016566296,1.4463238992912908e-7,0.9936593057480727,18.939357465344052,0.01906021244483352,0.9936593057480727
-1.2028498248586383,-105.59102300392226,2979.5514683312617,2.9934752035529244,0.9953486385305157,8.064906543565263e-5,8.116368880289363e-8,0.9936594384159799,0.00703798222918656,7.082891740459893e-6,0.9936594384159799,4.0666957254088035e-6,4.092645395581041e-9,0.9936594384159799,0.1572829089613434,0.0001582865344811422,0.9936594384159799,0.00014519196762361733,1.4611844059476946e-7,0.9936594384159799,18.93113523669955,0.019051935205162643,0.9936594384159799
-1.2012953749357447,-105.55122856860109,2979.3375208046614,2.993271003220986,0.9953450648466741,7.988596050671682e-5,8.039570522501178e-8,0.9936595528720311,0.00712519878141527,7.17066399736298e-6,0.9936595528720311,4.156422623391648e-6,4.182944360951496e-9,0.9936595528720311,0.16401522632403812,0.00016506179188835403,0.9936595528720311,0.00014642447144307875,1.4735879207305935e-7,0.9936595528720311,18.923970439677195,0.019044722495728198,0.9936595528720311
-1.2,-105.51681098578901,2979.1576500204883,2.993099230708919,0.9953420920544861,7.926034112512637e-5,7.976608595193735e-8,0.993659650955975,0.007198890574994352,7.244825296134828e-6,0.993659650955975,4.232559683940626e-6,4.259566824383568e-9,0.993659650955975,0.16984236169982342,0.00017092609278883606,0.993659650955975,0.00014745253428498565,1.4839340023832634e-7,0.993659650955975,18.917773737349084,0.019038484373546584,0.993659650955975
-1.1987046250642552,-105.48121192362,2978.9763299312026,2.992925986683376,0.9953391240497625,7.864406288458072e-5,7.914586735237593e-8,0.9936597514869469,0.007273522671369034,7.319932864830928e-6,0.9936597514869469,4.3099536453000425e-6,4.337454182732549e-9,0.9936597514869469,0.17587387728574486,0.0001769960763959304,0.9936597514869469,0.0001484811596527275,1.4942857394649946e-7,0.9936597514869469,18.911364333704135,0.019032032147225965,0.9936597514869469
-1.1974092501285103,-105.44439263698926,2978.7935493103173,2.9927512599061874,0.995336160815347,7.80371057270911e-5,7.853502924348634e-8,0.9936598544472237,0.007349115338358043,7.396007099880653e-6,0.9936598544472237,4.388619730854955e-6,4.416621755637254e-9,0.9936598544472237,0.1821167805259712,0.0001832787947614965,0.9936598544472237,0.00014951002961678203,1.504639932343397e-7,0.9936598544472237,18.90473525472892,0.019025358798706513,0.9936598544472237
-1.1948185002570209,-105.36693261623739,2978.423561084471,2.992397312776068,0.9953302485495706,7.685108508832556e-5,7.734142449554522e-8,0.9936600675457187,0.007503266758480135,7.5511404790702305e-6,0.9936600675457187,4.549828727871215e-6,4.578858380722717e-9,0.9936600675457187,0.1952659365444156,0.00019651180813445672,0.9936600675457187,0.00015156716698539884,1.5253422366037184e-7,0.9936600675457187,18.890789132387948,0.01901131961461134,0.9936600675457187
-1.189637000514042,-105.19553377463528,2977.665553291717,2.991671122798146,0.9953184795615738,7.459025250874233e-5,7.506613266740817e-8,0.9936605211730527,0.007824063798127282,7.873980732263256e-6,0.9936605211730527,4.888170446581012e-6,4.919356603611812e-9,0.9936605211730527,0.2244356154240503,0.000225867497643054,0.9936605211730527,0.00015566892566394068,1.5666208161331377e-7,0.9936605211730527,18.859930300871298,0.018980255227013004,0.9936605211730527
-1.1792740010280842,-104.77619059611551,2976.074731604834,2.99014292489323,0.9952951435293355,7.051235590460156e-5,7.096214821431657e-8,0.9936615178509454,0.008521325612507057,8.575682422457768e-6,0.9936615178509454,5.631722746489737e-6,5.667647025991124e-9,0.9936615178509454,0.29622919815578364,0.0002981188189681103,0.9936615178509454,0.00016372960521295206,1.6477402241264255e-7,0.9936615178509454,18.78443306399117,0.018904257361820203,0.9936615178509454
-1.1689110015421262,-104.23122022100992,2974.378759471957,2.988508433848977,0.9952719978244056,6.702952801002811e-5,6.745703326038298e-8,0.9936625548190846,0.009305747248364365,9.365098043831042e-6,0.9936625548190846,6.469766340850603e-6,6.511029634228844e-9,0.9936625548190846,0.390427789705054,0.0003929178852635127,0.9936625548190846,0.0001713878584573996,1.7248094700378847e-7,0.9936625548190846,18.686322030367485,0.01880550086117484,0.9936625548190846
-1.1585480020561683,-103.52675853812276,2972.5705750235134,2.9867611154136178,0.9952488532421049,6.41545479797028e-5,6.456365928041649e-8,0.9936634430998278,0.010196636711306299,1.0261660305723756e-5,0.9936634430998278,7.406929883547053e-6,7.454163615439478e-9,0.9936634430998278,0.5136746857650047,0.0005169503712067212,0.9936634430998278,0.00017833433054830337,1.794715623148744e-7,0.9936634430998278,18.559504026753025,0.0186778573325138,0.9936634430998278
-1.1447306694082244,-102.26784836687416,2969.971268383286,2.984243897155422,0.9952173383731334,6.130907991729105e-5,6.170002732558359e-8,0.9936637401110122,0.011593205370104501,1.1667131346474721e-5,0.9936637401110122,8.812444626885773e-6,8.868638626082145e-9,0.9936637401110122,0.7379904012951823,0.000742696318185802,0.9936637401110122,0.00018584869501160842,1.8703378971124113e-7,0.9936637401110122,18.33289116815484,0.018449793856930605,0.9936637401110122
-1.1270350199720038,-99.94632587711651,2966.294355668676,2.9806814102086587,0.9951732330430526,5.945288740051288e-5,5.983222410301406e-8,0.993659993286426,0.013844193567959405,1.3932525875547418e-5,0.993659993286426,1.0852446203216323e-5,1.0921689789807274e-8,0.993659993286426,1.1648494608563635,0.0011722817349259947,0.993659993286426,0.0001911261600949835,1.92345632697613e-7,0.993659993286426,17.915059862418094,0.018029366164945333,0.993659993286426
-1.11228864544182,-97.20968340186025,2962.8916382022967,2.9773957390922954,0.9951285948657868,5.963722377618629e-5,6.001842076378897e-8,0.9936486668134281,0.01625371501622356,1.635760763243235e-5,0.9936486668134281,1.2702360521565097e-5,1.278355312678153e-8,0.9936486668134281,1.688996054788332,0.001699792000129021,0.9936486668134281,0.0001905426982419541,1.9176063392004855e-7,0.9936486668134281,17.422613907561388,0.017533978044206176,0.9936486668134281
-1.1,-94.23263891300425,2959.786273416041,2.974418506723736,0.9950806407119177,6.118316221117358e-5,6.157550544415878e-8,0.9936282580198874,0.018740884610729078,1.886106243402951e-5,0.9936282580198874,1.4276552774164272e-5,1.4368102616782189e-8,0.9936282580198874,2.283557537525112,0.002298201081836993,0.9936282580198874,0.0001860507419792215,1.8724381123176318e-7,0.9936282580198874,16.887031200604767,0.016995321000891635,0.9936282580198874
-1.0877113545581802,-90.51663961233949,2956.4007189117956,2.971207427243855,0.9950166022754614,6.420835944156655e-5,6.4622487557303e-8,0.9935915788545091,0.021755378140021108,2.1895694974692144e-5,0.9935915788545091,1.579276244650291e-5,1.589462187744189e-8,0.9935915788545091,3.059356537042806,0.003079088633752184,0.9935915788545091,0.00017787179376799295,1.7901902306082104e-7,0.9935915788545091,16.218686927181842,0.016323293466194655,0.9935915788545091
-1.0754227091163604,-85.9838437705668,2952.695933264957,2.967746074756152,0.9949287637445763,6.898796988506998e-5,6.94371642308671e-8,0.9935309232343703,0.02537515548308403,2.554037814995933e-5,0.9935309232343703,1.714500443072325e-5,1.7256638952825834e-8,0.9935309232343703,4.053396704574638,0.004079789173928366,0.9935309232343703,0.00016635016637922057,1.6743330528422734e-7,0.9935309232343703,15.403707149878406,0.015504003740248684,0.9935309232343703
-1.0631340636745406,-80.59532101205582,2948.628423542697,2.964017045652937,0.9948081870403515,7.589942460700328e-5,7.640081542928664e-8,0.9934373629461138,0.029656179067080266,2.985208748252896e-5,0.9934373629461138,1.8213728189716032e-5,1.8334047891758208e-8,0.9934373629461138,5.2993447190368315,0.005334352136023174,0.9934373629461138,0.00015214810826806843,1.531531971143723e-7,0.9934373629461138,14.435257149301261,0.014530616310315138,0.9934373629461138
-1.0508454182327207,-74.37056312414444,2944.153770285312,2.960002037242483,0.9946458594427403,8.546543853887013e-5,8.604175540485783e-8,0.9933018932113145,0.0346180625916248,3.485150167156701e-5,0.9933018932113145,1.888226556400692e-5,1.9009593853648197e-8,0.9933018932113145,6.8205990893984385,0.0068665922576143,0.9933018932113145,0.00013612726542386937,1.3704520886774323e-7,0.9933018932113145,13.317036965970562,0.013406837394537718,0.9933018932113145
-1.038104160388061,-67.13568144605549,2939.0420256700104,2.9555168256682434,0.9944257465039104,9.896834078820728e-5,9.965501733379114e-8,0.9931094633872385,0.040452454163280756,4.073312726807369e-5,0.9931094633872385,1.9055035867197002e-5,1.9187246290258098e-8,0.9931094633872385,8.693281764712086,0.008753598757443677,0.9931094633872385,0.00011857922706509224,1.1940197071594634e-7,0.9931094633872385,12.018059110040713,0.012101444556826832,0.9931094633872385
-1.0274864455175112,-60.63994871503306,2934.392393524424,2.9515129877785538,0.9941993837313196,0.00011381395841877941,1.1462711871126061e-7,0.9929060391500417,0.04579262149769006,4.611979350723857e-5,0.9929060391500417,1.875752908196206e-5,1.8891544962319983e-8,0.9929060391500417,10.466215447553664,0.010540992838066598,0.9929060391500417,0.00010391028315916655,1.0465268521089565e-7,0.9929060391500417,10.852432275466333,0.010929969047983986,0.9929060391500417
-1.018638349792053,-55.02644319747052,2930.2407444519813,2.9479818112180283,0.9939819619311977,0.00012936718109078651,1.303175037939676e-7,0.9927076357702221,0.050521715931360324,5.0892845094478934e-5,0.9927076357702221,1.8207071205957197e-5,1.8340819139394138e-8,0.9927076357702221,12.065836560277075,0.012154471392693008,0.9927076357702221,9.202086536910858e-5,9.26968445223164e-8,0.9927076357702221,9.845604678708298,0.009917929835473956,0.9927076357702221
-1.0112649366875046,-50.294982513083724,2926.5899803977127,2.94489832372934,0.9937830304075007,0.00014506183170001242,1.4615441197959036e-7,0.9925244796597007,0.05462144669716062,5.503284585573975e-5,0.9925244796597007,1.7555108857463656e-5,1.768733085906621e-8,0.9925244796597007,13.46161212269522,0.013563002624691635,0.9925244796597007,8.251630592218665e-5,8.313780426904774e-8,0.9925244796597007,8.997329810948914,0.009065096121391142,0.9925244796597007
-1.0051204257670476,-46.36826295954764,2923.418101295921,2.9422276826072755,0.9936070272798581,0.00016042335891411894,1.6165817397286617e-7,0.9923615674456739,0.05812835205711963,5.857577919582403e-5,0.9923615674456739,1.6893474429256524e-5,1.70235073419259e-8,0.9923615674456739,14.652490366888328,0.014765273915840626,0.9923615674456739,7.495340176697684e-5,7.553033513773204e-8,0.9923615674456739,8.293575530078108,0.008357413066112249,0.9923615674456739
-1.0,-43.13840397503449,2920.6876804459243,2.9399300849140637,0.9934548088177744,0.00017508243159066554,1.7645521490516321e-7,0.9922202168111863,0.06110327373197007,6.15823712283799e-5,0.9922202168111863,1.627136297931875e-5,1.6398943201955632e-8,0.9922202168111863,15.653905260818185,0.015776644131609174,0.9922202168111863,6.893384333150349e-5,6.947433862317805e-8,0.9922202168111863,7.714879316926795,0.007775370009815968,0.9922202168111863
-0.9948795742329525,-39.97125941664359,2917.8807643199325,2.9375654803573634,0.9932989694462789,0.0001916919159973965,1.9322316995150757e-7,0.9920752052950206,0.06411897288262237,6.463116156960585e-5,0.9920752052950206,1.559507550057896e-5,1.5719650503654448e-8,0.9920752052950206,16.65492113597042,0.016787962290638666,0.9920752052950206,6.319218403096323e-5,6.369696943708144e-8,0.9920752052950206,7.147564542466929,0.007204659993837268,0.9920752052950206
-0.989759148465905,-36.888118300792804,2915.000240518298,2.93513246904365,0.9931409472186747,0.0002105428954605712,2.1225623444833858e-7,0.9919279686072806,0.06717032007072272,6.771693328199365e-5,0.9919279686072806,1.4874537690041912e-5,1.4995582502756273e-8,0.9919279686072806,17.64741554756953,0.017791025261993002,0.9919279686072806,5.7742366004164304e-5,5.821225717149365e-8,0.9919279686072806,6.595434579342269,0.006649106374732642,0.9919279686072806
-0.9846387226988574,-33.90839521921427,2912.0491157131137,2.932629647995653,0.9929822259361644,0.00023198045813574376,2.3390314473456883e-7,0.9917799882468151,0.07025366270873493,7.083593492637759e-5,0.9917799882468151,1.4119696571046474e-5,1.4236722598129935e-8,0.9917799882468151,18.62346565207527,0.01877781954947111,0.9917799882468151,5.2593436656131306e-5,5.30293384413831e-8,0.9917799882468151,6.061953772343866,0.006112196096091509,0.9917799882468151
-0.9769580840482862,-29.669329506939707,2907.496482623098,2.9287414323590273,0.992746048011887,0.00026991020786701917,2.722076861119987e-7,0.9915598333103856,0.07493445278134665,7.557229555293018e-5,0.9915598333103856,1.2944052951100942e-5,1.3054232852380071e-8,0.9915598333103856,20.040520873634424,0.020211105977062292,0.9915598333103856,4.544305851280165e-5,4.582987025713527e-8,0.9915598333103856,5.303222414998051,0.0053483634944074985,0.9915598333103856
-0.9654371260724294,-23.91424027566089,2900.401229622516,2.922598045159493,0.9924051083337512,0.0003435193039349483,3.4655417702476513e-7,0.9912427167495952,0.08208225947377809,8.280742757226581e-5,0.9912427167495952,1.1140467817855948e-5,1.1238889960661592e-8,0.9912427167495952,22.018028748198727,0.022212550343268606,0.9912427167495952,3.5997174377209207e-5,3.6315196842251004e-8,0.9912427167495952,4.273555153340756,0.004311310520751427,0.9912427167495952
-0.9481556891086441,-16.78874668383049,2889.1944787338466,2.912649416345475,0.9919472156587051,0.0005110564124306087,5.157913491302686e-7,0.9908200540632486,0.09314520941256219,9.400819960252469e-5,0.9908200540632486,8.497409156522872e-6,8.576137636370894e-9,0.9908200540632486,24.553930618201527,0.024781422739183007,0.9908200540632486,2.454461182568191e-5,2.4772017608068228e-8,0.9908200540632486,2.999357886446743,0.0030271469316216324,0.9908200540632486
-0.9291050868239058,-11.00310585107893,2876.046770418121,2.900596508943084,0.9915363138412147,0.0008425572840342809,8.506836352912958e-7,0.9904472697958598,0.1059675452109283,0.00010698958787858456,0.9904472697958598,5.863413631941317e-6,5.919965464844807e-9,0.9904472697958598,26.697557429138918,0.026955051766301023,0.9904472697958598,1.5248676072623573e-5,1.5395747494731814e-8,0.9904472697958598,1.9652927707694714,0.001984247754223742,0.9904472697958598
-0.9132295849199572,-7.6051277532744495,2864.3669612335916,2.8896196957948654,0.9912608795551806,0.0013498275797770157,1.3631826230850615e-6,0.9902030417041104,0.11722910143939526,0.00011838895307536867,0.9902030417041104,4.0487189754933075e-6,4.0887765488233415e-9,0.9902030417041104,28.028419242797703,0.028305729292208207,0.9902030417041104,9.821584217565665e-6,9.918757874812226e-9,0.9902030417041104,1.358204056380052,0.0013716419756120144,0.9902030417041104
-0.9,-5.546614375613234,2854.0579424655416,2.8797816697571474,0.9910674730790355,0.0020650337815184814,2.0858183995808985e-6,0.9900352695773548,0.1270705152660058,0.00012834948326664373,0.9900352695773548,2.8685689489797325e-6,2.897441169145744e-9,0.9900352695773548,28.890838035842325,0.02918162506288872,0.9900352695773548,6.654160352706658e-6,6.721134647604336e-9,0.9900352695773548,0.990507455231962,0.0010004769382153515,0.9900352695773548
-0.8867704150800428,-4.023564582763157,2843.174679700314,2.8692804703393433,0.9909016246724944,0.0032228456014486945,3.2557457991664392e-6,0.9898947277375991,0.13742466298484787,0.00013882755320753293,0.9898947277375991,1.987754095360426e-6,2.008045946363843e-9,0.9898947277375991,29.574610381839896,0.02987652075835636,0.9898947277375991,4.457611292312715e-6,4.503116510682474e-9,0.9898947277375991,0.7184920232001696,0.0007258266996151001,0.9898947277375991
-0.8735408301600855,-2.904898376305036,2831.6741674803725,2.8580824427832447,0.9907601422171869,0.005052421839128179,5.104599885138788e-6,0.9897782299916362,0.14840733397651446,0.0001499399860287577,0.9897782299916362,1.3692653901079749e-6,1.383406250630048e-9,0.9897782299916362,30.11242918583363,0.03042341028867455,0.9897782299916362,2.988922626757958e-6,3.0197902279414804e-9,0.9897782299916362,0.518715953064612,0.0005240729057750597,0.9897782299916362
-0.8603112452401283,-2.0876319497664615,2819.5151133713493,2.8461534602790777,0.9906405795472757,0.0078008880155139345,7.882206099307895e-6,0.9896833344917103,0.16014067929698853,0.00016181001914034946,0.9896833344917103,9.569531702477055e-7,9.669286496970119e-10,0.9896833344917103,30.529685783537687,0.030847933596070277,0.9896833344917103,2.0318198636986246e-6,2.052999977757677e-9,0.9896833344917103,0.37277294725601984,0.00037665881021172457,0.9896833344917103
-0.8451979635867095,-1.423353293423628,2804.764836004857,2.8315871059796183,0.9905274784172738,0.012260115611167853,1.238898547947117e-5,0.9895980289494358,0.17460663362525705,0.00017644197797222845,0.9895980289494358,6.639123985763727e-7,6.708909872033463e-10,0.9895980289494358,30.88629277699552,0.03121094815617673,0.9895980289494358,1.3472217815708616e-6,1.361382846529193e-9,0.9895980289494358,0.25415398524886423,0.00025682547641962854,0.9895980289494358
-0.8326035622088606,-1.0296188287231638,2791.7274990734622,2.8186475672396907,0.9904492961521291,0.01695728231336777,1.7136483655470942e-5,0.9895427004917685,0.18762382237169375,0.00018960659532777234,0.9895427004917685,5.158134364604937e-7,5.21264454989312e-10,0.9895427004917685,31.105516779061897,0.031434233978587814,0.9895427004917685,9.872673316164753e-7,9.97700585458149e-10,0.9895427004917685,0.1838472523607502,0.00018579011524149942,0.9895427004917685
-0.8221082277273197,-0.7833964067945571,2780.316035776457,2.807284868916238,0.9903932680867571,0.021284982417127927,2.1510726641188635e-5,0.9895055044942809,0.19919301330794992,0.00020130561417114502,0.9895055044942809,4.3629074836773614e-7,4.409179599164704e-10,0.9895055044942809,31.24560810359968,0.03157699271169671,0.9895055044942809,7.809897846916835e-7,7.892728045922633e-10,0.9895055044942809,0.13988143298952477,0.0001413649872124923,0.9895055044942809
-0.8133621156593691,-0.6221537838941243,2770.4098605959493,2.7973996702309925,0.9903518221145661,0.02493444766308516,2.5199556955522145e-5,0.9894796050222269,0.20936276014424338,0.0002115887574454255,0.9894796050222269,3.9145682137277374e-7,3.956188883387651e-10,0.9894796050222269,31.33858121995286,0.031671780864294716,0.9894796050222269,6.541795358906229e-7,6.611349365568054e-10,0.9894796050222269,0.11108996750616223,0.00011227110386339576,0.9894796050222269
-0.8060736889360769,-0.5123308905206333,2761.8698054449887,2.788865006839267,0.9903203628257099,0.027849953724633888,2.814659065733121e-5,0.9894609995111412,0.21822008135790757,0.00022054439888557776,0.9894609995111412,3.6530705026569637e-7,3.6919802846820853e-10,0.9894609995111412,31.402452037216644,0.03173692753199117,0.9894609995111412,5.717748141449611e-7,5.778649329558774e-10,0.9894609995111412,0.09148011142831128,9.245448933662719e-5,0.9894609995111412
-0.8,-0.4350062651774102,2754.5498765948923,2.781541972128283,0.9902959956010523,0.03010951757511746,3.0430643841794954e-5,0.9894472733358194,0.22587565390334288,0.00022828467973015523,0.9894472733358194,3.4974627403090336e-7,3.534764140101876e-10,0.9894472733358194,31.447682646554608,0.031783080810897577,0.9894472733358194,5.158280030583679e-7,5.213294502488314e-10,0.9894472733358194,0.07767316263511215,7.850156822732462e-5,0.9894472733358194
-0.7939263110639232,-0.3686609011308944,2747.041006578889,2.774023651507776,0.9902731020644974,0.0321604754190261,3.25038803154649e-5,0.9894349569003484,0.23378788453923843,0.00023628423769424646,0.9894349569003484,3.3890921552021685e-7,3.4252803901525214e-10,0.9894349569003484,31.486659045320835,0.03182286902815789,0.9894349569003484,4.6932741066032445e-7,4.743388207453368e-10,0.9894349569003484,0.065826685402846,6.652957321122401e-5,0.9894349569003484
-0.7878526221278462,-0.3117496418557444,2739.3393321952153,2.7663066526932933,0.9902515071957685,0.03396556004867406,3.432862385776731e-5,0.989423875230259,0.241963608992424,0.0002445500003081229,0.989423875230259,3.321148453491093e-7,3.3566487899012893e-10,0.989423875230259,31.52021454717318,0.031857139630714675,0.989423875230259,4.30692402986238e-7,4.352961493738032e-10,0.989423875230259,0.055664765366677055,5.6259775774788875e-5,0.989423875230259
-0.7817789331917693,-0.26294256330060406,2731.44105999819,2.7583876026735785,0.9902310528624512,0.03550110913329821,3.588094952181395e-5,0.9894138702130829,0.2504098466375838,0.0002530890804913164,0.9894138702130829,3.28834080982162e-7,3.323524066944234e-10,0.9894138702130829,31.54907945804036,0.031886635520124516,0.9894138702130829,3.9864745853289636e-7,4.0291274514581295e-10,0.9894138702130829,0.04694992410868624,4.745225989057033e-5,0.9894138702130829
-0.7757052442556923,-0.2210979613944925,2723.342466453545,2.7502631515203784,0.9902115966423244,0.03675638773338638,3.71499994287631e-5,0.9894047994231737,0.2591338355836219,0.0002619088119793818,0.9894047994231737,3.2865982684692785e-7,3.321793335129743e-10,0.9894047994231737,31.573890082456945,0.03191200416741927,0.9894047994231737,3.7216003130090763e-7,3.7614536690935616e-10,0.9894047994231737,0.039478294567554154,3.990105424045864e-5,0.9894047994231737
-0.7676069923409231,-0.174467269629218,2712.2264272277926,2.7391052981874617,0.9901869888034404,0.03799629856897059,3.840360957937905e-5,0.9893939394012805,0.27121085255381666,0.0002741181664382709,0.9893939394012805,3.327380453092214e-7,3.3630491562397655e-10,0.9893939394012805,31.601606195595995,0.031940367670656354,0.9893939394012805,3.4406308144036256e-7,3.477513533674646e-10,0.9893939394012805,0.03115209164658038,3.148603443582006e-5,0.9893939394012805
-0.7568093231212308,-0.12558933016227572,2696.8263874629833,2.723637508037297,0.9901561347663939,0.03892310929200968,3.934086049318922e-5,0.9893812388457577,0.28813447783667734,0.0002912269472310025,0.9893812388457577,3.450620700956987e-7,3.487655279356809e-10,0.9893812388457577,31.630733116958776,0.03197021721764216,0.9893812388457577,3.1702648768276646e-7,3.2042904720188467e-10,0.9893812388457577,0.02242464492224031,2.2665322569085284e-5,0.9893812388457577
-0.744471785716187,-0.08424933642035008,2678.397792621295,2.7051161855666477,0.9901230146461321,0.039094930471125056,3.951503004497555e-5,0.9893686130727386,0.3086751447062745,0.0003119920529393028,0.9893686130727386,3.6801029022751376e-7,3.719647918530215e-10,0.9893686130727386,31.655426789610953,0.031995584225475764,0.9893686130727386,2.976302350903193e-7,3.008284588349251e-10,0.9893686130727386,0.015043156296976064,1.5204804456304384e-5,0.9893686130727386
-0.7341905045453171,-0.05892329531844971,2662.3433431007675,2.6889729671766007,0.9900967304614466,0.03864843132271594,3.906410445466862e-5,0.9893592048824505,0.3268240257324315,0.000330339096376288,0.9893592048824505,3.941283575366032e-7,3.9836730238278935e-10,0.9893592048824505,31.6705808663531,0.03201120554603421,0.9893592048824505,2.8893490580056703e-7,2.9204246988827127e-10,0.9893592048824505,0.010521054982450524,1.0634211447702221e-5,0.9893592048824505
-0.7256227702362589,-0.04283209148446997,2648.4684880551076,2.6750166341156625,0.9900755211306074,0.03795391894974358,3.836240499375058e-5,0.989351917741509,0.3426997118127538,0.00034638808058821795,0.989351917741509,4.2081965036697065e-7,4.2534879937122586e-10,0.989351917741509,31.680219309555593,0.03202118350553678,0.989351917741509,2.8600892164636487e-7,2.8908714534992323e-10,0.989351917741509,0.007647886030784487,7.730197812971414e-6,0.989351917741509
-0.718482991645377,-0.03229715611982631,2636.554927872556,2.6630301801572314,0.9900582229664735,0.03719877185106502,3.7599350704285474e-5,0.9893461231186953,0.3564728796788831,0.00036031159505146794,0.9893461231186953,4.4660642592692494e-7,4.5141575379008585e-10,0.9893461231186953,31.686533827892422,0.03202775357122502,0.9893461231186953,2.8619517287731545e-7,2.892770954366793e-10,0.9893461231186953,0.005766818976051089,5.828919567473985e-6,0.9893461231186953
-0.7125331761529754,-0.025213953668553602,2626.379375142943,2.6527905172960704,0.9900440151678287,0.036472585965052054,3.686551956846796e-5,0.9893414331870154,0.36834086147175654,0.00037230914335125093,0.9893414331870154,4.706543138368836e-7,4.757248590314682e-10,0.9893414331870154,31.690781279709302,0.032032198608747425,0.9893414331870154,2.8799197870041996e-7,2.910946302660113e-10,0.9893414331870154,0.004502077076027571,4.55057973416195e-6,0.9893414331870154
-0.7075749965759741,-0.020332433538529083,2617.725729998549,2.6440811626290497,0.9900322906108165,0.035813949076241705,3.619992745147531e-5,0.9893375925752615,0.3785096759094972,0.00038258899565741806,0.9893375925752615,4.925354539699577e-7,4.978436659703591e-10,0.9893375925752615,31.693709357230155,0.03203528259219477,0.9893375925752615,2.905342749717146e-7,2.936654557070345e-10,0.9893375925752615,0.0036304569809045262,3.6695835760717315e-6,0.9893375925752615
-0.7034431802618064,-0.016889313885184963,2610.392339705577,2.6366997889127015,0.9900225845514354,0.03523541142192373,3.5615268801258525e-5,0.9893344233493089,0.387181936279827,0.00039135597341195805,0.9893344233493089,5.120874636980191e-7,5.176080520521968e-10,0.9893344233493089,31.695775064677008,0.03203747319068674,0.9893344233493089,2.93326018111682e-7,2.964882361200486e-10,0.9893344233493089,0.0030156706625305155,3.048181273548751e-6,0.9893344233493089
-0.7,-0.0144077767075404,2604.195782369225,2.6304621775823622,0.9900145322609131,0.03473673440044627,3.5111309029464856e-5,0.9893317953852347,0.39454922663215686,0.00039880374660204243,0.9893317953852347,5.293189524453682e-7,5.3502672704384e-10,0.9893317953852347,31.69726408566896,0.03203906336935871,0.9893317953852347,2.9609026631566267e-7,2.992830794449181e-10,0.9893317953852347,0.002572579779506772,2.6003205309954056e-6,0.9893317953852347
-0.6965568197381935,-0.012243577581343198,2597.9210714024684,2.624145452785521,0.9900065061731942,0.03422602392369912,3.459518315003606e-5,0.9893291726557443,0.4020463892406005,0.0004063828302579531,0.9893291726557443,5.474218805505697e-7,5.533263302860831e-10,0.9893291726557443,31.698562839437198,0.03204046106751904,0.9893291726557443,2.9922917984499186e-7,3.0245664245576056e-10,0.9893291726557443,0.0021861512291977397,2.2097308859590784e-6,0.9893291726557443
-0.693113639476387,-0.010365311611737163,2591.5677310163496,2.617749148197167,0.9899985003533098,0.03370592252793614,3.4069562325199014e-5,0.9893265491997849,0.4096755536618601,0.0004140953803304131,0.9893265491997849,5.664137765828924e-7,5.725245896221376e-10,0.9893265491997849,31.699690114135482,0.03204168546752912,0.9893265491997849,3.0272125846912974e-7,3.059871977700238e-10,0.9893265491997849,0.0018507774971326181,1.8707447997121035e-6,0.9893265491997849
-0.6862272789527742,-0.007348900866603353,2578.623309657506,2.60471598134116,0.9899825271274995,0.03264713703771749,3.299952985593959e-5,0.9893212776133332,0.42533860056529615,0.0004299297004825319,0.9893212776133332,6.071355556374698e-7,6.13688969777483e-10,0.9893212776133332,31.701500683662715,0.03204368631405596,0.9893212776133332,3.106813868916623e-7,3.1403487817542845e-10,0.9893212776133332,0.0013121824059974382,1.32634608765616e-6,0.9893212776133332
-0.6793409184291613,-0.005140689357196486,2565.358920417843,2.591359138942445,0.9899665707721188,0.031577493587109075,3.191851293912192e-5,0.9893159386007967,0.4415562016207367,0.0004463247627903739,0.9893159386007967,6.516303865731958e-7,6.586676319950993e-10,0.9893159386007967,31.702826309224974,0.03204519918486578,0.9893159386007967,3.1981081511033636e-7,3.232645938795338e-10,0.9893159386007967,0.0009178953355876589,9.278080942331233e-7,0.9893159386007967
-0.6690113776437421,-0.0029419530381581687,2544.854969125359,2.570709652778518,0.9899425889558494,0.02998188798926786,3.0305927320573864e-5,0.9893077242653446,0.4669631098835915,0.0004720099706391721,0.9893077242653446,7.257943586036759e-7,7.33638625072545e-10,0.9893077242653446,31.704146388642904,0.032046799606448295,0.9893077242653446,3.353867764574499e-7,3.3901158176694367e-10,0.9893077242653446,0.0005253001418290923,5.30977499664402e-7,0.9893077242653446
-0.6586818368583227,-0.0016472921283147124,2523.6127114644364,2.5493137152748244,0.9899184617191701,0.02842522454282159,2.8732688049626272e-5,0.9892991736006864,0.49372527392687254,0.0004990656892291677,0.9892991736006864,8.094120450144649e-7,8.181671092158115e-10,0.9892991736006864,31.704923744580803,0.032047862356122774,0.9892991736006864,3.5287295618684995e-7,3.566898321591857e-10,0.9892991736006864,0.0002941320793346182,2.973135803440381e-7,0.9892991736006864
-0.644909115811097,-0.0007411878360719839,2494.1246107939787,2.5196080930864393,0.9898859341012658,0.026442795385148557,2.672914156608638e-5,0.9892871164519127,0.5316374223416416,0.0005373944666825987,0.9892871164519127,9.369040780242951e-7,9.47049711295655e-10,0.9892871164519127,31.70546782781276,0.032048802921364944,0.9892871164519127,3.786800585677538e-7,3.827807441037879e-10,0.9892871164519127,0.00013234271626540598,1.337758412745274e-7,0.9892871164519127
-0.6271428721935202,-0.0002571087324882814,2454.0903845186544,2.4792719098945457,0.9898431772346574,0.02406997913219997,2.433104493313272e-5,0.9892702593887679,0.5845736892422699,0.0005909140436542139,0.9892702593887679,1.1317482364134187e-6,1.1440233097805674e-9,0.9892702593887679,31.70575850983918,0.03204964286445743,0.9892702593887679,4.156413205393608e-7,4.201494147778885e-10,0.9892702593887679,4.590802209479559e-5,4.64059458566564e-8,0.9892702593887679
-0.6123376691788728,-0.00010483161366858669,2418.9886413530526,2.443899993205511,0.9898067220746688,0.022254770395299096,2.2496496394350733e-5,0.9892549490901018,0.6324340039403499,0.0006393033509936451,0.9892549490901018,1.3242749305107768e-6,1.338658888417814e-9,0.9892549490901018,31.70584995131278,0.03205023131850412,0.9892549490901018,4.494216440555507e-7,4.5430315458004057e-10,0.9892549490901018,1.8718197371427818e-5,1.892150995923191e-8,0.9892549490901018
-0.6,-4.933761800499679e-5,2388.5180348822355,2.41319124621849,0.9897756916800864,0.02084973117531177,2.1076488194776498e-5,0.9892412332942199,0.6751228789944276,0.0006824653646373359,0.9892412332942199,1.5089274239762899e-6,1.5253381816197557e-9,0.9892412332942199,31.705883275284474,0.032050709380261465,0.9892412332942199,4.796616708630784e-7,4.848783640627094e-10,0.9892412332942199,8.809472975215737e-6,8.905282835693955e-9,0.9892412332942199
-0.5876623308211272,-2.3142048679207786e-5,2356.9338279073645,2.3813570037328784,0.989744009072462,0.019536518438236224,1.9749285676310387e-5,0.9892265856314296,0.7205387393177589,0.0007283859429008719,0.9892265856314296,1.718684312005604e-6,1.7374020643698702e-9,0.9892265856314296,31.70589900567328,0.03205119986280515,0.9892265856314296,5.118811132838167e-7,5.174558798953828e-10,0.9892265856314296,4.132125959395051e-6,4.177127889013909e-9,0.9892265856314296
-0.5753246616422544,-1.0832293233133873e-5,2324.2341858465966,2.348395379456552,0.9897116159308972,0.018309096496247384,1.8508788808389626e-5,0.9892109465287255,0.7688605282580423,0.0007772462799325842,0.9892109465287255,1.9568907658546e-6,1.9782340386765767e-9,0.9892109465287255,31.705906397664695,0.03205171405444409,0.9892109465287255,5.46185974737392e-7,5.521430759071482e-10,0.9892109465287255,1.934158910797803e-6,1.9552542534886284e-9,0.9892109465287255
-0.5629869924633816,-5.064036521800228e-6,2290.4204175099685,2.3143076587978415,0.9896784504008937,0.017161548959641386,1.7349018061110702e-5,0.9891942529076303,0.820281031007956,0.0008292416060817458,0.9891942529076303,2.2273686808200803e-6,2.2516999813464034e-9,0.9891942529076303,31.705909861496465,0.032052258460156184,0.9891942529076303,5.827025662736443e-7,5.890678848576532e-10,0.9891942529076303,9.042084814218892e-7,9.140858620681079e-10,0.9891942529076303
-0.5506493232845088,-2.365737524000443e-6,2255.4971411365286,2.2790984683856497,0.989644446005074,0.01608826530721014,1.62643030139522e-5,0.9891764370971786,0.8750081914819927,0.0008845825260959287,0.9891764370971786,2.534479712646162e-6,2.5622119751293365e-9,0.9891764370971786,31.70591148182258,0.03205283738345632,0.9891764370971786,6.215732896423231e-7,6.283745410135143e-10,0.9891764370971786,4.2241400323825115e-7,4.2703605483958e-10,0.9891764370971786
-0.5343449211541751,-8.648646062873355e-7,2207.6578317983485,2.2308630483504026,0.9895980990096129,0.01477497363786532,1.4937024717433484e-5,0.9891510469699478,0.9527870362533489,0.0009632371508598286,0.9891510469699478,3.0050731121823744e-6,3.038032585000816e-9,0.9891510469699478,31.70591238309522,0.03205366104622695,0.9891510469699478,6.76821026301312e-7,6.842443612374553e-10,0.9891510469699478,1.544258011510574e-7,1.5611953464954391e-10,0.9891510469699478
-0.520757919378897,-3.7386830882884705e-7,2166.3428405090526,2.1892022055586726,0.9895581299015792,0.013764641287725862,1.3915933078176181e-5,0.9891281605336559,1.0227230730099317,0.001033964165430444,0.9891281605336559,3.4624146218382247e-6,3.5004711825919277e-9,0.9891281605336559,31.705912677937786,0.03205440300156025,0.9891281605336559,7.264995301241802e-7,7.344847302014108e-10,0.9891281605336559,6.675601827767072e-8,6.748975607130062e-11,0.9891281605336559
-0.5094354178994986,-1.8587594181155043e-7,2130.9245283552964,2.1534848715918464,0.9895237976666753,0.012976540860756784,1.3119440457749649e-5,0.9891077978932817,1.0848361920482554,0.0010967825694619608,0.9891077978932817,3.895750579565569e-6,3.938651164072508e-9,0.9891077978932817,31.70591279082703,0.03205506301573804,0.9891077978932817,7.706215978944054e-7,7.7910779748756e-10,0.9891077978932817,3.318905329826891e-8,3.355453608692487e-11,0.9891077978932817
-0.5,-1.0383756915916377e-7,2100.734606699732,2.12303835721968,0.9894944194276561,0.012354757913301614,1.2491036676532589e-5,0.9890898756636423,1.1394333605289615,0.0011520018438814213,0.9890898756636423,4.297744641403814e-6,4.345150776637147e-9,0.9890898756636423,31.70591284009098,0.03205564390072996,0.9890898756636423,8.094048893605068e-7,8.183330041847072e-10,0.9890898756636423,1.854069539096694e-8,1.8745207940306566e-11,0.9890898756636423
-0.49056458210050136,-5.801495114092779e-8,2069.942846666244,2.0919833678376727,0.9894642942624298,0.011762958465984106,1.1892935915955966e-5,0.989071037556212,1.1967588401922966,0.0012099826956304756,0.989071037556212,4.7410659592107715e-6,4.793453431742331e-9,0.989071037556212,31.705912867607548,0.03205625446878542,0.989071037556212,8.501263380887796e-7,8.595199998872319e-10,0.989071037556212,1.0358844173520511e-8,1.047330654743976e-11,0.989071037556212
-0.4811291642010027,-3.241825361198284e-8,2038.5614919519605,2.0603322539212705,0.9894333732203263,0.0111995547105004,1.1323533426170175e-5,0.9890512341860321,1.2569629388885957,0.001270877478782026,0.9890512341860321,5.230071594068468e-6,5.287968320845082e-9,0.9890512341860321,31.70591288297815,0.03205689633365802,0.9890512341860321,8.928926821459044e-7,9.027769758365812e-10,0.9890512341860321,5.788431891789302e-9,5.8525096493641775e-12,0.9890512341860321
-0.47169374630150407,-1.811800511461033e-8,2006.6042090656897,2.028098803390298,0.9894016039609725,0.010663051963110569,1.07813185774478e-5,0.9890304127934202,1.320206037387901,0.0013348487774598433,0.9890304127934202,5.7696053210611625e-6,5.833597477316671e-9,0.9890304127934202,31.705912891565085,0.03205757121463517,0.9890304127934202,9.378178292349382e-7,9.48219404685608e-10,0.9890304127934202,3.2350664911930512e-9,3.270947434321985e-12,0.9890304127934202
-0.4622583284020054,-1.0127825732810007e-8,1974.0861039004249,1.995298258389814,0.9893689304843541,0.010152042914598444,1.0264869048503347e-5,0.9890085169745685,1.3866594050999004,0.001402070236302684,0.9890085169745685,6.365056651411211e-6,6.435795589387106e-9,0.9890085169745685,31.705912896363287,0.03205828094721916,0.9890085169745685,9.850234301931288e-7,9.959706244051058e-10,0.9890085169745685,1.8083610216521698e-9,1.8284584921311355e-12,0.9890085169745685
-0.44967777120267394,-4.664934636056476e-9,1929.8850687761465,1.9507111436935916,0.9893238550542076,0.009508074831638373,9.614045199551897e-6,0.9889775463174997,1.4805758453979436,0.0014970773107144154,0.9889775463174997,7.256446296169447e-6,7.337321583476931e-9,0.9889775463174997,31.705912899644115,0.03205928488235394,0.9889775463174997,1.0517376270445214e-6,1.0634595607966143e-9,0.9889775463174997,8.329558954008368e-10,8.422394406246975e-13,0.9889775463174997
-0.4336861190718579,-1.7424300178304012e-9,1872.3715509974902,1.892691795215259,0.9892638387987212,0.0087469446740622,8.844812345221928e-6,0.9889350200614944,1.6094106608966803,0.0016274180085124332,0.9889350200614944,8.574255307650038e-6,8.670190794858158e-9,0.9889350200614944,31.705912901398875,0.032060663499839784,0.9889350200614944,1.1432563477813638e-6,1.1560479956613059e-9,0.9889350200614944,3.111113511936702e-10,3.1459230877911936e-13,0.9889350200614944
-0.42035974229617784,-7.672696430781224e-10,1823.3748370276276,1.8432612945293898,0.9892112650763171,0.00815812142813186,8.249721011455183e-6,0.9888966447233634,1.7255720153628045,0.0017449467793932306,0.9888966447233634,9.856638764636205e-6,9.967309341405975e-9,0.9888966447233634,31.70591290198469,0.032061907653508304,0.9888966447233634,1.2257723910692527e-6,1.2395353929147506e-9,0.9888966447233634,1.3699825820643678e-10,1.3853647793977603e-13,0.9888966447233634
-0.4092544283164445,-3.875749574457309e-10,1781.8511101551694,1.8013680289901863,0.9891655017070788,0.007696737902390224,7.78342619209177e-6,0.9888624511157278,1.829012007790683,0.0018496121535679906,0.9888624511157278,1.1073777052438583e-5,1.1198500903683928e-8,0.9888624511157278,31.705912902212475,0.03206301631378446,0.9888624511157278,1.2992517260608509e-6,1.313885186554422e-9,0.9888624511157278,6.919020078459087e-11,6.996948939311426e-14,0.9888624511157278
-0.4,-2.1939387634543385e-10,1746.7974563533862,1.7660011303384935,0.9891258993806948,0.007331389648052773,7.414189029111408e-6,0.9888323077907067,1.9201579406496496,0.0019418438551423874,0.9888323077907067,1.220496581531751e-5,1.2342806479074686e-8,0.9888323077907067,31.705912902313447,0.032063993715124674,0.9888323077907067,1.3639978888917831e-6,1.3794026329290231e-9,0.9888323077907067,3.916864229697089e-11,3.961100581804737e-14,0.9888323077907067
-0.39074557168355556,-1.2421471106020196e-10,1711.360450885721,1.7302463177042084,0.9890848680761557,0.006982534158711269,7.0616202854500405e-6,0.9888005693393451,2.0160912544395697,0.002038926065532705,0.9888005693393451,1.3454979284072436e-5,1.3607374127082283e-8,0.9888005693393451,31.705912902370724,0.032065022903005246,0.9888005693393451,1.4321448021730777e-6,1.4483656731002367e-9,0.9888005693393451,2.217917925000878e-11,2.2430386811799193e-14,0.9888005693393451
-0.3814911433671111,-7.036601989520307e-11,1675.5660465201431,1.6941297945933673,0.9890423106113425,0.006649371964795423,6.724911970589058e-6,0.9887671383470885,2.1171061157579194,0.002141157441070567,0.9887671383470885,1.4837062133910398e-5,1.5005618166794415e-8,0.9887671383470885,31.705912902403167,0.03206610704660513,0.9887671383470885,1.5039014291380883e-6,1.5209864596148942e-9,0.9887671383470885,1.256231726773214e-11,1.2705031124651282e-14,0.9887671383470885
-0.37223671505066663,-3.990904439986635e-11,1639.441458271852,1.6576790401307173,0.9889981224245755,0.0063311477227512404,6.403300690980194e-6,0.9887319100396785,2.223518810472675,0.002248859157770526,0.9887319100396785,1.636606522296784e-5,1.6552581196970833e-8,0.9887319100396785,31.705912902421655,0.03206724955518961,0.9887319100396785,1.579492445645699e-6,1.5974931420816717e-9,0.9887319100396785,7.117307553919038e-12,7.198419998029007e-15,0.9887319100396785
-0.36298228673422217,-2.262591334286323e-11,1603.0151309382288,1.620922776295963,0.9889521909250631,0.006027147610779923,6.096065017940072e-6,0.9886947716342702,2.335669700322952,0.0023623769107853068,0.9886947716342702,1.805865976122359e-5,1.8265151469723458e-8,0.9886947716342702,31.70591290243166,0.032068454099360856,0.9886947716342702,1.6591596300474548e-6,1.6781312874800934e-9,0.9886947716342702,4.0335534409747865e-12,4.079675099634132e-15,0.9886947716342702
-0.3506430489789629,-1.0661283453876363e-11,1554.028713463942,1.5714910814451306,0.9888880260363104,0.005642779673712314,5.707606259597451e-6,0.9886420711351401,2.4947679810660706,0.0025234289070883106,0.9886420711351401,2.0602645263269724e-5,2.0839336970167735e-8,0.9886420711351401,31.70591290243905,0.032070163538594834,0.9886420711351401,1.772176228426158e-6,1.7925357216402684e-9,0.9886420711351401,1.89258125588407e-12,1.9143240118347824e-15,0.9886420711351401
-0.3341907319719506,-3.959077113600643e-12,1488.088590913254,1.5049488847334458,0.9887967664608236,0.005165190984020549,5.224934794904912e-6,0.9885656351266582,2.72544153699548,0.0027569656886224734,0.9885656351266582,2.458874725356297e-5,2.487315599475859e-8,0.9885656351266582,31.705912902443192,0.03207264320732829,0.9885656351266582,1.93603683404092e-6,1.958430239983882e-9,0.9885656351266582,6.906481531291606e-13,6.98636619146358e-16,0.9885656351266582
-0.3155412418054321,-1.2607974440935818e-12,1412.6929779056452,1.4288613395804748,0.9886844431807661,0.0046683031254146625,4.7227590138803605e-6,0.9884694755108931,3.0155338409357157,0.0030507101287848355,0.9884694755108931,3.0101703597800524e-5,3.0452840824692516e-8,0.9884694755108931,31.70591290244458,0.03207576327641002,0.9884694755108931,2.1421059711072703e-6,2.1670936980629744e-9,0.9884694755108931,2.205710020479012e-13,2.2314396904760107e-16,0.9884694755108931
-0.3,-4.91138080997437e-13,1349.5312630264782,1.3651172778557183,0.9885826550714221,0.004287376224005944,4.337778443621694e-6,0.9883806376303376,3.283459467734965,0.0033220596830054513,0.9883806376303376,3.568830986603935e-5,3.610786017783876e-8,0.9883806376303376,31.705912902445114,0.03207864631834621,0.9883806376303376,2.332428850980898e-6,2.3598487892002248e-9,0.9883806376303376,8.529771275918197e-14,8.630046918329455e-17,0.9883806376303376
-0.2844587581945679,-1.9826278730968497e-13,1286.2495403483103,1.301249806566374,0.9884724161783777,0.003934187280412718,3.980831170405905e-6,0.9882828766163345,3.5782297717622726,0.0036206534145500455,0.9882828766163345,4.238372387412912e-5,4.288622708838361e-8,0.9882828766163345,31.70591290244538,0.03208181954037242,0.9882828766163345,2.541821038786121e-6,2.571956976011527e-9,0.9882828766163345,3.302082489813964e-14,3.34123211880345e-17,0.9882828766163345
-0.2689175163891358,-1.1664986340496963e-13,1223.0243314978165,1.2374372152599544,0.9883526343119476,0.0036066968186958368,3.6498559993290076e-6,0.9881751004310567,3.903135406749955,0.003949841890417345,0.9881751004310567,5.043010796181627e-5,5.1033574859170104e-8,0.9881751004310567,31.705912902445114,0.032085318572198915,0.9881751004310567,2.772620073869325e-6,2.8057983576593528e-9,0.9881751004310567,1.2797498825618975e-14,1.2950638829127058e-17,0.9881751004310567
-0.2533762745837037,-7.611072771424318e-14,1160.036740405983,1.1738624286109134,0.9882220540772474,0.00330304225462009,3.342970513694619e-6,0.9880560540659987,4.261957604319291,0.004313477546927319,0.9880560540659987,6.012857512830941e-5,6.085542908306802e-8,0.9880560540659987,31.705912902445338,0.03208918438581572,0.9880560540659987,3.0275119810801754e-6,3.0641095397589138e-9,0.9880560540659987,4.96563582654878e-15,5.0256620625059125e-18,0.9880560540659987
-0.23619404610370373,-6.9724108186477006e-15,1090.897237581848,1.1040761896654825,0.9880633671779232,0.002993022601486551,3.0296524002620255e-6,0.9879095704932002,4.703414550720127,0.004760976805166502,0.9879095704932002,7.323002437471743e-5,7.412624248407508e-8,0.9879095704932002,31.705912902445142,0.032093942451247234,0.9879095704932002,3.341104071486019e-6,3.381993829473703e-9,0.9879095704932002,1.7459851581289867e-15,1.76735321762024e-18,0.9879095704932002
-0.2218755223703704,1.0064680114632557e-14,1033.856887180189,1.0465006456792516,0.9879180595336796,0.0027538246943534595,2.7879096971998527e-6,0.9877739932248781,5.111954324228339,0.0051752266806892365,0.9877739932248781,8.65040799418524e-5,8.757476966915726e-8,0.9877739932248781,31.70591290244542,0.03209834751665425,0.9877739932248781,3.6313132133577052e-6,3.6762591830366147e-9,0.9877739932248781,7.316316334933491e-16,7.406872812116897e-19,0.9877739932248781
-0.20994341925925927,-1.0941381757401165e-14,986.8361804675561,0.9990376984458486,0.9877867291722087,0.0025669306940325322,2.599027468703698e-6,0.9876504673160785,5.484147307597212,0.005552720814784079,0.9876504673160785,9.95590824189766e-5,1.008039642704028e-7,0.9876504673160785,31.705912902445345,0.032102362072085645,0.9876504673160785,3.895703153623916e-6,3.944414833529533e-9,0.9876504673160785,3.547218423421773e-16,3.591572667465315e-19,0.9876504673160785
-0.2,-2.9912328186264366e-14,948.0736132451995,0.9599098683139234,0.987669409952505,0.002419360140184841,2.449887102821666e-6,0.9875394410617266,5.81865668556119,0.005892075236311997,0.9875394410617266,0.00011207484038453576,1.1348897646461745e-7,0.9875394410617266,31.70591290244538,0.03210597124946991,0.9875394410617266,4.133324276026425e-6,4.185477667183188e-9,0.9875394410617266,1.9416097973609226e-16,1.96610860956951e-19,0.9875394410617266
-0.19005658074074075,8.403677778312701e-16,909.7457515799736,0.9212202447760479,0.9875442455144222,0.0022788741385034407,2.307906731721331e-6,0.9874203784672717,6.177360046620235,0.006256058899867019,0.9874203784672717,0.00012631894552900721,1.279282342998495e-7,0.9874203784672717,31.70591290244546,0.03210984256944456,0.9874203784672717,4.388131766874972e-6,4.444036058569575e-9,0.9874203784672717,1.0634001264053698e-16,1.0769477211479452e-19,0.9874203784672717
-0.1801131614814815,2.3271311745839744e-14,871.9004572023789,0.8830171794539883,0.9874105255138033,0.0021451658241173023,2.1727762266141863e-6,0.9872925696817343,6.5623952685615805,0.006646859776000389,0.9872925696817343,0.00014255663411809715,1.443914787731584e-7,0.9872925696817343,31.705912902445306,0.03211399931092978,0.9872925696817343,4.6616442829037485e-6,4.721644248175073e-9,0.9872925696817343,5.827736769333343e-17,5.9027454964155e-20,0.9872925696817343
-0.17016974222222223,-5.2940576152495853e-14,834.5848663104873,0.8453482920725857,0.9872674661284179,0.002017944567301823,2.0442018671902685e-6,0.9871552314329229,6.976121288252506,0.007066893904949672,0.9871552314329229,0.00016109820720367016,1.6319440152267152e-7,0.9871552314329229,31.705912902445515,0.0321184671801032,0.9871552314329229,4.955537511740463e-6,5.020018487413741e-9,0.9871552314329229,3.195798548593849e-17,3.2373819707716387e-20,0.9871552314329229
-0.15525461333333335,3.470624346649734e-14,779.7055008610969,0.7899484084320902,0.9870334474230744,0.0018386773717012942,1.8630281946484147e-6,0.9869294393841872,7.656278513637429,0.007757675683901683,0.9869294393841872,0.00019404305737506978,1.9661289817856332e-7,0.9869294393841872,31.705912902445217,0.03212581531890335,0.9869294393841872,5.438692047764966e-6,5.510720250840362e-9,0.9869294393841872,1.2993723396146784e-17,1.3165807886179236e-20,0.9869294393841872
-0.13746773333333334,-4.3085958053272564e-14,716.1633632248338,0.7258022537851126,0.9867196739745415,0.001641963808628207,1.6642229191806712e-6,0.9866249224812846,8.573530050110715,0.00868975621307939,0.9866249224812846,0.00024332235475045175,2.466209287907658e-7,0.9866249224812846,31.70591290244545,0.03213573079292134,0.9866249224812846,6.090268218659522e-6,6.172830302464865e-9,0.9866249224812846,4.4515016905973726e-18,4.511848007449673e-21,0.9866249224812846
-0.12264533333333334,-4.070101193797336e-14,664.958977043071,0.6741101291261256,0.986424841153303,0.00149129796229232,1.5119552840206162e-6,0.9863373461195466,9.439713866992298,0.009570471912201306,0.9863373461195466,0.0002949716805892234,2.9905760108314106e-7,0.9863373461195466,31.70591290244526,0.032145100281544464,0.9863373461195466,6.705568070720376e-6,6.79845298071847e-9,0.9863373461195466,1.8262974775870763e-18,1.8515951816811006e-21,0.9863373461195466
-0.11029333333333334,4.673540646972701e-15,623.6043425106445,0.632360948814509,0.9861525188734684,0.0013743914993273037,1.3938061660785617e-6,0.9860707555872845,10.24266088764272,0.010387348807989331,0.9860707555872845,0.0003472867793435442,3.521925555298585e-7,0.9860707555872845,31.705912902445338,0.03215379091489425,0.9860707555872845,7.275947213564983e-6,7.3787273097168065e-9,0.9860707555872845,8.702984622900699e-19,8.825923062404757e-22,0.9860707555872845
-0.1,-3.9671692100308714e-14,590.1109372253386,0.598547597458173,0.9859047797223446,0.0012826719118972877,1.3011118210764842e-6,0.9858275754009058,10.975079382260535,0.011132858986823643,0.9858275754009058,0.00039872916407034776,4.0446136222979647e-7,0.9858275754009058,31.705912902445327,0.03216172248940339,0.9858275754009058,7.796225914923482e-6,7.908305782330135e-9,0.9858275754009058,4.696805124895503e-19,4.764327192800888e-22,0.9858275754009058
-0.08970666666666667,2.7899998725388428e-14,557.5391562232504,0.5656643383265999,0.9856360361563782,0.0011959074141872366,1.2134254008626492e-6,0.9855631943562754,11.771334375442649,0.011943764177528102,0.9855631943562754,0.00045868448960321875,4.6540342844561114e-7,0.9855631943562754,31.705912902445448,0.03217034999278184,0.9855631943562754,8.361851328327532e-6,8.484338068031356e-9,0.9855631943562754,2.536859619544785e-19,2.574020249611437e-22,0.9855631943562754
-0.07941333333333334,-1.509826721563834e-14,525.9244165088139,0.5337469624428968,0.9853440928295311,0.0011138938188890546,1.1305405555596316e-6,0.9852754183928089,12.638032293337497,0.01282690307442439,0.9852754183928089,0.0005287149411152944,5.36616392985567e-7,0.9852754183928089,31.70591290244508,0.03217974620148758,0.9852754183928089,8.977516375709872e-6,9.111682082106633e-9,0.9852754183928089,1.3713757963550024e-19,1.3918705072252837e-22,0.9852754183928089
-0.06912,-5.2460893315066686e-14,495.29911649394506,0.5028282124756479,0.9850265044902041,0.001036436096968767,1.052260192373862e-6,0.9849618036301492,13.582531615446962,0.013789906943992694,0.9849618036301492,0.0006106946440051345,6.200186055483314e-7,0.9849618036301492,31.705912902445476,0.032189992328221256,0.9849618036301492,9.648448205466195e-6,9.795758749127255e-9,0.9849618036301492,7.419737054417189e-20,7.533020089785413e-23,0.9849618036301492
-0.053680000000000005,-8.970464123366217e-14,451.27924210156806,0.4583860613128052,0.984495996255027,0.0009283856686034631,9.430626510777373e-7,0.9844368956214083,15.163338395394824,0.015403057791554263,0.9844368956214083,0.0007611185664682556,7.731511992831324e-7,0.9844368956214083,31.70591290244539,0.03220715623669468,0.9844368956214083,1.0771385576127695e-5,1.094167195890037e-8,0.9844368956214083,2.9576347332077025e-20,3.004392405813628e-23,0.9844368956214083
-0.0364,-5.246318787545537e-14,404.8329692790372,0.4114936366425998,0.9838134377534792,0.0008183826768300252,8.318925298982736e-7,0.9837600981103888,17.201520087153146,0.01748548260921937,0.9837600981103888,0.0009794816761724856,9.9565094991541e-7,0.9837600981103888,31.70591290244527,0.03222931379646943,0.9837600981103888,1.2219222477452714e-5,1.242093728026117e-8,0.9837600981103888,1.0590539086705847e-20,1.0765367600340982e-23,0.9837600981103888
-0.022,1.9158900853744973e-14,368.46510244305716,0.37477601104557884,0.9831608523050475,0.0007349794659526138,7.476050877429207e-7,0.9831119102888604,19.153495718720016,0.019482518234462533,0.9831119102888604,0.0012143916147713551,1.2352526727242472e-6,0.9831119102888604,31.705912902445537,0.03225056330884001,0.9831119102888604,1.3605822289087511e-5,1.3839545779777824e-8,0.9831119102888604,4.508748519666727e-21,4.586200688324441e-24,0.9831119102888604
-0.01,-2.3319457608604044e-14,339.8099286686845,0.3458450012847697,0.9825497763632098,0.0006708816999445845,6.828283119154106e-7,0.9825042228590164,20.983470044917883,0.021357129625211684,0.9825042228590164,0.0014575292546549006,1.483483959400801e-6,0.9825042228590164,31.705912902445238,0.03227051056348981,0.9825042228590164,1.4905757603324222e-5,1.5171189351176063e-8,0.9825042228590164,2.216028443421825e-21,2.2554899936952357e-24,0.9825042228590164
